Time,Model_1,Model_2,Model_3
0.0,0.09250000000000004,75.00000000000001,0.0007300000000000002
0.01668335,0.09250000000000004,75.00000000000001,0.0007300000000000002
0.0333667,0.09250000000000004,75.00000000000001,0.0007300000000000002
0.05005005,0.09250000000000004,75.00000000000001,0.0007300000000000002
0.0667334,0.09250000000000004,75.00000000000001,0.0007300000000000002
0.08341675,0.09250000000000004,75.00000000000001,0.0007300000000000002
0.1001001,0.09250000000000004,75.00000000000001,0.0007300000000000002
0.11678345,0.09250000000000004,75.00000000000001,0.0007300000000000002
0.1334668,0.09250000000000004,75.00000000000001,0.0007300000000000002
0.15015014999999998,0.09250000000000004,75.00000000000001,0.0007300000000000002
0.16683349999999997,0.09250000000000004,75.00000000000001,0.0007300000000000002
0.18351684999999995,0.09250000000000004,75.00000000000001,0.0007300000000000002
0.20020019999999994,0.09250000000000004,75.00000000000001,0.0007300000000000002
0.21688354999999993,0.09250000000000004,75.00000000000001,0.0007300000000000002
0.2335668999999999,0.09250000000000004,75.00000000000001,0.0007300000000000002
0.2502502499999999,0.09250000000000004,75.00000000000001,0.0007300000000000002
0.2669335999999999,0.09250000000000004,75.00000000000001,0.0007300000000000002
0.28361694999999987,0.09250000000000004,75.00000000000001,0.0007300000000000002
0.30030029999999985,0.09250000000000004,75.00000000000001,0.0007300000000000002
0.31698364999999984,0.09250000000000004,75.00000000000001,0.0007300000000000002
0.3336669999999998,0.09250000000000004,75.00000000000001,0.0007300000000000002
0.3503503499999998,0.09250000000000004,75.00000000000001,0.0007300000000000002
0.3670336999999998,0.09250000000000004,75.00000000000001,0.0007300000000000002
0.3837170499999998,0.09250000000000004,75.00000000000001,0.0007300000000000002
0.40040039999999977,0.09250000000000004,75.00000000000001,0.0007300000000000002
0.41708374999999975,0.09250000000000004,75.00000000000001,0.0007300000000000002
0.43376709999999974,0.09250000000000004,75.00000000000001,0.0007300000000000002
0.4504504499999997,0.09250000000000004,75.00000000000001,0.0007300000000000002
0.4671337999999997,0.09250000000000004,75.00000000000001,0.0007300000000000002
0.4838171499999997,0.09250000000000004,75.00000000000001,0.0007300000000000002
0.5005004999999997,0.09250000000000004,75.00000000000001,0.0007300000000000002
0.5171838499999997,0.09250000000000004,75.00000000000001,0.0007300000000000002
0.5338671999999997,0.09250000000000004,75.00000000000001,0.0007300000000000002
0.5505505499999996,0.09250000000000004,75.00000000000001,0.0007300000000000002
0.5672338999999996,0.09250000000000004,75.00000000000001,0.0007300000000000002
0.5839172499999996,0.09250000000000004,75.00000000000001,0.0007300000000000002
0.6006005999999996,0.09250000000000004,75.00000000000001,0.0007300000000000002
0.6172839499999996,0.09250000000000004,75.00000000000001,0.0007300000000000002
0.6339672999999996,0.09250000000000004,75.00000000000001,0.0007300000000000002
0.6506506499999996,0.09250000000000004,75.00000000000001,0.0007300000000000002
0.6673339999999995,0.09250000000000004,75.00000000000001,0.0007300000000000002
0.6840173499999995,0.09250000000000004,75.00000000000001,0.0007300000000000002
0.7007006999999995,0.09250000000000004,75.00000000000001,0.0007300000000000002
0.7173840499999995,0.09250000000000004,75.00000000000001,0.0007300000000000002
0.7340673999999995,0.09250000000000004,75.00000000000001,0.0007300000000000002
0.7507507499999995,0.09250000000000004,75.00000000000001,0.0007300000000000002
0.7674340999999995,0.09250000000000004,75.00000000000001,0.0007300000000000002
0.7841174499999994,0.09250000000000004,75.00000000000001,0.0007300000000000002
0.8008007999999994,0.09250000000000004,75.00000000000001,0.0007300000000000002
0.8174841499999994,0.09250000000000004,75.00000000000001,0.0007300000000000002
0.8341674999999994,0.09250000000000004,75.00000000000001,0.0007300000000000002
0.8508508499999994,0.09250000000000004,75.00000000000001,0.0007300000000000002
0.8675341999999994,0.09250000000000004,75.00000000000001,0.0007300000000000002
0.8842175499999994,0.09250000000000004,75.00000000000001,0.0007300000000000002
0.9009008999999993,0.09250000000000004,75.00000000000001,0.0007300000000000002
0.9175842499999993,0.09250000000000004,75.00000000000001,0.0007300000000000002
0.9342675999999993,0.09250000000000004,75.00000000000001,0.0007300000000000002
0.9509509499999993,0.09250000000000004,75.00000000000001,0.0007300000000000002
0.9676342999999993,0.09250000000000004,75.00000000000001,0.0007300000000000002
0.9843176499999993,0.09250000000000004,75.00000000000001,0.0007300000000000002
1.0010009999999994,0.09250000000000004,75.00000000000001,0.0007300000000000002
1.0176843499999995,0.09250000000000004,75.00000000000001,0.0007300000000000002
1.0343676999999996,0.09250000000000004,75.00000000000001,0.0007300000000000002
1.0510510499999997,0.09250000000000004,75.00000000000001,0.0007300000000000002
1.0677343999999998,0.09250000000000004,75.00000000000001,0.0007300000000000002
1.0844177499999998,0.09250000000000004,75.00000000000001,0.0007300000000000002
1.1011011,0.09250000000000004,75.00000000000001,0.0007300000000000002
1.11778445,0.09250000000000004,75.00000000000001,0.0007300000000000002
1.1344678000000001,0.09250000000000004,75.00000000000001,0.0007300000000000002
1.1511511500000002,0.09250000000000004,75.00000000000001,0.0007300000000000002
1.1678345000000003,0.09250000000000004,75.00000000000001,0.0007300000000000002
1.1845178500000004,0.09250000000000004,75.00000000000001,0.0007300000000000002
1.2012012000000005,0.09250000000000004,75.00000000000001,0.0007300000000000002
1.2178845500000006,0.09250000000000004,75.00000000000001,0.0007300000000000002
1.2345679000000007,0.09250000000000004,75.00000000000001,0.0007300000000000002
1.2512512500000008,0.09250000000000004,75.00000000000001,0.0007300000000000002
1.267934600000001,0.09250000000000004,75.00000000000001,0.0007300000000000002
1.284617950000001,0.09250000000000004,75.00000000000001,0.0007300000000000002
1.301301300000001,0.09250000000000004,75.00000000000001,0.0007300000000000002
1.3179846500000012,0.09250000000000004,75.00000000000001,0.0007300000000000002
1.3346680000000013,0.09250000000000004,75.00000000000001,0.0007300000000000002
1.3513513500000014,0.09250000000000004,75.00000000000001,0.0007300000000000002
1.3680347000000015,0.09250000000000004,75.00000000000001,0.0007300000000000002
1.3847180500000016,0.09250000000000004,75.00000000000001,0.0007300000000000002
1.4014014000000017,0.09250000000000004,75.00000000000001,0.0007300000000000002
1.4180847500000018,0.09250000000000004,75.00000000000001,0.0007300000000000002
1.4347681000000019,0.09250000000000004,75.00000000000001,0.0007300000000000002
1.451451450000002,0.09250000000000004,75.00000000000001,0.0007300000000000002
1.468134800000002,0.09250000000000004,75.00000000000001,0.0007300000000000002
1.4848181500000022,0.09250000000000004,75.00000000000001,0.0007300000000000002
1.5015015000000023,0.09250000000000004,75.00000000000001,0.0007300000000000002
1.5181848500000024,0.09250000000000004,75.00000000000001,0.0007300000000000002
1.5348682000000025,0.09250000000000004,75.00000000000001,0.0007300000000000002
1.5515515500000026,0.09250000000000004,75.00000000000001,0.0007300000000000002
1.5682349000000027,0.09250000000000004,75.00000000000001,0.0007300000000000002
1.5849182500000027,0.09250000000000004,75.00000000000001,0.0007300000000000002
1.6016016000000028,0.09250000000000004,75.00000000000001,0.0007300000000000002
1.618284950000003,0.09250000000000004,75.00000000000001,0.0007300000000000002
1.634968300000003,0.09250000000000004,75.00000000000001,0.0007300000000000002
1.6516516500000031,0.09250000000000004,75.00000000000001,0.0007300000000000002
1.6683350000000032,0.09250000000000004,75.00000000000001,0.0007300000000000002
1.6850183500000033,0.09250000000000004,75.00000000000001,0.0007300000000000002
1.7017017000000034,0.09250000000000004,75.00000000000001,0.0007300000000000002
1.7183850500000035,0.09250000000000004,75.00000000000001,0.0007300000000000002
1.7350684000000036,0.09250000000000004,75.00000000000001,0.0007300000000000002
1.7517517500000037,0.09250000000000004,75.00000000000001,0.0007300000000000002
1.7684351000000038,0.09250000000000004,75.00000000000001,0.0007300000000000002
1.785118450000004,0.09250000000000004,75.00000000000001,0.0007300000000000002
1.801801800000004,0.09250000000000004,75.00000000000001,0.0007300000000000002
1.818485150000004,0.09250000000000004,75.00000000000001,0.0007300000000000002
1.8351685000000042,0.09250000000000004,75.00000000000001,0.0007300000000000002
1.8518518500000043,0.09252604719391239,74.96874336730514,0.00073000001594417
1.8685352000000044,0.09250666474162264,74.99200231005284,0.0007300000405524886
1.8852185500000045,0.09250000000000004,75.00000000000001,0.0007300000000000002
1.9019019000000046,0.09250000000000004,75.00000000000001,0.0007300000000000002
1.9185852500000047,0.09250000000000004,75.00000000000001,0.0007300000000000002
1.9352686000000048,0.09250000000000004,75.00000000000001,0.0007300000000000002
1.9519519500000049,0.09250000000000004,75.00000000000001,0.0007300000000000002
1.968635300000005,0.09250000000000004,75.00000000000001,0.0007300000000000002
1.985318650000005,0.09250000000000004,75.00000000000001,0.0007300000000000002
2.002002000000005,0.09250000000000004,75.00000000000001,0.0007300000000000002
2.018685350000005,0.09250000000000004,75.00000000000001,0.0007300000000000002
2.035368700000005,0.09250000000000004,75.00000000000001,0.0007300000000000002
2.0520520500000052,0.09255185716975178,74.9354484580137,0.0007300000215884842
2.0687354000000053,0.0926160075596093,74.85672372800822,0.0007300000663450878
2.0854187500000054,0.09257765562537296,74.9068132495525,0.0007300000632854793
2.1021021000000055,0.09250000000000004,75.00000000000001,0.0007300000000000002
2.1187854500000056,0.09250000000000004,75.00000000000001,0.0007300000000000002
2.1354688000000057,0.09250000000000004,75.00000000000001,0.0007300000000000002
2.152152150000006,0.09250000000000004,75.00000000000001,0.0007300000000000002
2.168835500000006,0.09250000000000004,75.00000000000001,0.0007300000000000002
2.185518850000006,0.09250000000000004,75.00000000000001,0.0007300000000000002
2.202202200000006,0.09250000000000004,75.00000000000001,0.0007300000000000002
2.218885550000006,0.09250000000000004,75.00000000000001,0.0007300000000000002
2.2355689000000063,0.09250000000000004,75.00000000000001,0.0007300000000000002
2.2522522500000064,0.09250000000000004,75.00000000000001,0.0007300000000000002
2.2689356000000065,0.09252204081490306,74.97355102211638,0.0007300000107567586
2.2856189500000066,0.09258176115192801,74.9009872248434,0.0007300000601733463
2.3023023000000067,0.09251203408353982,74.98555909975228,0.0007300000607257325
2.318985650000007,0.09250000000000004,75.00000000000001,0.0007300000000000002
2.335669000000007,0.09250000000000004,75.00000000000001,0.0007300000000000002
2.352352350000007,0.09250000000000004,75.00000000000001,0.0007300000000000002
2.369035700000007,0.09250000000000004,75.00000000000001,0.0007300000000000002
2.385719050000007,0.09250000000000004,75.00000000000001,0.0007300000000000002
2.4024024000000073,0.09250000000000004,75.00000000000001,0.0007300000000000002
2.4190857500000074,0.09250000000000004,75.00000000000001,0.0007300000000000002
2.4357691000000075,0.09250000000000004,75.00000000000001,0.0007300000000000002
2.4524524500000076,0.09250000000000004,75.00000000000001,0.0007300000000000002
2.4691358000000077,0.0925213885998135,74.97433368022385,0.0007300000061544992
2.4858191500000077,0.0926034561686474,74.86733923719743,0.000730000038545232
2.502502500000008,0.09268069819340852,74.77224808862574,0.0007300001017173971
2.519185850000008,0.09256934346230197,74.91678784523769,0.0007300000831673484
2.535869200000008,0.09250000000000004,75.00000000000001,0.0007300000000000002
2.552552550000008,0.09250000000000004,75.00000000000001,0.0007300000000000002
2.5692359000000082,0.09250000000000004,75.00000000000001,0.0007300000000000002
2.5859192500000083,0.09250000000000004,75.00000000000001,0.0007300000000000002
2.6026026000000084,0.09250000000000004,75.00000000000001,0.0007300000000000002
2.6192859500000085,0.09250000000000004,75.00000000000001,0.0007300000000000002
2.6359693000000086,0.09250000000000004,75.00000000000001,0.0007300000000000002
2.6526526500000087,0.09250000000000004,75.00000000000001,0.0007300000000000002
2.669336000000009,0.09250000000000004,75.00000000000001,0.0007300000000000002
2.686019350000009,0.09258147803218536,74.8916272380264,0.0007300000188102536
2.702702700000009,0.09273716331254463,74.68118476228692,0.0007300000674662094
2.719386050000009,0.09277954830463891,74.63941120148343,0.0007300001395674754
2.736069400000009,0.0926055862944238,74.87329644669148,0.0007300000985786615
2.7527527500000093,0.09250000000000004,75.00000000000001,0.0007300000000000002
2.7694361000000094,0.09250000000000004,75.00000000000001,0.0007300000000000002
2.7861194500000095,0.09250000000000004,75.00000000000001,0.0007300000000000002
2.8028028000000096,0.09250000000000004,75.00000000000001,0.0007300000000000002
2.8194861500000097,0.09250000000000004,75.00000000000001,0.0007300000000000002
2.83616950000001,0.09250000000000004,75.00000000000001,0.0007300000000000002
2.85285285000001,0.09250000000000004,75.00000000000001,0.0007300000000000002
2.86953620000001,0.09250000000000004,75.00000000000001,0.0007300000000000002
2.88621955000001,0.09250000000000004,75.00000000000001,0.0007300000000000002
2.90290290000001,0.0926525320650403,74.78920116889071,0.0007300000278951944
2.9195862500000103,0.09278198543936945,74.61892780782135,0.0007300000850265836
2.9362696000000104,0.09274600719216598,74.68977449095459,0.0007300001528666572
2.9529529500000105,0.09251664615536628,74.98002461356046,0.0007300000901347145
2.9696363000000106,0.09250000000000004,75.00000000000001,0.0007300000000000002
2.9863196500000107,0.09250000000000004,75.00000000000001,0.0007300000000000002
3.0030030000000107,0.09250000000000004,75.00000000000001,0.0007300000000000002
3.019686350000011,0.09250000000000004,75.00000000000001,0.0007300000000000002
3.036369700000011,0.09250000000000004,75.00000000000001,0.0007300000000000002
3.053053050000011,0.09250000000000004,75.00000000000001,0.0007300000000000002
3.069736400000011,0.09250000000000004,75.00000000000001,0.0007300000000000002
3.0864197500000112,0.09250000000000004,75.00000000000001,0.0007300000000000002
3.1031031000000113,0.09251321058247428,74.98414730103093,0.0007300000047729559
3.1197864500000114,0.09266395473058689,74.7767839964495,0.0007300000373138808
3.1364698000000115,0.09282262979336416,74.56594347984287,0.0007300001076452152
3.1531531500000116,0.09277944340046615,74.64791437485627,0.0007300001843572138
3.1698365000000117,0.09250000000000004,75.00000000000001,0.0007300000000000002
3.186519850000012,0.09250000000000004,75.00000000000001,0.0007300000000000002
3.203203200000012,0.09250000000000004,75.00000000000001,0.0007300000000000002
3.219886550000012,0.09250000000000004,75.00000000000001,0.0007300000000000002
3.236569900000012,0.09250000000000004,75.00000000000001,0.0007300000000000002
3.253253250000012,0.09250000000000004,75.00000000000001,0.0007300000000000002
3.2699366000000123,0.09250000000000004,75.00000000000001,0.0007300000000000002
3.2866199500000124,0.09250000000000004,75.00000000000001,0.0007300000000000002
3.3033033000000125,0.09250000000000004,75.00000000000001,0.0007300000000000002
3.3199866500000126,0.0926088585747428,74.85160192188329,0.0007300000163827151
3.3366700000000127,0.0927319800509077,74.68741826056483,0.0007300000543286576
3.353353350000013,0.09289756851145822,74.4701397604791,0.0007300001377637166
3.370036700000013,0.09276021515853397,74.68541681586498,0.000730000198269373
3.386720050000013,0.09250000000000004,75.00000000000001,0.0007300000000000002
3.403403400000013,0.09250000000000004,75.00000000000001,0.0007300000000000002
3.420086750000013,0.09250000000000004,75.00000000000001,0.0007300000000000002
3.4367701000000133,0.09250000000000004,75.00000000000001,0.0007300000000000002
3.4534534500000134,0.09250000000000004,75.00000000000001,0.0007300000000000002
3.4701368000000135,0.09250000000000004,75.00000000000001,0.0007300000000000002
3.4868201500000136,0.09250000000000004,75.00000000000001,0.0007300000000000002
3.5035035000000136,0.09250000000000004,75.00000000000001,0.0007300000000000002
3.5201868500000137,0.09250000000000004,75.00000000000001,0.0007300000000000002
3.536870200000014,0.0926302680562982,74.82092526387594,0.0007300000219605065
3.553553550000014,0.09277637061071779,74.62528433166597,0.0007300000715424183
3.570236900000014,0.09284201035866244,74.55133175141354,0.0007300001503683807
3.586920250000014,0.0926608419285961,74.80698968568468,0.0007300001093301588
3.6036036000000142,0.09250000000000004,75.00000000000001,0.0007300000000000002
3.6202869500000143,0.09250000000000004,75.00000000000001,0.0007300000000000002
3.6369703000000144,0.09250000000000004,75.00000000000001,0.0007300000000000002
3.6536536500000145,0.09250000000000004,75.00000000000001,0.0007300000000000002
3.6703370000000146,0.09250000000000004,75.00000000000001,0.0007300000000000002
3.6870203500000147,0.09250000000000004,75.00000000000001,0.0007300000000000002
3.703703700000015,0.09250000000000004,75.00000000000001,0.0007300000000000002
3.720387050000015,0.09250000000000004,75.00000000000001,0.0007300000000000002
3.737070400000015,0.09250000000000004,75.00000000000001,0.0007300000000000002
3.753753750000015,0.09268519969107213,74.7370003388139,0.0007300000431409849
3.770437100000015,0.09289941362039603,74.45058268649086,0.0007300000966965487
3.7871204500000153,0.09295970374817783,74.38783438397708,0.0007300001917587612
3.8038038000000154,0.09268565670250162,74.77721195699806,0.0007300001247481989
3.8204871500000155,0.09250000000000004,75.00000000000001,0.0007300000000000002
3.8371705000000156,0.09250000000000004,75.00000000000001,0.0007300000000000002
3.8538538500000157,0.09250000000000004,75.00000000000001,0.0007300000000000002
3.8705372000000158,0.09250000000000004,75.00000000000001,0.0007300000000000002
3.887220550000016,0.09250000000000004,75.00000000000001,0.0007300000000000002
3.903903900000016,0.09250000000000004,75.00000000000001,0.0007300000000000002
3.920587250000016,0.09250000000000004,75.00000000000001,0.0007300000000000002
3.937270600000016,0.09250000000000004,75.00000000000001,0.0007300000000000002
3.9539539500000163,0.09252211379432665,74.9734634468081,0.0007300000048934152
3.9706373000000164,0.09275054523955228,74.64244549577595,0.0007300000613505143
3.9873206500000165,0.09296364560926518,74.36936893417834,0.0007300001252170812
4.004004000000016,0.09293105366748323,74.43890688615102,0.0007300002097647014
4.020687350000016,0.09261844771664982,74.85786274002025,0.0007300001223587337
4.037370700000016,0.09250000000000004,75.00000000000001,0.0007300000000000002
4.054054050000016,0.09250000000000004,75.00000000000001,0.0007300000000000002
4.0707374000000165,0.09250000000000004,75.00000000000001,0.0007300000000000002
4.087420750000017,0.09250000000000004,75.00000000000001,0.0007300000000000002
4.104104100000017,0.09250000000000004,75.00000000000001,0.0007300000000000002
4.120787450000017,0.09250000000000004,75.00000000000001,0.0007300000000000002
4.137470800000017,0.09250000000000004,75.00000000000001,0.0007300000000000002
4.154154150000017,0.09250000000000004,75.00000000000001,0.0007300000000000002
4.170837500000017,0.09260116990974518,74.86290639830308,0.000730000016696724
4.187520850000017,0.09269050100338526,74.74700323828094,0.0007300000514971175
4.204204200000017,0.09285394218045917,74.53153005132137,0.0007300001325724711
4.220887550000017,0.0927449104014905,74.70610751821138,0.0007300001129290749
4.2375709000000175,0.09250000000000004,75.00000000000001,0.0007300000000000002
4.254254250000018,0.09250000000000004,75.00000000000001,0.0007300000000000002
4.270937600000018,0.09250000000000004,75.00000000000001,0.0007300000000000002
4.287620950000018,0.09250000000000004,75.00000000000001,0.0007300000000000002
4.304304300000018,0.09250000000000004,75.00000000000001,0.0007300000000000002
4.320987650000018,0.09250000000000004,75.00000000000001,0.0007300000000000002
4.337671000000018,0.09250000000000004,75.00000000000001,0.0007300000000000002
4.354354350000018,0.09250000000000004,75.00000000000001,0.0007300000000000002
4.371037700000018,0.09250000000000004,75.00000000000001,0.0007300000000000002
4.387721050000018,0.09265327259295161,74.78717688435034,0.0007300000219719377
4.404404400000018,0.09285970393417506,74.50547465692996,0.0007300000776904617
4.4210877500000185,0.09300284176516799,74.32403880034283,0.0007300001755667406
4.437771100000019,0.0928269894819885,74.59508426891915,0.0007300002382444938
4.454454450000019,0.09250000000000004,75.00000000000001,0.0007300000000000002
4.471137800000019,0.09250000000000004,75.00000000000001,0.0007300000000000002
4.487821150000019,0.09250000000000004,75.00000000000001,0.0007300000000000002
4.504504500000019,0.09250000000000004,75.00000000000001,0.0007300000000000002
4.521187850000019,0.09250000000000004,75.00000000000001,0.0007300000000000002
4.537871200000019,0.09250000000000004,75.00000000000001,0.0007300000000000002
4.554554550000019,0.09250000000000004,75.00000000000001,0.0007300000000000002
4.571237900000019,0.09250000000000004,75.00000000000001,0.0007300000000000002
4.5879212500000195,0.09250000000000004,75.00000000000001,0.0007300000000000002
4.60460460000002,0.0927136237234063,74.68737290413642,0.0007300000449707896
4.62128795000002,0.09297635372050288,74.33312030861262,0.000730000146833078
4.63797130000002,0.0930390033264252,74.27707312164021,0.0007300002028857824
4.65465465000002,0.09277658750138071,74.6680949983432,0.0007300001419214351
4.67133800000002,0.09250000000000004,75.00000000000001,0.0007300000000000002
4.68802135000002,0.09250000000000004,75.00000000000001,0.0007300000000000002
4.70470470000002,0.09250000000000004,75.00000000000001,0.0007300000000000002
4.72138805000002,0.09250000000000004,75.00000000000001,0.0007300000000000002
4.73807140000002,0.09250000000000004,75.00000000000001,0.0007300000000000002
4.7547547500000205,0.09250000000000004,75.00000000000001,0.0007300000000000002
4.7714381000000206,0.09250000000000004,75.00000000000001,0.0007300000000000002
4.788121450000021,0.09250000000000004,75.00000000000001,0.0007300000000000002
4.804804800000021,0.09250000000000004,75.00000000000001,0.0007300000000000002
4.821488150000021,0.09268711319926286,74.73664267612673,0.0007300000518259664
4.838171500000021,0.09286669185440427,74.49873462504851,0.0007300001069922247
4.854854850000021,0.09283631798591424,74.56355796941767,0.0007300001864917684
4.871538200000021,0.09255616292932839,74.93260448480598,0.0007300001048005843
4.888221550000021,0.09250000000000004,75.00000000000001,0.0007300000000000002
4.904904900000021,0.09250000000000004,75.00000000000001,0.0007300000000000002
4.921588250000021,0.09250000000000004,75.00000000000001,0.0007300000000000002
4.9382716000000215,0.09250000000000004,75.00000000000001,0.0007300000000000002
4.954954950000022,0.09250000000000004,75.00000000000001,0.0007300000000000002
4.971638300000022,0.09250000000000004,75.00000000000001,0.0007300000000000002
4.988321650000022,0.09250000000000004,75.00000000000001,0.0007300000000000002
5.005005000000022,0.09250000000000004,75.00000000000001,0.0007300000000000002
5.021688350000022,0.09256451004950175,74.91572164314695,0.000730000014572732
5.038371700000022,0.09274673462292449,74.66552171206742,0.0007300000568143955
5.055055050000022,0.09292972219434151,74.42368764459181,0.0007300001434728193
5.071738400000022,0.09284955041459589,74.55918599529183,0.0007300002207855831
5.088421750000022,0.09253414953162405,74.9590205620512,0.0007300001126682738
5.1051051000000225,0.09250000000000004,75.00000000000001,0.0007300000000000002
5.121788450000023,0.09250000000000004,75.00000000000001,0.0007300000000000002
5.138471800000023,0.09250000000000004,75.00000000000001,0.0007300000000000002
5.155155150000023,0.09250000000000004,75.00000000000001,0.0007300000000000002
5.171838500000023,0.09250000000000004,75.00000000000001,0.0007300000000000002
5.188521850000023,0.09250000000000004,75.00000000000001,0.0007300000000000002
5.205205200000023,0.09250000000000004,75.00000000000001,0.0007300000000000002
5.221888550000023,0.09250923078135476,74.98892306237433,0.0007300000029154629
5.238571900000023,0.09267913994377111,74.75268247394477,0.0007300000376611027
5.255255250000023,0.09287613321282939,74.4855058603874,0.0007300000802525341
5.2719386000000235,0.09303530289849912,74.2820091343008,0.0007300001787774795
5.2886219500000236,0.09291760834407993,74.47168737192456,0.0007300002562802167
5.305305300000024,0.09253466837736496,74.95839794716207,0.0007300001187955586
5.321988650000024,0.09250000000000004,75.00000000000001,0.0007300000000000002
5.338672000000024,0.09250000000000004,75.00000000000001,0.0007300000000000002
5.355355350000024,0.09250000000000004,75.00000000000001,0.0007300000000000002
5.372038700000024,0.09250000000000004,75.00000000000001,0.0007300000000000002
5.388722050000024,0.09250000000000004,75.00000000000001,0.0007300000000000002
5.405405400000024,0.09250000000000004,75.00000000000001,0.0007300000000000002
5.422088750000024,0.09250000000000004,75.00000000000001,0.0007300000000000002
5.438772100000024,0.09250000000000004,75.00000000000001,0.0007300000000000002
5.4554554500000245,0.09267376558332155,74.75765456895459,0.000730000042312238
5.472138800000025,0.09286753567617372,74.49597954448416,0.0007300000910500407
5.488822150000025,0.09292484957941871,74.43634605848179,0.0007300001796714079
5.505505500000025,0.0927021885805273,74.7573737033673,0.0007300001251829785
5.522188850000025,0.09250000000000004,75.00000000000001,0.0007300000000000002
5.538872200000025,0.09250000000000004,75.00000000000001,0.0007300000000000002
5.555555550000025,0.09250000000000004,75.00000000000001,0.0007300000000000002
5.572238900000025,0.09250000000000004,75.00000000000001,0.0007300000000000002
5.588922250000025,0.09250000000000004,75.00000000000001,0.0007300000000000002
5.605605600000025,0.09250000000000004,75.00000000000001,0.0007300000000000002
5.6222889500000255,0.09250000000000004,75.00000000000001,0.0007300000000000002
5.638972300000026,0.09250000000000004,75.00000000000001,0.0007300000000000002
5.655655650000026,0.09250000000000004,75.00000000000001,0.0007300000000000002
5.672339000000026,0.09272223398175214,74.67518838057703,0.0007300000534147036
5.689022350000026,0.09291617541492461,74.42822595820036,0.000730000109971872
5.705705700000026,0.09293626256314924,74.42284266881795,0.0007300002023834752
5.722389050000026,0.09263852976560036,74.8337642812796,0.0007300001204764853
5.739072400000026,0.09250000000000004,75.00000000000001,0.0007300000000000002
5.755755750000026,0.09250000000000004,75.00000000000001,0.0007300000000000002
5.772439100000026,0.09250000000000004,75.00000000000001,0.0007300000000000002
5.7891224500000265,0.09250000000000004,75.00000000000001,0.0007300000000000002
5.8058058000000266,0.09250000000000004,75.00000000000001,0.0007300000000000002
5.822489150000027,0.09250000000000004,75.00000000000001,0.0007300000000000002
5.839172500000027,0.09250000000000004,75.00000000000001,0.0007300000000000002
5.855855850000027,0.09250000000000004,75.00000000000001,0.0007300000000000002
5.872539200000027,0.0925813201864685,74.89132850417879,0.0007300000148508852
5.889222550000027,0.0928138959058984,74.56393014560662,0.000730000081331583
5.905905900000027,0.09299500757895764,74.33229196303768,0.0007300001481276709
5.922589250000027,0.09294036145936693,74.43315717847884,0.0007300002320567386
5.939272600000027,0.09260877699231915,74.86946760921708,0.0007300001249623566
5.955955950000027,0.09250000000000004,75.00000000000001,0.0007300000000000002
5.9726393000000275,0.09250000000000004,75.00000000000001,0.0007300000000000002
5.989322650000028,0.09250000000000004,75.00000000000001,0.0007300000000000002
6.006006000000028,0.09250000000000004,75.00000000000001,0.0007300000000000002
6.022689350000028,0.09250000000000004,75.00000000000001,0.0007300000000000002
6.039372700000028,0.09250000000000004,75.00000000000001,0.0007300000000000002
6.056056050000028,0.09250000000000004,75.00000000000001,0.0007300000000000002
6.072739400000028,0.09250000000000004,75.00000000000001,0.0007300000000000002
6.089422750000028,0.09267118546268634,74.76178950464114,0.0007300000229808804
6.106106100000028,0.0927732386650889,74.62968541428057,0.0007300000654037282
6.122789450000028,0.09290486258038697,74.46187882400038,0.0007300001510334789
6.1394728000000285,0.09278440996663936,74.65342028671157,0.0007300002188535167
6.156156150000029,0.09250000000000004,75.00000000000001,0.0007300000000000002
6.172839500000029,0.09250000000000004,75.00000000000001,0.0007300000000000002
6.189522850000029,0.09250000000000004,75.00000000000001,0.0007300000000000002
6.206206200000029,0.09250000000000004,75.00000000000001,0.0007300000000000002
6.222889550000029,0.09250000000000004,75.00000000000001,0.0007300000000000002
6.239572900000029,0.09250000000000004,75.00000000000001,0.0007300000000000002
6.256256250000029,0.09250000000000004,75.00000000000001,0.0007300000000000002
6.272939600000029,0.09250000000000004,75.00000000000001,0.0007300000000000002
6.289622950000029,0.0925033234662447,74.9960118405064,0.0007300000035693611
6.3063063000000295,0.09266997344639909,74.76447149702116,0.0007300000302892576
6.3229896500000295,0.09286856291026904,74.49519264322667,0.0007300000919794767
6.33967300000003,0.09297843986056273,74.36135549665893,0.0007300001893736285
6.35635635000003,0.0927551702045489,74.69379575454131,0.0007300001371875575
6.37303970000003,0.09250000000000004,75.00000000000001,0.0007300000000000002
6.38972305000003,0.09250000000000004,75.00000000000001,0.0007300000000000002
6.40640640000003,0.09250000000000004,75.00000000000001,0.0007300000000000002
6.42308975000003,0.09250000000000004,75.00000000000001,0.0007300000000000002
6.43977310000003,0.09250000000000004,75.00000000000001,0.0007300000000000002
6.45645645000003,0.09250000000000004,75.00000000000001,0.0007300000000000002
6.47313980000003,0.09250000000000004,75.00000000000001,0.0007300000000000002
6.4898231500000305,0.09250000000000004,75.00000000000001,0.0007300000000000002
6.506506500000031,0.09250000000000004,75.00000000000001,0.0007300000000000002
6.523189850000031,0.0927530885579746,74.62197235190311,0.0007300000549545397
6.539873200000031,0.09297803939633835,74.33737034931644,0.0007300001608050047
6.556556550000031,0.09299553690213351,74.340223890601,0.0007300002074381613
6.573239900000031,0.09269955101845596,74.76053877785287,0.0007300001296739014
6.589923250000031,0.09250000000000004,75.00000000000001,0.0007300000000000002
6.606606600000031,0.09250000000000004,75.00000000000001,0.0007300000000000002
6.623289950000031,0.09250000000000004,75.00000000000001,0.0007300000000000002
6.639973300000031,0.09250000000000004,75.00000000000001,0.0007300000000000002
6.6566566500000315,0.09250000000000004,75.00000000000001,0.0007300000000000002
6.673340000000032,0.09250000000000004,75.00000000000001,0.0007300000000000002
6.690023350000032,0.09250000000000004,75.00000000000001,0.0007300000000000002
6.706706700000032,0.09250000000000004,75.00000000000001,0.0007300000000000002
6.723390050000032,0.09253845339229161,74.95385592925008,0.0007300000064586008
6.740073400000032,0.09270924320870144,74.71962152998637,0.0007300000449753332
6.756756750000032,0.09284638678509581,74.54147299732512,0.0007300001170260845
6.773440100000032,0.0927848799958235,74.64894096812614,0.0007300001894186746
6.790123450000032,0.09251616267774589,74.98060478670496,0.0007300001031472615
6.806806800000032,0.09250000000000004,75.00000000000001,0.0007300000000000002
6.8234901500000325,0.09250000000000004,75.00000000000001,0.0007300000000000002
6.8401735000000325,0.09250000000000004,75.00000000000001,0.0007300000000000002
6.856856850000033,0.09250000000000004,75.00000000000001,0.0007300000000000002
6.873540200000033,0.09250000000000004,75.00000000000001,0.0007300000000000002
6.890223550000033,0.09250000000000004,75.00000000000001,0.0007300000000000002
6.906906900000033,0.09250000000000004,75.00000000000001,0.0007300000000000002
6.923590250000033,0.09250000000000004,75.00000000000001,0.0007300000000000002
6.940273600000033,0.09260044658895006,74.86404257796562,0.0007300000184276867
6.956956950000033,0.0927553734242951,74.65447349025992,0.0007300000629107383
6.973640300000033,0.09289420458478079,74.47582590115543,0.0007300001463109768
6.990323650000033,0.09277401416348088,74.66682144204337,0.0007300002109385385
7.0070070000000335,0.09250000000000004,75.00000000000001,0.0007300000000000002
7.023690350000034,0.09250000000000004,75.00000000000001,0.0007300000000000002
7.040373700000034,0.09250000000000004,75.00000000000001,0.0007300000000000002
7.057057050000034,0.09250000000000004,75.00000000000001,0.0007300000000000002
7.073740400000034,0.09250000000000004,75.00000000000001,0.0007300000000000002
7.090423750000034,0.09250000000000004,75.00000000000001,0.0007300000000000002
7.107107100000034,0.09250000000000004,75.00000000000001,0.0007300000000000002
7.123790450000034,0.09250000000000004,75.00000000000001,0.0007300000000000002
7.140473800000034,0.09250000000000004,75.00000000000001,0.0007300000000000002
7.157157150000034,0.09266439300605997,74.77161800578665,0.0007300000251506886
7.1738405000000345,0.09282189991143495,74.5605447702024,0.000730000078663678
7.190523850000035,0.0929436360658869,74.4085552851525,0.0007300001725655218
7.207207200000035,0.09275107469556002,74.698710365328,0.000730000128752725
7.223890550000035,0.09250000000000004,75.00000000000001,0.0007300000000000002
7.240573900000035,0.09250000000000004,75.00000000000001,0.0007300000000000002
7.257257250000035,0.09250000000000004,75.00000000000001,0.0007300000000000002
7.273940600000035,0.09250000000000004,75.00000000000001,0.0007300000000000002
7.290623950000035,0.09250000000000004,75.00000000000001,0.0007300000000000002
7.307307300000035,0.09250000000000004,75.00000000000001,0.0007300000000000002
7.323990650000035,0.09250000000000004,75.00000000000001,0.0007300000000000002
7.3406740000000354,0.09250000000000004,75.00000000000001,0.0007300000000000002
7.3573573500000355,0.09250000000000004,75.00000000000001,0.0007300000000000002
7.374040700000036,0.09266962452983032,74.76453006544054,0.0007300000307329873
7.390724050000036,0.09283867771813367,74.53812205945215,0.0007300000955897779
7.407407400000036,0.09285091034193904,74.54181084336723,0.0007300001768555655
7.424090750000036,0.0926020362469091,74.87755650370909,0.0007300001079540725
7.440774100000036,0.09250000000000004,75.00000000000001,0.0007300000000000002
7.457457450000036,0.09250000000000004,75.00000000000001,0.0007300000000000002
7.474140800000036,0.09250000000000004,75.00000000000001,0.0007300000000000002
7.490824150000036,0.09250000000000004,75.00000000000001,0.0007300000000000002
7.507507500000036,0.09250000000000004,75.00000000000001,0.0007300000000000002
7.5241908500000365,0.09250000000000004,75.00000000000001,0.0007300000000000002
7.540874200000037,0.09250000000000004,75.00000000000001,0.0007300000000000002
7.557557550000037,0.09250000000000004,75.00000000000001,0.0007300000000000002
7.574240900000037,0.09250000000000004,75.00000000000001,0.0007300000000000002
7.590924250000037,0.09266591397095969,74.77038250420073,0.0007300000346292327
7.607607600000037,0.09279866811878365,74.59634399737894,0.0007300001007249644
7.624290950000037,0.09275730031889126,74.6754012588269,0.0007300001730776477
7.640974300000037,0.09250082349396158,74.99901180724612,0.0007300000923597095
7.657657650000037,0.09250000000000004,75.00000000000001,0.0007300000000000002
7.674341000000037,0.09250000000000004,75.00000000000001,0.0007300000000000002
7.6910243500000375,0.09250000000000004,75.00000000000001,0.0007300000000000002
7.707707700000038,0.09250000000000004,75.00000000000001,0.0007300000000000002
7.724391050000038,0.09250000000000004,75.00000000000001,0.0007300000000000002
7.741074400000038,0.09250000000000004,75.00000000000001,0.0007300000000000002
7.757757750000038,0.09250000000000004,75.00000000000001,0.0007300000000000002
7.774441100000038,0.09250000000000004,75.00000000000001,0.0007300000000000002
7.791124450000038,0.09255486735722294,74.93029938513885,0.0007300000155910462
7.807807800000038,0.09273111851626728,74.68912704208154,0.0007300000589170905
7.824491150000038,0.09286485772015823,74.51692484172396,0.0007300001356416516
7.841174500000038,0.09278123747685366,74.65595688195182,0.0007300002029909031
7.8578578500000384,0.09250000000000004,75.00000000000001,0.0007300000000000002
7.8745412000000385,0.09250000000000004,75.00000000000001,0.0007300000000000002
7.891224550000039,0.09250000000000004,75.00000000000001,0.0007300000000000002
7.907907900000039,0.09250000000000004,75.00000000000001,0.0007300000000000002
7.924591250000039,0.09250000000000004,75.00000000000001,0.0007300000000000002
7.941274600000039,0.09250000000000004,75.00000000000001,0.0007300000000000002
7.957957950000039,0.09250000000000004,75.00000000000001,0.0007300000000000002
7.974641300000039,0.09250000000000004,75.00000000000001,0.0007300000000000002
7.991324650000039,0.09250000000000004,75.00000000000001,0.0007300000000000002
8.00800800000004,0.09268608478934151,74.73803437897953,0.0007300000397207913
8.024691350000039,0.09279742914229011,74.59632987546365,0.0007300000734992785
8.041374700000038,0.09288635876930883,74.48992200963761,0.0007300001544946425
8.058058050000037,0.09272075479197517,74.73509424962982,0.0007300001160363799
8.074741400000036,0.09250000000000004,75.00000000000001,0.0007300000000000002
8.091424750000035,0.09250000000000004,75.00000000000001,0.0007300000000000002
8.108108100000035,0.09250000000000004,75.00000000000001,0.0007300000000000002
8.124791450000034,0.09250000000000004,75.00000000000001,0.0007300000000000002
8.141474800000033,0.09250000000000004,75.00000000000001,0.0007300000000000002
8.158158150000032,0.09250000000000004,75.00000000000001,0.0007300000000000002
8.174841500000031,0.09250000000000004,75.00000000000001,0.0007300000000000002
8.19152485000003,0.09250000000000004,75.00000000000001,0.0007300000000000002
8.20820820000003,0.09250000000000004,75.00000000000001,0.0007300000000000002
8.224891550000029,0.09265368432947851,74.78748836415241,0.0007300000279232994
8.241574900000028,0.09281914739339102,74.5655167324011,0.0007300000881959628
8.258258250000027,0.09287317363694861,74.50954370744365,0.0007300001738564
8.274941600000027,0.09264210502792918,74.82947396648501,0.0007300001123972076
8.291624950000026,0.09250000000000004,75.00000000000001,0.0007300000000000002
8.308308300000025,0.09250000000000004,75.00000000000001,0.0007300000000000002
8.324991650000024,0.09250000000000004,75.00000000000001,0.0007300000000000002
8.341675000000023,0.09250000000000004,75.00000000000001,0.0007300000000000002
8.358358350000023,0.09250000000000004,75.00000000000001,0.0007300000000000002
8.375041700000022,0.09250000000000004,75.00000000000001,0.0007300000000000002
8.391725050000021,0.09250000000000004,75.00000000000001,0.0007300000000000002
8.40840840000002,0.09250000000000004,75.00000000000001,0.0007300000000000002
8.42509175000002,0.09250374510025955,74.99550587968857,0.0007300000048637395
8.441775100000019,0.09271725360286776,74.68849744418188,0.0007300000613264983
8.458458450000018,0.09289362583350169,74.46247371254614,0.0007300001170277542
8.475141800000017,0.09287590204878438,74.50989737880928,0.0007300001974376814
8.491825150000016,0.09259512207202113,74.88585351357469,0.000730000114291093
8.508508500000016,0.09250000000000004,75.00000000000001,0.0007300000000000002
8.525191850000015,0.09250000000000004,75.00000000000001,0.0007300000000000002
8.541875200000014,0.09250000000000004,75.00000000000001,0.0007300000000000002
8.558558550000013,0.09250000000000004,75.00000000000001,0.0007300000000000002
8.575241900000012,0.09250000000000004,75.00000000000001,0.0007300000000000002
8.591925250000012,0.09250000000000004,75.00000000000001,0.0007300000000000002
8.60860860000001,0.09250000000000004,75.00000000000001,0.0007300000000000002
8.62529195000001,0.09250000000000004,75.00000000000001,0.0007300000000000002
8.64197530000001,0.09255879012244356,74.92491226853787,0.0007300000165016277
8.658658650000008,0.09265492261014609,74.79889756789669,0.0007300000525552485
8.675342000000008,0.09275075360303167,74.67857704292567,0.0007300001196628436
8.692025350000007,0.0926748903244419,74.79013161066979,0.0007300001001555358
8.708708700000006,0.09250000000000004,75.00000000000001,0.0007300000000000002
8.725392050000005,0.09250000000000004,75.00000000000001,0.0007300000000000002
8.742075400000004,0.09250000000000004,75.00000000000001,0.0007300000000000002
8.758758750000004,0.09250000000000004,75.00000000000001,0.0007300000000000002
8.775442100000003,0.09250000000000004,75.00000000000001,0.0007300000000000002
8.792125450000002,0.09250000000000004,75.00000000000001,0.0007300000000000002
8.808808800000001,0.09250000000000004,75.00000000000001,0.0007300000000000002
8.82549215,0.09250000000000004,75.00000000000001,0.0007300000000000002
8.8421755,0.09250000000000004,75.00000000000001,0.0007300000000000002
8.858858849999999,0.09253960815363782,74.95247021563463,0.0007300000090023082
8.875542199999998,0.09258334293739523,74.89998847512572,0.000730000026916095
8.892225549999997,0.09261958228995526,74.85650125205369,0.0007300000589617356
8.908908899999997,0.09250000000000004,75.00000000000001,0.0007300000000000002
8.925592249999996,0.09250000000000004,75.00000000000001,0.0007300000000000002
8.942275599999995,0.09250000000000004,75.00000000000001,0.0007300000000000002
8.958958949999994,0.09250000000000004,75.00000000000001,0.0007300000000000002
8.975642299999993,0.09250000000000004,75.00000000000001,0.0007300000000000002
8.992325649999993,0.09250000000000004,75.00000000000001,0.0007300000000000002
9.009008999999992,0.09250000000000004,75.00000000000001,0.0007300000000000002
9.025692349999991,0.09250000000000004,75.00000000000001,0.0007300000000000002
9.04237569999999,0.09250000000000004,75.00000000000001,0.0007300000000000002
9.05905904999999,0.09250000000000004,75.00000000000001,0.0007300000000000002
9.075742399999989,0.09253548621991806,74.95741653609835,0.0007300000104373554
9.092425749999988,0.09258764379102254,74.89482745077298,0.0007300000321113128
9.109109099999987,0.09257525257324337,74.90969691210803,0.000730000060534133
9.125792449999986,0.09250000000000004,75.00000000000001,0.0007300000000000002
9.142475799999985,0.09250000000000004,75.00000000000001,0.0007300000000000002
9.159159149999985,0.09250000000000004,75.00000000000001,0.0007300000000000002
9.175842499999984,0.09250000000000004,75.00000000000001,0.0007300000000000002
9.192525849999983,0.09250000000000004,75.00000000000001,0.0007300000000000002
9.209209199999982,0.09250000000000004,75.00000000000001,0.0007300000000000002
9.225892549999982,0.09250000000000004,75.00000000000001,0.0007300000000000002
9.24257589999998,0.09250000000000004,75.00000000000001,0.0007300000000000002
9.25925924999998,0.09250000000000004,75.00000000000001,0.0007300000000000002
9.27594259999998,0.09250000000000004,75.00000000000001,0.0007300000000000002
9.292625949999978,0.09251785712231517,74.97857145322183,0.0007300000118545993
9.309309299999978,0.09251949758927192,74.97660289287376,0.0007300000314239595
9.325992649999977,0.09250000000000004,75.00000000000001,0.0007300000000000002
9.342675999999976,0.09250000000000004,75.00000000000001,0.0007300000000000002
9.359359349999975,0.09250000000000004,75.00000000000001,0.0007300000000000002
9.376042699999974,0.09250000000000004,75.00000000000001,0.0007300000000000002
9.392726049999974,0.09250000000000004,75.00000000000001,0.0007300000000000002
9.409409399999973,0.09250000000000004,75.00000000000001,0.0007300000000000002
9.426092749999972,0.09250000000000004,75.00000000000001,0.0007300000000000002
9.442776099999971,0.09250000000000004,75.00000000000001,0.0007300000000000002
9.45945944999997,0.09250000000000004,75.00000000000001,0.0007300000000000002
9.47614279999997,0.09250000000000004,75.00000000000001,0.0007300000000000002
9.492826149999969,0.09250000000000004,75.00000000000001,0.0007300000000000002
9.509509499999968,0.09250000000000004,75.00000000000001,0.0007300000000000002
9.526192849999967,0.09250000000000004,75.00000000000001,0.0007300000000000002
9.542876199999967,0.09250000000000004,75.00000000000001,0.0007300000000000002
9.559559549999966,0.09250000000000004,75.00000000000001,0.0007300000000000002
9.576242899999965,0.09250000000000004,75.00000000000001,0.0007300000000000002
9.592926249999964,0.09250000000000004,75.00000000000001,0.0007300000000000002
9.609609599999963,0.09250000000000004,75.00000000000001,0.0007300000000000002
9.626292949999963,0.09250000000000004,75.00000000000001,0.0007300000000000002
9.642976299999962,0.09250000000000004,75.00000000000001,0.0007300000000000002
9.659659649999961,0.09250000000000004,75.00000000000001,0.0007300000000000002
9.67634299999996,0.09250000000000004,75.00000000000001,0.0007300000000000002
9.69302634999996,0.09250000000000004,75.00000000000001,0.0007300000000000002
9.709709699999959,0.09250000000000004,75.00000000000001,0.0007300000000000002
9.726393049999958,0.09250000000000004,75.00000000000001,0.0007300000000000002
9.743076399999957,0.09250000000000004,75.00000000000001,0.0007300000000000002
9.759759749999956,0.09250000000000004,75.00000000000001,0.0007300000000000002
9.776443099999955,0.09250000000000004,75.00000000000001,0.0007300000000000002
9.793126449999955,0.09250000000000004,75.00000000000001,0.0007300000000000002
9.809809799999954,0.09250000000000004,75.00000000000001,0.0007300000000000002
9.826493149999953,0.09250000000000004,75.00000000000001,0.0007300000000000002
9.843176499999952,0.09250000000000004,75.00000000000001,0.0007300000000000002
9.859859849999951,0.09250000000000004,75.00000000000001,0.0007300000000000002
9.87654319999995,0.09250000000000004,75.00000000000001,0.0007300000000000002
9.89322654999995,0.09250000000000004,75.00000000000001,0.0007300000000000002
9.909909899999949,0.09250000000000004,75.00000000000001,0.0007300000000000002
9.926593249999948,0.09250000000000004,75.00000000000001,0.0007300000000000002
9.943276599999948,0.09250000000000004,75.00000000000001,0.0007300000000000002
9.959959949999947,0.09250000000000004,75.00000000000001,0.0007300000000000002
9.976643299999946,0.09250000000000004,75.00000000000001,0.0007300000000000002
9.993326649999945,0.09250000000000004,75.00000000000001,0.0007300000000000002
10.010009999999944,0.09250000000000004,75.00000000000001,0.0007300000000000002
10.026693349999944,0.09250000000000004,75.00000000000001,0.0007300000000000002
10.043376699999943,0.09250000000000004,75.00000000000001,0.0007300000000000002
10.060060049999942,0.09250000000000004,75.00000000000001,0.0007300000000000002
10.076743399999941,0.09250000000000004,75.00000000000001,0.0007300000000000002
10.09342674999994,0.09250000000000004,75.00000000000001,0.0007300000000000002
10.11011009999994,0.09250000000000004,75.00000000000001,0.0007300000000000002
10.126793449999939,0.09250000000000004,75.00000000000001,0.0007300000000000002
10.143476799999938,0.09250000000000004,75.00000000000001,0.0007300000000000002
10.160160149999937,0.09250000000000004,75.00000000000001,0.0007300000000000002
10.176843499999936,0.09250000000000004,75.00000000000001,0.0007300000000000002
10.193526849999936,0.09250000000000004,75.00000000000001,0.0007300000000000002
10.210210199999935,0.09250000000000004,75.00000000000001,0.0007300000000000002
10.226893549999934,0.09250000000000004,75.00000000000001,0.0007300000000000002
10.243576899999933,0.09250000000000004,75.00000000000001,0.0007300000000000002
10.260260249999932,0.09250000000000004,75.00000000000001,0.0007300000000000002
10.276943599999932,0.09250000000000004,75.00000000000001,0.0007300000000000002
10.29362694999993,0.09250000000000004,75.00000000000001,0.0007300000000000002
10.31031029999993,0.09250000000000004,75.00000000000001,0.0007300000000000002
10.32699364999993,0.09250000000000004,75.00000000000001,0.0007300000000000002
10.343676999999929,0.09250000000000004,75.00000000000001,0.0007300000000000002
10.360360349999928,0.09250000000000004,75.00000000000001,0.0007300000000000002
10.377043699999927,0.09250000000000004,75.00000000000001,0.0007300000000000002
10.393727049999926,0.09250000000000004,75.00000000000001,0.0007300000000000002
10.410410399999925,0.09250000000000004,75.00000000000001,0.0007300000000000002
10.427093749999925,0.09250000000000004,75.00000000000001,0.0007300000000000002
10.443777099999924,0.09250000000000004,75.00000000000001,0.0007300000000000002
10.460460449999923,0.09250000000000004,75.00000000000001,0.0007300000000000002
10.477143799999922,0.09250000000000004,75.00000000000001,0.0007300000000000002
10.493827149999921,0.09250000000000004,75.00000000000001,0.0007300000000000002
10.51051049999992,0.09250000000000004,75.00000000000001,0.0007300000000000002
10.52719384999992,0.09250000000000004,75.00000000000001,0.0007300000000000002
10.543877199999919,0.09250000000000004,75.00000000000001,0.0007300000000000002
10.560560549999918,0.09250000000000004,75.00000000000001,0.0007300000000000002
10.577243899999917,0.09250000000000004,75.00000000000001,0.0007300000000000002
10.593927249999917,0.09250000000000004,75.00000000000001,0.0007300000000000002
10.610610599999916,0.09250000000000004,75.00000000000001,0.0007300000000000002
10.627293949999915,0.09250000000000004,75.00000000000001,0.0007300000000000002
10.643977299999914,0.09250000000000004,75.00000000000001,0.0007300000000000002
10.660660649999913,0.09250000000000004,75.00000000000001,0.0007300000000000002
10.677343999999913,0.09250000000000004,75.00000000000001,0.0007300000000000002
10.694027349999912,0.09250000000000004,75.00000000000001,0.0007300000000000002
10.710710699999911,0.09250000000000004,75.00000000000001,0.0007300000000000002
10.72739404999991,0.09250000000000004,75.00000000000001,0.0007300000000000002
10.74407739999991,0.09250000000000004,75.00000000000001,0.0007300000000000002
10.760760749999909,0.09250000000000004,75.00000000000001,0.0007300000000000002
10.777444099999908,0.09250000000000004,75.00000000000001,0.0007300000000000002
10.794127449999907,0.09250000000000004,75.00000000000001,0.0007300000000000002
10.810810799999906,0.09250000000000004,75.00000000000001,0.0007300000000000002
10.827494149999906,0.09250000000000004,75.00000000000001,0.0007300000000000002
10.844177499999905,0.09250000000000004,75.00000000000001,0.0007300000000000002
10.860860849999904,0.09250000000000004,75.00000000000001,0.0007300000000000002
10.877544199999903,0.09250000000000004,75.00000000000001,0.0007300000000000002
10.894227549999902,0.09250000000000004,75.00000000000001,0.0007300000000000002
10.910910899999902,0.09250000000000004,75.00000000000001,0.0007300000000000002
10.9275942499999,0.09250000000000004,75.00000000000001,0.0007300000000000002
10.9442775999999,0.09250000000000004,75.00000000000001,0.0007300000000000002
10.9609609499999,0.09250000000000004,75.00000000000001,0.0007300000000000002
10.977644299999898,0.09250000000000004,75.00000000000001,0.0007300000000000002
10.994327649999898,0.09250000000000004,75.00000000000001,0.0007300000000000002
11.011010999999897,0.09250000000000004,75.00000000000001,0.0007300000000000002
11.027694349999896,0.09250000000000004,75.00000000000001,0.0007300000000000002
11.044377699999895,0.09250000000000004,75.00000000000001,0.0007300000000000002
11.061061049999894,0.09250000000000004,75.00000000000001,0.0007300000000000002
11.077744399999894,0.09250000000000004,75.00000000000001,0.0007300000000000002
11.094427749999893,0.09250000000000004,75.00000000000001,0.0007300000000000002
11.111111099999892,0.09250000000000004,75.00000000000001,0.0007300000000000002
11.127794449999891,0.09250000000000004,75.00000000000001,0.0007300000000000002
11.14447779999989,0.09250000000000004,75.00000000000001,0.0007300000000000002
11.16116114999989,0.09250000000000004,75.00000000000001,0.0007300000000000002
11.177844499999889,0.09250000000000004,75.00000000000001,0.0007300000000000002
11.194527849999888,0.09250000000000004,75.00000000000001,0.0007300000000000002
11.211211199999887,0.09250000000000004,75.00000000000001,0.0007300000000000002
11.227894549999887,0.09250000000000004,75.00000000000001,0.0007300000000000002
11.244577899999886,0.09250000000000004,75.00000000000001,0.0007300000000000002
11.261261249999885,0.09250000000000004,75.00000000000001,0.0007300000000000002
11.277944599999884,0.09250000000000004,75.00000000000001,0.0007300000000000002
11.294627949999883,0.09250000000000004,75.00000000000001,0.0007300000000000002
11.311311299999883,0.09250000000000004,75.00000000000001,0.0007300000000000002
11.327994649999882,0.09250000000000004,75.00000000000001,0.0007300000000000002
11.344677999999881,0.09250000000000004,75.00000000000001,0.0007300000000000002
11.36136134999988,0.09250000000000004,75.00000000000001,0.0007300000000000002
11.37804469999988,0.09250000000000004,75.00000000000001,0.0007300000000000002
11.394728049999879,0.09250000000000004,75.00000000000001,0.0007300000000000002
11.411411399999878,0.09250000000000004,75.00000000000001,0.0007300000000000002
11.428094749999877,0.09250000000000004,75.00000000000001,0.0007300000000000002
11.444778099999876,0.09250000000000004,75.00000000000001,0.0007300000000000002
11.461461449999875,0.09250000000000004,75.00000000000001,0.0007300000000000002
11.478144799999875,0.09250000000000004,75.00000000000001,0.0007300000000000002
11.494828149999874,0.09250000000000004,75.00000000000001,0.0007300000000000002
11.511511499999873,0.09250000000000004,75.00000000000001,0.0007300000000000002
11.528194849999872,0.09250000000000004,75.00000000000001,0.0007300000000000002
11.544878199999872,0.09250000000000004,75.00000000000001,0.0007300000000000002
11.56156154999987,0.09250000000000004,75.00000000000001,0.0007300000000000002
11.57824489999987,0.09250000000000004,75.00000000000001,0.0007300000000000002
11.59492824999987,0.09250000000000004,75.00000000000001,0.0007300000000000002
11.611611599999868,0.09250000000000004,75.00000000000001,0.0007300000000000002
11.628294949999868,0.09250000000000004,75.00000000000001,0.0007300000000000002
11.644978299999867,0.09250000000000004,75.00000000000001,0.0007300000000000002
11.661661649999866,0.09250000000000004,75.00000000000001,0.0007300000000000002
11.678344999999865,0.09250000000000004,75.00000000000001,0.0007300000000000002
11.695028349999864,0.09250000000000004,75.00000000000001,0.0007300000000000002
11.711711699999864,0.09250000000000004,75.00000000000001,0.0007300000000000002
11.728395049999863,0.09250000000000004,75.00000000000001,0.0007300000000000002
11.745078399999862,0.09250000000000004,75.00000000000001,0.0007300000000000002
11.761761749999861,0.09250000000000004,75.00000000000001,0.0007300000000000002
11.77844509999986,0.09250000000000004,75.00000000000001,0.0007300000000000002
11.79512844999986,0.09250000000000004,75.00000000000001,0.0007300000000000002
11.811811799999859,0.09250000000000004,75.00000000000001,0.0007300000000000002
11.828495149999858,0.09250000000000004,75.00000000000001,0.0007300000000000002
11.845178499999857,0.09250000000000004,75.00000000000001,0.0007300000000000002
11.861861849999856,0.09250000000000004,75.00000000000001,0.0007300000000000002
11.878545199999856,0.09250000000000004,75.00000000000001,0.0007300000000000002
11.895228549999855,0.09250000000000004,75.00000000000001,0.0007300000000000002
11.911911899999854,0.09250000000000004,75.00000000000001,0.0007300000000000002
11.928595249999853,0.09250000000000004,75.00000000000001,0.0007300000000000002
11.945278599999853,0.09250000000000004,75.00000000000001,0.0007300000000000002
11.961961949999852,0.09250000000000004,75.00000000000001,0.0007300000000000002
11.978645299999851,0.09250000000000004,75.00000000000001,0.0007300000000000002
11.99532864999985,0.09250000000000004,75.00000000000001,0.0007300000000000002
12.01201199999985,0.09250000000000004,75.00000000000001,0.0007300000000000002
12.028695349999849,0.09250000000000004,75.00000000000001,0.0007300000000000002
12.045378699999848,0.09250000000000004,75.00000000000001,0.0007300000000000002
12.062062049999847,0.09250000000000004,75.00000000000001,0.0007300000000000002
12.078745399999846,0.09250000000000004,75.00000000000001,0.0007300000000000002
12.095428749999845,0.09250000000000004,75.00000000000001,0.0007300000000000002
12.112112099999845,0.09250000000000004,75.00000000000001,0.0007300000000000002
12.128795449999844,0.09250000000000004,75.00000000000001,0.0007300000000000002
12.145478799999843,0.09250000000000004,75.00000000000001,0.0007300000000000002
12.162162149999842,0.09250000000000004,75.00000000000001,0.0007300000000000002
12.178845499999841,0.09250000000000004,75.00000000000001,0.0007300000000000002
12.19552884999984,0.09250000000000004,75.00000000000001,0.0007300000000000002
12.21221219999984,0.09250000000000004,75.00000000000001,0.0007300000000000002
12.228895549999839,0.09250000000000004,75.00000000000001,0.0007300000000000002
12.245578899999838,0.09250000000000004,75.00000000000001,0.0007300000000000002
12.262262249999837,0.09250000000000004,75.00000000000001,0.0007300000000000002
12.278945599999837,0.09250000000000004,75.00000000000001,0.0007300000000000002
12.295628949999836,0.09250000000000004,75.00000000000001,0.0007300000000000002
12.312312299999835,0.09250000000000004,75.00000000000001,0.0007300000000000002
12.328995649999834,0.09250000000000004,75.00000000000001,0.0007300000000000002
12.345678999999834,0.09250000000000004,75.00000000000001,0.0007300000000000002
12.362362349999833,0.09250000000000004,75.00000000000001,0.0007300000000000002
12.379045699999832,0.09250000000000004,75.00000000000001,0.0007300000000000002
12.395729049999831,0.09250000000000004,75.00000000000001,0.0007300000000000002
12.41241239999983,0.09250000000000004,75.00000000000001,0.0007300000000000002
12.42909574999983,0.09250000000000004,75.00000000000001,0.0007300000000000002
12.445779099999829,0.09250000000000004,75.00000000000001,0.0007300000000000002
12.462462449999828,0.09250000000000004,75.00000000000001,0.0007300000000000002
12.479145799999827,0.09250000000000004,75.00000000000001,0.0007300000000000002
12.495829149999826,0.09250000000000004,75.00000000000001,0.0007300000000000002
12.512512499999826,0.09250000000000004,75.00000000000001,0.0007300000000000002
12.529195849999825,0.09250000000000004,75.00000000000001,0.0007300000000000002
12.545879199999824,0.09250000000000004,75.00000000000001,0.0007300000000000002
12.562562549999823,0.09250000000000004,75.00000000000001,0.0007300000000000002
12.579245899999822,0.09250000000000004,75.00000000000001,0.0007300000000000002
12.595929249999822,0.09250000000000004,75.00000000000001,0.0007300000000000002
12.61261259999982,0.09250000000000004,75.00000000000001,0.0007300000000000002
12.62929594999982,0.09250000000000004,75.00000000000001,0.0007300000000000002
12.64597929999982,0.09250000000000004,75.00000000000001,0.0007300000000000002
12.662662649999818,0.09250000000000004,75.00000000000001,0.0007300000000000002
12.679345999999818,0.09250000000000004,75.00000000000001,0.0007300000000000002
12.696029349999817,0.09250000000000004,75.00000000000001,0.0007300000000000002
12.712712699999816,0.09250000000000004,75.00000000000001,0.0007300000000000002
12.729396049999815,0.09250000000000004,75.00000000000001,0.0007300000000000002
12.746079399999815,0.09250000000000004,75.00000000000001,0.0007300000000000002
12.762762749999814,0.09250000000000004,75.00000000000001,0.0007300000000000002
12.779446099999813,0.09250000000000004,75.00000000000001,0.0007300000000000002
12.796129449999812,0.09250000000000004,75.00000000000001,0.0007300000000000002
12.812812799999811,0.09250000000000004,75.00000000000001,0.0007300000000000002
12.82949614999981,0.09250000000000004,75.00000000000001,0.0007300000000000002
12.84617949999981,0.09250000000000004,75.00000000000001,0.0007300000000000002
12.862862849999809,0.09250000000000004,75.00000000000001,0.0007300000000000002
12.879546199999808,0.09250000000000004,75.00000000000001,0.0007300000000000002
12.896229549999807,0.09250000000000004,75.00000000000001,0.0007300000000000002
12.912912899999807,0.09250000000000004,75.00000000000001,0.0007300000000000002
12.929596249999806,0.09250000000000004,75.00000000000001,0.0007300000000000002
12.946279599999805,0.09250000000000004,75.00000000000001,0.0007300000000000002
12.962962949999804,0.09250000000000004,75.00000000000001,0.0007300000000000002
12.979646299999803,0.09250000000000004,75.00000000000001,0.0007300000000000002
12.996329649999803,0.09250000000000004,75.00000000000001,0.0007300000000000002
13.013012999999802,0.09250000000000004,75.00000000000001,0.0007300000000000002
13.029696349999801,0.09250000000000004,75.00000000000001,0.0007300000000000002
13.0463796999998,0.09250000000000004,75.00000000000001,0.0007300000000000002
13.0630630499998,0.09250000000000004,75.00000000000001,0.0007300000000000002
13.079746399999799,0.09250000000000004,75.00000000000001,0.0007300000000000002
13.096429749999798,0.09250000000000004,75.00000000000001,0.0007300000000000002
13.113113099999797,0.09250000000000004,75.00000000000001,0.0007300000000000002
13.129796449999796,0.09250000000000004,75.00000000000001,0.0007300000000000002
13.146479799999796,0.09250000000000004,75.00000000000001,0.0007300000000000002
13.163163149999795,0.09250000000000004,75.00000000000001,0.0007300000000000002
13.179846499999794,0.09250000000000004,75.00000000000001,0.0007300000000000002
13.196529849999793,0.09250000000000004,75.00000000000001,0.0007300000000000002
13.213213199999792,0.09250000000000004,75.00000000000001,0.0007300000000000002
13.229896549999792,0.09250000000000004,75.00000000000001,0.0007300000000000002
13.24657989999979,0.09250000000000004,75.00000000000001,0.0007300000000000002
13.26326324999979,0.09250000000000004,75.00000000000001,0.0007300000000000002
13.27994659999979,0.09250000000000004,75.00000000000001,0.0007300000000000002
13.296629949999788,0.09250000000000004,75.00000000000001,0.0007300000000000002
13.313313299999788,0.09250000000000004,75.00000000000001,0.0007300000000000002
13.329996649999787,0.09250000000000004,75.00000000000001,0.0007300000000000002
13.346679999999786,0.09250000000000004,75.00000000000001,0.0007300000000000002
13.363363349999785,0.09250000000000004,75.00000000000001,0.0007300000000000002
13.380046699999784,0.09250000000000004,75.00000000000001,0.0007300000000000002
13.396730049999784,0.09250000000000004,75.00000000000001,0.0007300000000000002
13.413413399999783,0.09250000000000004,75.00000000000001,0.0007300000000000002
13.430096749999782,0.09250000000000004,75.00000000000001,0.0007300000000000002
13.446780099999781,0.09250000000000004,75.00000000000001,0.0007300000000000002
13.46346344999978,0.09250000000000004,75.00000000000001,0.0007300000000000002
13.48014679999978,0.09250000000000004,75.00000000000001,0.0007300000000000002
13.496830149999779,0.09250000000000004,75.00000000000001,0.0007300000000000002
13.513513499999778,0.09250000000000004,75.00000000000001,0.0007300000000000002
13.530196849999777,0.09250000000000004,75.00000000000001,0.0007300000000000002
13.546880199999777,0.09250000000000004,75.00000000000001,0.0007300000000000002
13.563563549999776,0.09250000000000004,75.00000000000001,0.0007300000000000002
13.580246899999775,0.09250000000000004,75.00000000000001,0.0007300000000000002
13.596930249999774,0.09250000000000004,75.00000000000001,0.0007300000000000002
13.613613599999773,0.09250000000000004,75.00000000000001,0.0007300000000000002
13.630296949999773,0.09250000000000004,75.00000000000001,0.0007300000000000002
13.646980299999772,0.09250000000000004,75.00000000000001,0.0007300000000000002
13.663663649999771,0.09250000000000004,75.00000000000001,0.0007300000000000002
13.68034699999977,0.09250000000000004,75.00000000000001,0.0007300000000000002
13.69703034999977,0.09250000000000004,75.00000000000001,0.0007300000000000002
13.713713699999769,0.09250000000000004,75.00000000000001,0.0007300000000000002
13.730397049999768,0.09250000000000004,75.00000000000001,0.0007300000000000002
13.747080399999767,0.09250000000000004,75.00000000000001,0.0007300000000000002
13.763763749999766,0.09250000000000004,75.00000000000001,0.0007300000000000002
13.780447099999765,0.09250000000000004,75.00000000000001,0.0007300000000000002
13.797130449999765,0.09250000000000004,75.00000000000001,0.0007300000000000002
13.813813799999764,0.09250000000000004,75.00000000000001,0.0007300000000000002
13.830497149999763,0.09250000000000004,75.00000000000001,0.0007300000000000002
13.847180499999762,0.09250000000000004,75.00000000000001,0.0007300000000000002
13.863863849999762,0.09250000000000004,75.00000000000001,0.0007300000000000002
13.88054719999976,0.09250000000000004,75.00000000000001,0.0007300000000000002
13.89723054999976,0.09250000000000004,75.00000000000001,0.0007300000000000002
13.91391389999976,0.09250000000000004,75.00000000000001,0.0007300000000000002
13.930597249999758,0.09250000000000004,75.00000000000001,0.0007300000000000002
13.947280599999758,0.09250000000000004,75.00000000000001,0.0007300000000000002
13.963963949999757,0.09250000000000004,75.00000000000001,0.0007300000000000002
13.980647299999756,0.09250000000000004,75.00000000000001,0.0007300000000000002
13.997330649999755,0.09250000000000004,75.00000000000001,0.0007300000000000002
14.014013999999754,0.09250000000000004,75.00000000000001,0.0007300000000000002
14.030697349999754,0.09250000000000004,75.00000000000001,0.0007300000000000002
14.047380699999753,0.09250000000000004,75.00000000000001,0.0007300000000000002
14.064064049999752,0.09250000000000004,75.00000000000001,0.0007300000000000002
14.080747399999751,0.09250000000000004,75.00000000000001,0.0007300000000000002
14.09743074999975,0.09250000000000004,75.00000000000001,0.0007300000000000002
14.11411409999975,0.09250000000000004,75.00000000000001,0.0007300000000000002
14.130797449999749,0.09250000000000004,75.00000000000001,0.0007300000000000002
14.147480799999748,0.09250000000000004,75.00000000000001,0.0007300000000000002
14.164164149999747,0.09250000000000004,75.00000000000001,0.0007300000000000002
14.180847499999746,0.09250000000000004,75.00000000000001,0.0007300000000000002
14.197530849999746,0.09250000000000004,75.00000000000001,0.0007300000000000002
14.214214199999745,0.09250000000000004,75.00000000000001,0.0007300000000000002
14.230897549999744,0.09250000000000004,75.00000000000001,0.0007300000000000002
14.247580899999743,0.09250000000000004,75.00000000000001,0.0007300000000000002
14.264264249999743,0.09250000000000004,75.00000000000001,0.0007300000000000002
14.280947599999742,0.09250000000000004,75.00000000000001,0.0007300000000000002
14.297630949999741,0.09250000000000004,75.00000000000001,0.0007300000000000002
14.31431429999974,0.09250000000000004,75.00000000000001,0.0007300000000000002
14.33099764999974,0.09250000000000004,75.00000000000001,0.0007300000000000002
14.347680999999739,0.09250000000000004,75.00000000000001,0.0007300000000000002
14.364364349999738,0.09250000000000004,75.00000000000001,0.0007300000000000002
14.381047699999737,0.09250000000000004,75.00000000000001,0.0007300000000000002
14.397731049999736,0.09250000000000004,75.00000000000001,0.0007300000000000002
14.414414399999735,0.09250000000000004,75.00000000000001,0.0007300000000000002
14.431097749999735,0.09250000000000004,75.00000000000001,0.0007300000000000002
14.447781099999734,0.09250000000000004,75.00000000000001,0.0007300000000000002
14.464464449999733,0.09250000000000004,75.00000000000001,0.0007300000000000002
14.481147799999732,0.09250000000000004,75.00000000000001,0.0007300000000000002
14.497831149999731,0.09250000000000004,75.00000000000001,0.0007300000000000002
14.51451449999973,0.09250000000000004,75.00000000000001,0.0007300000000000002
14.53119784999973,0.09250000000000004,75.00000000000001,0.0007300000000000002
14.547881199999729,0.09250000000000004,75.00000000000001,0.0007300000000000002
14.564564549999728,0.09250000000000004,75.00000000000001,0.0007300000000000002
14.581247899999727,0.09250000000000004,75.00000000000001,0.0007300000000000002
14.597931249999727,0.09250000000000004,75.00000000000001,0.0007300000000000002
14.614614599999726,0.09250000000000004,75.00000000000001,0.0007300000000000002
14.631297949999725,0.09250000000000004,75.00000000000001,0.0007300000000000002
14.647981299999724,0.09250000000000004,75.00000000000001,0.0007300000000000002
14.664664649999724,0.09250000000000004,75.00000000000001,0.0007300000000000002
14.681347999999723,0.09250000000000004,75.00000000000001,0.0007300000000000002
14.698031349999722,0.09250000000000004,75.00000000000001,0.0007300000000000002
14.714714699999721,0.09250000000000004,75.00000000000001,0.0007300000000000002
14.73139804999972,0.09250000000000004,75.00000000000001,0.0007300000000000002
14.74808139999972,0.09250000000000004,75.00000000000001,0.0007300000000000002
14.764764749999719,0.09250000000000004,75.00000000000001,0.0007300000000000002
14.781448099999718,0.09250000000000004,75.00000000000001,0.0007300000000000002
14.798131449999717,0.09250000000000004,75.00000000000001,0.0007300000000000002
14.814814799999716,0.09250000000000004,75.00000000000001,0.0007300000000000002
14.831498149999716,0.09250000000000004,75.00000000000001,0.0007300000000000002
14.848181499999715,0.09250000000000004,75.00000000000001,0.0007300000000000002
14.864864849999714,0.09250000000000004,75.00000000000001,0.0007300000000000002
14.881548199999713,0.09250000000000004,75.00000000000001,0.0007300000000000002
14.898231549999712,0.09250000000000004,75.00000000000001,0.0007300000000000002
14.914914899999712,0.09250000000000004,75.00000000000001,0.0007300000000000002
14.93159824999971,0.09250000000000004,75.00000000000001,0.0007300000000000002
14.94828159999971,0.09250000000000004,75.00000000000001,0.0007300000000000002
14.96496494999971,0.09250000000000004,75.00000000000001,0.0007300000000000002
14.981648299999708,0.09250000000000004,75.00000000000001,0.0007300000000000002
14.998331649999708,0.09250000000000004,75.00000000000001,0.0007300000000000002
15.015014999999707,0.09250000000000004,75.00000000000001,0.0007300000000000002
15.031698349999706,0.09250000000000004,75.00000000000001,0.0007300000000000002
15.048381699999705,0.09250000000000004,75.00000000000001,0.0007300000000000002
15.065065049999705,0.09250000000000004,75.00000000000001,0.0007300000000000002
15.081748399999704,0.09250000000000004,75.00000000000001,0.0007300000000000002
15.098431749999703,0.09250000000000004,75.00000000000001,0.0007300000000000002
15.115115099999702,0.09250000000000004,75.00000000000001,0.0007300000000000002
15.131798449999701,0.09250000000000004,75.00000000000001,0.0007300000000000002
15.1484817999997,0.09250000000000004,75.00000000000001,0.0007300000000000002
15.1651651499997,0.09250000000000004,75.00000000000001,0.0007300000000000002
15.181848499999699,0.09250000000000004,75.00000000000001,0.0007300000000000002
15.198531849999698,0.09250000000000004,75.00000000000001,0.0007300000000000002
15.215215199999697,0.09250000000000004,75.00000000000001,0.0007300000000000002
15.231898549999697,0.09250000000000004,75.00000000000001,0.0007300000000000002
15.248581899999696,0.09250000000000004,75.00000000000001,0.0007300000000000002
15.265265249999695,0.09250000000000004,75.00000000000001,0.0007300000000000002
15.281948599999694,0.09250000000000004,75.00000000000001,0.0007300000000000002
15.298631949999693,0.09250000000000004,75.00000000000001,0.0007300000000000002
15.315315299999693,0.09250000000000004,75.00000000000001,0.0007300000000000002
15.331998649999692,0.09250000000000004,75.00000000000001,0.0007300000000000002
15.348681999999691,0.09250000000000004,75.00000000000001,0.0007300000000000002
15.36536534999969,0.09250000000000004,75.00000000000001,0.0007300000000000002
15.38204869999969,0.09250000000000004,75.00000000000001,0.0007300000000000002
15.398732049999689,0.09250000000000004,75.00000000000001,0.0007300000000000002
15.415415399999688,0.09250000000000004,75.00000000000001,0.0007300000000000002
15.432098749999687,0.09250000000000004,75.00000000000001,0.0007300000000000002
15.448782099999686,0.09250000000000004,75.00000000000001,0.0007300000000000002
15.465465449999686,0.09250000000000004,75.00000000000001,0.0007300000000000002
15.482148799999685,0.09250000000000004,75.00000000000001,0.0007300000000000002
15.498832149999684,0.09250000000000004,75.00000000000001,0.0007300000000000002
15.515515499999683,0.09250000000000004,75.00000000000001,0.0007300000000000002
15.532198849999682,0.09250000000000004,75.00000000000001,0.0007300000000000002
15.548882199999682,0.09250000000000004,75.00000000000001,0.0007300000000000002
15.56556554999968,0.09250000000000004,75.00000000000001,0.0007300000000000002
15.58224889999968,0.09250000000000004,75.00000000000001,0.0007300000000000002
15.59893224999968,0.09250000000000004,75.00000000000001,0.0007300000000000002
15.615615599999678,0.09250000000000004,75.00000000000001,0.0007300000000000002
15.632298949999678,0.09250000000000004,75.00000000000001,0.0007300000000000002
15.648982299999677,0.09250000000000004,75.00000000000001,0.0007300000000000002
15.665665649999676,0.09250000000000004,75.00000000000001,0.0007300000000000002
15.682348999999675,0.09250000000000004,75.00000000000001,0.0007300000000000002
15.699032349999674,0.09250000000000004,75.00000000000001,0.0007300000000000002
15.715715699999674,0.09250000000000004,75.00000000000001,0.0007300000000000002
15.732399049999673,0.09250000000000004,75.00000000000001,0.0007300000000000002
15.749082399999672,0.09250000000000004,75.00000000000001,0.0007300000000000002
15.765765749999671,0.09250000000000004,75.00000000000001,0.0007300000000000002
15.78244909999967,0.09250000000000004,75.00000000000001,0.0007300000000000002
15.79913244999967,0.09250000000000004,75.00000000000001,0.0007300000000000002
15.815815799999669,0.09250000000000004,75.00000000000001,0.0007300000000000002
15.832499149999668,0.09250000000000004,75.00000000000001,0.0007300000000000002
15.849182499999667,0.09250000000000004,75.00000000000001,0.0007300000000000002
15.865865849999667,0.09250000000000004,75.00000000000001,0.0007300000000000002
15.882549199999666,0.09250000000000004,75.00000000000001,0.0007300000000000002
15.899232549999665,0.09250000000000004,75.00000000000001,0.0007300000000000002
15.915915899999664,0.09250000000000004,75.00000000000001,0.0007300000000000002
15.932599249999663,0.09250000000000004,75.00000000000001,0.0007300000000000002
15.949282599999663,0.09250000000000004,75.00000000000001,0.0007300000000000002
15.965965949999662,0.09250000000000004,75.00000000000001,0.0007300000000000002
15.982649299999661,0.09250000000000004,75.00000000000001,0.0007300000000000002
15.99933264999966,0.09250000000000004,75.00000000000001,0.0007300000000000002
16.01601599999966,0.09250000000000004,75.00000000000001,0.0007300000000000002
16.03269934999966,0.09250000000000004,75.00000000000001,0.0007300000000000002
16.04938269999966,0.09250000000000004,75.00000000000001,0.0007300000000000002
16.066066049999662,0.09250000000000004,75.00000000000001,0.0007300000000000002
16.082749399999663,0.09250000000000004,75.00000000000001,0.0007300000000000002
16.099432749999664,0.09250000000000004,75.00000000000001,0.0007300000000000002
16.116116099999665,0.09250000000000004,75.00000000000001,0.0007300000000000002
16.132799449999666,0.09250000000000004,75.00000000000001,0.0007300000000000002
16.149482799999667,0.09250000000000004,75.00000000000001,0.0007300000000000002
16.16616614999967,0.09250000000000004,75.00000000000001,0.0007300000000000002
16.18284949999967,0.09250000000000004,75.00000000000001,0.0007300000000000002
16.19953284999967,0.09250000000000004,75.00000000000001,0.0007300000000000002
16.21621619999967,0.09250000000000004,75.00000000000001,0.0007300000000000002
16.232899549999672,0.09250000000000004,75.00000000000001,0.0007300000000000002
16.249582899999673,0.09250000000000004,75.00000000000001,0.0007300000000000002
16.266266249999674,0.09250000000000004,75.00000000000001,0.0007300000000000002
16.282949599999675,0.09250000000000004,75.00000000000001,0.0007300000000000002
16.299632949999676,0.09250000000000004,75.00000000000001,0.0007300000000000002
16.316316299999677,0.09250000000000004,75.00000000000001,0.0007300000000000002
16.332999649999678,0.09250000000000004,75.00000000000001,0.0007300000000000002
16.34968299999968,0.09250000000000004,75.00000000000001,0.0007300000000000002
16.36636634999968,0.09250000000000004,75.00000000000001,0.0007300000000000002
16.38304969999968,0.09250000000000004,75.00000000000001,0.0007300000000000002
16.399733049999682,0.09250000000000004,75.00000000000001,0.0007300000000000002
16.416416399999683,0.09250000000000004,75.00000000000001,0.0007300000000000002
16.433099749999684,0.09250000000000004,75.00000000000001,0.0007300000000000002
16.449783099999685,0.09250000000000004,75.00000000000001,0.0007300000000000002
16.466466449999686,0.09250000000000004,75.00000000000001,0.0007300000000000002
16.483149799999687,0.09250000000000004,75.00000000000001,0.0007300000000000002
16.499833149999688,0.09250000000000004,75.00000000000001,0.0007300000000000002
16.51651649999969,0.09250000000000004,75.00000000000001,0.0007300000000000002
16.53319984999969,0.09250000000000004,75.00000000000001,0.0007300000000000002
16.54988319999969,0.09250000000000004,75.00000000000001,0.0007300000000000002
16.566566549999692,0.09250000000000004,75.00000000000001,0.0007300000000000002
16.583249899999693,0.09250000000000004,75.00000000000001,0.0007300000000000002
16.599933249999694,0.09250000000000004,75.00000000000001,0.0007300000000000002
16.616616599999695,0.09250000000000004,75.00000000000001,0.0007300000000000002
16.633299949999696,0.09250000000000004,75.00000000000001,0.0007300000000000002
16.649983299999697,0.09250000000000004,75.00000000000001,0.0007300000000000002
16.666666649999698,0.09250000000000004,75.00000000000001,0.0007300000000000002
16.6833499999997,0.09250000000000004,75.00000000000001,0.0007300000000000002
16.7000333499997,0.09250000000000004,75.00000000000001,0.0007300000000000002
16.7167166999997,0.09250000000000004,75.00000000000001,0.0007300000000000002
16.7334000499997,0.09250000000000004,75.00000000000001,0.0007300000000000002
16.750083399999703,0.09250000000000004,75.00000000000001,0.0007300000000000002
16.766766749999704,0.09250000000000004,75.00000000000001,0.0007300000000000002
16.783450099999705,0.09250000000000004,75.00000000000001,0.0007300000000000002
16.800133449999706,0.09250000000000004,75.00000000000001,0.0007300000000000002
16.816816799999707,0.09250000000000004,75.00000000000001,0.0007300000000000002
16.833500149999708,0.09250000000000004,75.00000000000001,0.0007300000000000002
16.85018349999971,0.09250000000000004,75.00000000000001,0.0007300000000000002
16.86686684999971,0.09250000000000004,75.00000000000001,0.0007300000000000002
16.88355019999971,0.09250000000000004,75.00000000000001,0.0007300000000000002
16.90023354999971,0.09250000000000004,75.00000000000001,0.0007300000000000002
16.916916899999713,0.09250000000000004,75.00000000000001,0.0007300000000000002
16.933600249999714,0.09250000000000004,75.00000000000001,0.0007300000000000002
16.950283599999715,0.09250000000000004,75.00000000000001,0.0007300000000000002
16.966966949999716,0.09250000000000004,75.00000000000001,0.0007300000000000002
16.983650299999717,0.09250000000000004,75.00000000000001,0.0007300000000000002
17.000333649999718,0.09250000000000004,75.00000000000001,0.0007300000000000002
17.01701699999972,0.09250000000000004,75.00000000000001,0.0007300000000000002
17.03370034999972,0.09250000000000004,75.00000000000001,0.0007300000000000002
17.05038369999972,0.09250000000000004,75.00000000000001,0.0007300000000000002
17.06706704999972,0.09250000000000004,75.00000000000001,0.0007300000000000002
17.083750399999722,0.09250000000000004,75.00000000000001,0.0007300000000000002
17.100433749999723,0.09250000000000004,75.00000000000001,0.0007300000000000002
17.117117099999724,0.09250000000000004,75.00000000000001,0.0007300000000000002
17.133800449999725,0.09250000000000004,75.00000000000001,0.0007300000000000002
17.150483799999726,0.09250000000000004,75.00000000000001,0.0007300000000000002
17.167167149999727,0.09250000000000004,75.00000000000001,0.0007300000000000002
17.18385049999973,0.09250000000000004,75.00000000000001,0.0007300000000000002
17.20053384999973,0.09250000000000004,75.00000000000001,0.0007300000000000002
17.21721719999973,0.09250000000000004,75.00000000000001,0.0007300000000000002
17.23390054999973,0.09250000000000004,75.00000000000001,0.0007300000000000002
17.250583899999732,0.09250000000000004,75.00000000000001,0.0007300000000000002
17.267267249999733,0.09250000000000004,75.00000000000001,0.0007300000000000002
17.283950599999734,0.09250000000000004,75.00000000000001,0.0007300000000000002
17.300633949999735,0.09250000000000004,75.00000000000001,0.0007300000000000002
17.317317299999736,0.09250000000000004,75.00000000000001,0.0007300000000000002
17.334000649999737,0.09250000000000004,75.00000000000001,0.0007300000000000002
17.350683999999738,0.09250000000000004,75.00000000000001,0.0007300000000000002
17.36736734999974,0.09250000000000004,75.00000000000001,0.0007300000000000002
17.38405069999974,0.09250000000000004,75.00000000000001,0.0007300000000000002
17.40073404999974,0.09250000000000004,75.00000000000001,0.0007300000000000002
17.417417399999742,0.09250000000000004,75.00000000000001,0.0007300000000000002
17.434100749999743,0.09250000000000004,75.00000000000001,0.0007300000000000002
17.450784099999744,0.09250000000000004,75.00000000000001,0.0007300000000000002
17.467467449999745,0.09250000000000004,75.00000000000001,0.0007300000000000002
17.484150799999746,0.09250000000000004,75.00000000000001,0.0007300000000000002
17.500834149999747,0.09250000000000004,75.00000000000001,0.0007300000000000002
17.517517499999748,0.09250000000000004,75.00000000000001,0.0007300000000000002
17.53420084999975,0.09250000000000004,75.00000000000001,0.0007300000000000002
17.55088419999975,0.09250000000000004,75.00000000000001,0.0007300000000000002
17.56756754999975,0.09250000000000004,75.00000000000001,0.0007300000000000002
17.584250899999752,0.09250000000000004,75.00000000000001,0.0007300000000000002
17.600934249999753,0.09250000000000004,75.00000000000001,0.0007300000000000002
17.617617599999754,0.09250000000000004,75.00000000000001,0.0007300000000000002
17.634300949999755,0.09250000000000004,75.00000000000001,0.0007300000000000002
17.650984299999756,0.09250000000000004,75.00000000000001,0.0007300000000000002
17.667667649999757,0.09250000000000004,75.00000000000001,0.0007300000000000002
17.684350999999758,0.09250000000000004,75.00000000000001,0.0007300000000000002
17.70103434999976,0.09250000000000004,75.00000000000001,0.0007300000000000002
17.71771769999976,0.09250000000000004,75.00000000000001,0.0007300000000000002
17.73440104999976,0.09250000000000004,75.00000000000001,0.0007300000000000002
17.751084399999762,0.09250000000000004,75.00000000000001,0.0007300000000000002
17.767767749999763,0.09250000000000004,75.00000000000001,0.0007300000000000002
17.784451099999764,0.09250000000000004,75.00000000000001,0.0007300000000000002
17.801134449999765,0.09250000000000004,75.00000000000001,0.0007300000000000002
17.817817799999766,0.09250000000000004,75.00000000000001,0.0007300000000000002
17.834501149999767,0.09250000000000004,75.00000000000001,0.0007300000000000002
17.851184499999768,0.09250000000000004,75.00000000000001,0.0007300000000000002
17.86786784999977,0.09250000000000004,75.00000000000001,0.0007300000000000002
17.88455119999977,0.09250000000000004,75.00000000000001,0.0007300000000000002
17.90123454999977,0.09250000000000004,75.00000000000001,0.0007300000000000002
17.91791789999977,0.09250000000000004,75.00000000000001,0.0007300000000000002
17.934601249999773,0.09250000000000004,75.00000000000001,0.0007300000000000002
17.951284599999774,0.09250000000000004,75.00000000000001,0.0007300000000000002
17.967967949999775,0.09250000000000004,75.00000000000001,0.0007300000000000002
17.984651299999776,0.09250000000000004,75.00000000000001,0.0007300000000000002
18.001334649999777,0.09250000000000004,75.00000000000001,0.0007300000000000002
18.018017999999778,0.09250000000000004,75.00000000000001,0.0007300000000000002
18.03470134999978,0.09250000000000004,75.00000000000001,0.0007300000000000002
18.05138469999978,0.09250000000000004,75.00000000000001,0.0007300000000000002
18.06806804999978,0.09250000000000004,75.00000000000001,0.0007300000000000002
18.08475139999978,0.09250000000000004,75.00000000000001,0.0007300000000000002
18.101434749999783,0.09250000000000004,75.00000000000001,0.0007300000000000002
18.118118099999784,0.09250000000000004,75.00000000000001,0.0007300000000000002
18.134801449999784,0.09250000000000004,75.00000000000001,0.0007300000000000002
18.151484799999785,0.09250000000000004,75.00000000000001,0.0007300000000000002
18.168168149999786,0.09250000000000004,75.00000000000001,0.0007300000000000002
18.184851499999787,0.09250000000000004,75.00000000000001,0.0007300000000000002
18.20153484999979,0.09250000000000004,75.00000000000001,0.0007300000000000002
18.21821819999979,0.09250000000000004,75.00000000000001,0.0007300000000000002
18.23490154999979,0.09250000000000004,75.00000000000001,0.0007300000000000002
18.25158489999979,0.09250000000000004,75.00000000000001,0.0007300000000000002
18.268268249999792,0.09250000000000004,75.00000000000001,0.0007300000000000002
18.284951599999793,0.09250000000000004,75.00000000000001,0.0007300000000000002
18.301634949999794,0.09250000000000004,75.00000000000001,0.0007300000000000002
18.318318299999795,0.09250000000000004,75.00000000000001,0.0007300000000000002
18.335001649999796,0.09250000000000004,75.00000000000001,0.0007300000000000002
18.351684999999797,0.09250000000000004,75.00000000000001,0.0007300000000000002
18.3683683499998,0.09250000000000004,75.00000000000001,0.0007300000000000002
18.3850516999998,0.09250000000000004,75.00000000000001,0.0007300000000000002
18.4017350499998,0.09250000000000004,75.00000000000001,0.0007300000000000002
18.4184183999998,0.09250000000000004,75.00000000000001,0.0007300000000000002
18.435101749999802,0.09250000000000004,75.00000000000001,0.0007300000000000002
18.451785099999803,0.09250000000000004,75.00000000000001,0.0007300000000000002
18.468468449999804,0.09250000000000004,75.00000000000001,0.0007300000000000002
18.485151799999805,0.09250000000000004,75.00000000000001,0.0007300000000000002
18.501835149999806,0.09250000000000004,75.00000000000001,0.0007300000000000002
18.518518499999807,0.09250000000000004,75.00000000000001,0.0007300000000000002
18.535201849999808,0.09250000000000004,75.00000000000001,0.0007300000000000002
18.55188519999981,0.09250000000000004,75.00000000000001,0.0007300000000000002
18.56856854999981,0.09250000000000004,75.00000000000001,0.0007300000000000002
18.58525189999981,0.09250000000000004,75.00000000000001,0.0007300000000000002
18.601935249999812,0.09250000000000004,75.00000000000001,0.0007300000000000002
18.618618599999813,0.09250000000000004,75.00000000000001,0.0007300000000000002
18.635301949999814,0.09250000000000004,75.00000000000001,0.0007300000000000002
18.651985299999815,0.09250000000000004,75.00000000000001,0.0007300000000000002
18.668668649999816,0.09250000000000004,75.00000000000001,0.0007300000000000002
18.685351999999817,0.09250000000000004,75.00000000000001,0.0007300000000000002
18.702035349999818,0.09250000000000004,75.00000000000001,0.0007300000000000002
18.71871869999982,0.09250000000000004,75.00000000000001,0.0007300000000000002
18.73540204999982,0.09250000000000004,75.00000000000001,0.0007300000000000002
18.75208539999982,0.09250000000000004,75.00000000000001,0.0007300000000000002
18.768768749999822,0.09250000000000004,75.00000000000001,0.0007300000000000002
18.785452099999823,0.09250000000000004,75.00000000000001,0.0007300000000000002
18.802135449999824,0.09250000000000004,75.00000000000001,0.0007300000000000002
18.818818799999825,0.09250000000000004,75.00000000000001,0.0007300000000000002
18.835502149999826,0.09250000000000004,75.00000000000001,0.0007300000000000002
18.852185499999827,0.09250000000000004,75.00000000000001,0.0007300000000000002
18.868868849999828,0.09250000000000004,75.00000000000001,0.0007300000000000002
18.88555219999983,0.09250000000000004,75.00000000000001,0.0007300000000000002
18.90223554999983,0.09250000000000004,75.00000000000001,0.0007300000000000002
18.91891889999983,0.09250000000000004,75.00000000000001,0.0007300000000000002
18.93560224999983,0.09250000000000004,75.00000000000001,0.0007300000000000002
18.952285599999833,0.09250000000000004,75.00000000000001,0.0007300000000000002
18.968968949999834,0.09250000000000004,75.00000000000001,0.0007300000000000002
18.985652299999835,0.09250000000000004,75.00000000000001,0.0007300000000000002
19.002335649999836,0.09250000000000004,75.00000000000001,0.0007300000000000002
19.019018999999837,0.09250000000000004,75.00000000000001,0.0007300000000000002
19.035702349999838,0.09250000000000004,75.00000000000001,0.0007300000000000002
19.05238569999984,0.09250000000000004,75.00000000000001,0.0007300000000000002
19.06906904999984,0.09250000000000004,75.00000000000001,0.0007300000000000002
19.08575239999984,0.09250000000000004,75.00000000000001,0.0007300000000000002
19.10243574999984,0.09250000000000004,75.00000000000001,0.0007300000000000002
19.119119099999843,0.09250000000000004,75.00000000000001,0.0007300000000000002
19.135802449999844,0.09250000000000004,75.00000000000001,0.0007300000000000002
19.152485799999845,0.09250000000000004,75.00000000000001,0.0007300000000000002
19.169169149999846,0.09250000000000004,75.00000000000001,0.0007300000000000002
19.185852499999847,0.09250000000000004,75.00000000000001,0.0007300000000000002
19.202535849999848,0.09250000000000004,75.00000000000001,0.0007300000000000002
19.21921919999985,0.09250000000000004,75.00000000000001,0.0007300000000000002
19.23590254999985,0.09250000000000004,75.00000000000001,0.0007300000000000002
19.25258589999985,0.09250000000000004,75.00000000000001,0.0007300000000000002
19.26926924999985,0.09250000000000004,75.00000000000001,0.0007300000000000002
19.285952599999852,0.09250000000000004,75.00000000000001,0.0007300000000000002
19.302635949999853,0.09250000000000004,75.00000000000001,0.0007300000000000002
19.319319299999854,0.09250000000000004,75.00000000000001,0.0007300000000000002
19.336002649999855,0.09250000000000004,75.00000000000001,0.0007300000000000002
19.352685999999856,0.09250000000000004,75.00000000000001,0.0007300000000000002
19.369369349999857,0.09250000000000004,75.00000000000001,0.0007300000000000002
19.38605269999986,0.09250000000000004,75.00000000000001,0.0007300000000000002
19.40273604999986,0.09250000000000004,75.00000000000001,0.0007300000000000002
19.41941939999986,0.09250000000000004,75.00000000000001,0.0007300000000000002
19.43610274999986,0.09250000000000004,75.00000000000001,0.0007300000000000002
19.452786099999862,0.09250000000000004,75.00000000000001,0.0007300000000000002
19.469469449999863,0.09250000000000004,75.00000000000001,0.0007300000000000002
19.486152799999864,0.09250000000000004,75.00000000000001,0.0007300000000000002
19.502836149999865,0.09250000000000004,75.00000000000001,0.0007300000000000002
19.519519499999866,0.09250000000000004,75.00000000000001,0.0007300000000000002
19.536202849999867,0.09250000000000004,75.00000000000001,0.0007300000000000002
19.552886199999868,0.09250000000000004,75.00000000000001,0.0007300000000000002
19.56956954999987,0.09250000000000004,75.00000000000001,0.0007300000000000002
19.58625289999987,0.09250000000000004,75.00000000000001,0.0007300000000000002
19.60293624999987,0.09250000000000004,75.00000000000001,0.0007300000000000002
19.619619599999872,0.09250000000000004,75.00000000000001,0.0007300000000000002
19.636302949999873,0.09250000000000004,75.00000000000001,0.0007300000000000002
19.652986299999874,0.09250000000000004,75.00000000000001,0.0007300000000000002
19.669669649999875,0.09250000000000004,75.00000000000001,0.0007300000000000002
19.686352999999876,0.09250000000000004,75.00000000000001,0.0007300000000000002
19.703036349999877,0.09250000000000004,75.00000000000001,0.0007300000000000002
19.719719699999878,0.09250000000000004,75.00000000000001,0.0007300000000000002
19.73640304999988,0.09250000000000004,75.00000000000001,0.0007300000000000002
19.75308639999988,0.09250000000000004,75.00000000000001,0.0007300000000000002
19.76976974999988,0.09250000000000004,75.00000000000001,0.0007300000000000002
19.786453099999882,0.09250000000000004,75.00000000000001,0.0007300000000000002
19.803136449999883,0.09250000000000004,75.00000000000001,0.0007300000000000002
19.819819799999884,0.09250000000000004,75.00000000000001,0.0007300000000000002
19.836503149999885,0.09250000000000004,75.00000000000001,0.0007300000000000002
19.853186499999886,0.09250000000000004,75.00000000000001,0.0007300000000000002
19.869869849999887,0.09250000000000004,75.00000000000001,0.0007300000000000002
19.886553199999888,0.09250000000000004,75.00000000000001,0.0007300000000000002
19.90323654999989,0.09250000000000004,75.00000000000001,0.0007300000000000002
19.91991989999989,0.09250000000000004,75.00000000000001,0.0007300000000000002
19.93660324999989,0.09250000000000004,75.00000000000001,0.0007300000000000002
19.953286599999892,0.09250000000000004,75.00000000000001,0.0007300000000000002
19.969969949999893,0.09250000000000004,75.00000000000001,0.0007300000000000002
19.986653299999894,0.09250000000000004,75.00000000000001,0.0007300000000000002
20.003336649999895,0.09250000000000004,75.00000000000001,0.0007300000000000002
20.020019999999896,0.09250000000000004,75.00000000000001,0.0007300000000000002
20.036703349999897,0.09250000000000004,75.00000000000001,0.0007300000000000002
20.053386699999898,0.09250000000000004,75.00000000000001,0.0007300000000000002
20.0700700499999,0.09250000000000004,75.00000000000001,0.0007300000000000002
20.0867533999999,0.09250000000000004,75.00000000000001,0.0007300000000000002
20.1034367499999,0.09250000000000004,75.00000000000001,0.0007300000000000002
20.1201200999999,0.09250000000000004,75.00000000000001,0.0007300000000000002
20.136803449999903,0.09250000000000004,75.00000000000001,0.0007300000000000002
20.153486799999904,0.09250000000000004,75.00000000000001,0.0007300000000000002
20.170170149999905,0.09250000000000004,75.00000000000001,0.0007300000000000002
20.186853499999906,0.09250000000000004,75.00000000000001,0.0007300000000000002
20.203536849999907,0.09250000000000004,75.00000000000001,0.0007300000000000002
20.220220199999908,0.09250000000000004,75.00000000000001,0.0007300000000000002
20.23690354999991,0.09250000000000004,75.00000000000001,0.0007300000000000002
20.25358689999991,0.09250000000000004,75.00000000000001,0.0007300000000000002
20.27027024999991,0.09250000000000004,75.00000000000001,0.0007300000000000002
20.28695359999991,0.09250000000000004,75.00000000000001,0.0007300000000000002
20.303636949999913,0.09250000000000004,75.00000000000001,0.0007300000000000002
20.320320299999914,0.09250000000000004,75.00000000000001,0.0007300000000000002
20.337003649999915,0.09250000000000004,75.00000000000001,0.0007300000000000002
20.353686999999915,0.09250000000000004,75.00000000000001,0.0007300000000000002
20.370370349999916,0.09250000000000004,75.00000000000001,0.0007300000000000002
20.387053699999917,0.09250000000000004,75.00000000000001,0.0007300000000000002
20.40373704999992,0.09250000000000004,75.00000000000001,0.0007300000000000002
20.42042039999992,0.09250000000000004,75.00000000000001,0.0007300000000000002
20.43710374999992,0.09250000000000004,75.00000000000001,0.0007300000000000002
20.45378709999992,0.09250000000000004,75.00000000000001,0.0007300000000000002
20.470470449999922,0.09250000000000004,75.00000000000001,0.0007300000000000002
20.487153799999923,0.09250000000000004,75.00000000000001,0.0007300000000000002
20.503837149999924,0.09250000000000004,75.00000000000001,0.0007300000000000002
20.520520499999925,0.09250000000000004,75.00000000000001,0.0007300000000000002
20.537203849999926,0.09250000000000004,75.00000000000001,0.0007300000000000002
20.553887199999927,0.09250000000000004,75.00000000000001,0.0007300000000000002
20.57057054999993,0.09250000000000004,75.00000000000001,0.0007300000000000002
20.58725389999993,0.09250000000000004,75.00000000000001,0.0007300000000000002
20.60393724999993,0.09250000000000004,75.00000000000001,0.0007300000000000002
20.62062059999993,0.09250000000000004,75.00000000000001,0.0007300000000000002
20.637303949999932,0.09250000000000004,75.00000000000001,0.0007300000000000002
20.653987299999933,0.09250000000000004,75.00000000000001,0.0007300000000000002
20.670670649999934,0.09250000000000004,75.00000000000001,0.0007300000000000002
20.687353999999935,0.09250000000000004,75.00000000000001,0.0007300000000000002
20.704037349999936,0.09250000000000004,75.00000000000001,0.0007300000000000002
20.720720699999937,0.09250000000000004,75.00000000000001,0.0007300000000000002
20.737404049999938,0.09250000000000004,75.00000000000001,0.0007300000000000002
20.75408739999994,0.09250000000000004,75.00000000000001,0.0007300000000000002
20.77077074999994,0.09250000000000004,75.00000000000001,0.0007300000000000002
20.78745409999994,0.09250000000000004,75.00000000000001,0.0007300000000000002
20.804137449999942,0.09250000000000004,75.00000000000001,0.0007300000000000002
20.820820799999943,0.09250000000000004,75.00000000000001,0.0007300000000000002
20.837504149999944,0.09250000000000004,75.00000000000001,0.0007300000000000002
20.854187499999945,0.09250000000000004,75.00000000000001,0.0007300000000000002
20.870870849999946,0.09250000000000004,75.00000000000001,0.0007300000000000002
20.887554199999947,0.09250000000000004,75.00000000000001,0.0007300000000000002
20.904237549999948,0.09250000000000004,75.00000000000001,0.0007300000000000002
20.92092089999995,0.09250000000000004,75.00000000000001,0.0007300000000000002
20.93760424999995,0.09250000000000004,75.00000000000001,0.0007300000000000002
20.95428759999995,0.09250000000000004,75.00000000000001,0.0007300000000000002
20.970970949999952,0.09250000000000004,75.00000000000001,0.0007300000000000002
20.987654299999953,0.09250000000000004,75.00000000000001,0.0007300000000000002
21.004337649999954,0.09250000000000004,75.00000000000001,0.0007300000000000002
21.021020999999955,0.09250000000000004,75.00000000000001,0.0007300000000000002
21.037704349999956,0.09250000000000004,75.00000000000001,0.0007300000000000002
21.054387699999957,0.09250000000000004,75.00000000000001,0.0007300000000000002
21.071071049999958,0.09250000000000004,75.00000000000001,0.0007300000000000002
21.08775439999996,0.09250000000000004,75.00000000000001,0.0007300000000000002
21.10443774999996,0.09250000000000004,75.00000000000001,0.0007300000000000002
21.12112109999996,0.09250000000000004,75.00000000000001,0.0007300000000000002
21.13780444999996,0.09250000000000004,75.00000000000001,0.0007300000000000002
21.154487799999963,0.09250000000000004,75.00000000000001,0.0007300000000000002
21.171171149999964,0.09250000000000004,75.00000000000001,0.0007300000000000002
21.187854499999965,0.09250000000000004,75.00000000000001,0.0007300000000000002
21.204537849999966,0.09250000000000004,75.00000000000001,0.0007300000000000002
21.221221199999967,0.09250000000000004,75.00000000000001,0.0007300000000000002
21.237904549999968,0.09250000000000004,75.00000000000001,0.0007300000000000002
21.25458789999997,0.09250000000000004,75.00000000000001,0.0007300000000000002
21.27127124999997,0.09250000000000004,75.00000000000001,0.0007300000000000002
21.28795459999997,0.09250000000000004,75.00000000000001,0.0007300000000000002
21.30463794999997,0.09250000000000004,75.00000000000001,0.0007300000000000002
21.321321299999973,0.09250000000000004,75.00000000000001,0.0007300000000000002
21.338004649999974,0.09250000000000004,75.00000000000001,0.0007300000000000002
21.354687999999975,0.09250000000000004,75.00000000000001,0.0007300000000000002
21.371371349999976,0.09250000000000004,75.00000000000001,0.0007300000000000002
21.388054699999977,0.09250000000000004,75.00000000000001,0.0007300000000000002
21.404738049999978,0.09250000000000004,75.00000000000001,0.0007300000000000002
21.42142139999998,0.09250000000000004,75.00000000000001,0.0007300000000000002
21.43810474999998,0.09250000000000004,75.00000000000001,0.0007300000000000002
21.45478809999998,0.09250000000000004,75.00000000000001,0.0007300000000000002
21.47147144999998,0.09250000000000004,75.00000000000001,0.0007300000000000002
21.488154799999982,0.09250000000000004,75.00000000000001,0.0007300000000000002
21.504838149999983,0.09250000000000004,75.00000000000001,0.0007300000000000002
21.521521499999984,0.09250000000000004,75.00000000000001,0.0007300000000000002
21.538204849999985,0.09250000000000004,75.00000000000001,0.0007300000000000002
21.554888199999986,0.09250000000000004,75.00000000000001,0.0007300000000000002
21.571571549999987,0.09250000000000004,75.00000000000001,0.0007300000000000002
21.58825489999999,0.09250000000000004,75.00000000000001,0.0007300000000000002
21.60493824999999,0.09250000000000004,75.00000000000001,0.0007300000000000002
21.62162159999999,0.09250000000000004,75.00000000000001,0.0007300000000000002
21.63830494999999,0.09250000000000004,75.00000000000001,0.0007300000000000002
21.654988299999992,0.09250000000000004,75.00000000000001,0.0007300000000000002
21.671671649999993,0.09250000000000004,75.00000000000001,0.0007300000000000002
21.688354999999994,0.09250000000000004,75.00000000000001,0.0007300000000000002
21.705038349999995,0.09250000000000004,75.00000000000001,0.0007300000000000002
21.721721699999996,0.09250000000000004,75.00000000000001,0.0007300000000000002
21.738405049999997,0.09250000000000004,75.00000000000001,0.0007300000000000002
21.755088399999998,0.09250000000000004,75.00000000000001,0.0007300000000000002
21.77177175,0.09250000000000004,75.00000000000001,0.0007300000000000002
21.7884551,0.09250000000000004,75.00000000000001,0.0007300000000000002
21.80513845,0.09250000000000004,75.00000000000001,0.0007300000000000002
21.821821800000002,0.09250000000000004,75.00000000000001,0.0007300000000000002
21.838505150000003,0.09250000000000004,75.00000000000001,0.0007300000000000002
21.855188500000004,0.09250000000000004,75.00000000000001,0.0007300000000000002
21.871871850000005,0.09250000000000004,75.00000000000001,0.0007300000000000002
21.888555200000006,0.09250000000000004,75.00000000000001,0.0007300000000000002
21.905238550000007,0.09250000000000004,75.00000000000001,0.0007300000000000002
21.921921900000008,0.09250000000000004,75.00000000000001,0.0007300000000000002
21.93860525000001,0.09250000000000004,75.00000000000001,0.0007300000000000002
21.95528860000001,0.09250000000000004,75.00000000000001,0.0007300000000000002
21.97197195000001,0.09250000000000004,75.00000000000001,0.0007300000000000002
21.988655300000012,0.09250000000000004,75.00000000000001,0.0007300000000000002
22.005338650000013,0.09250000000000004,75.00000000000001,0.0007300000000000002
22.022022000000014,0.09250000000000004,75.00000000000001,0.0007300000000000002
22.038705350000015,0.09250000000000004,75.00000000000001,0.0007300000000000002
22.055388700000016,0.09250000000000004,75.00000000000001,0.0007300000000000002
22.072072050000017,0.09250000000000004,75.00000000000001,0.0007300000000000002
22.088755400000018,0.09250000000000004,75.00000000000001,0.0007300000000000002
22.10543875000002,0.09250000000000004,75.00000000000001,0.0007300000000000002
22.12212210000002,0.09250000000000004,75.00000000000001,0.0007300000000000002
22.13880545000002,0.09250000000000004,75.00000000000001,0.0007300000000000002
22.155488800000022,0.09250000000000004,75.00000000000001,0.0007300000000000002
22.172172150000023,0.09250000000000004,75.00000000000001,0.0007300000000000002
22.188855500000024,0.09250000000000004,75.00000000000001,0.0007300000000000002
22.205538850000025,0.09250000000000004,75.00000000000001,0.0007300000000000002
22.222222200000026,0.09250000000000004,75.00000000000001,0.0007300000000000002
22.238905550000027,0.09250000000000004,75.00000000000001,0.0007300000000000002
22.255588900000028,0.09250000000000004,75.00000000000001,0.0007300000000000002
22.27227225000003,0.09250000000000004,75.00000000000001,0.0007300000000000002
22.28895560000003,0.09250000000000004,75.00000000000001,0.0007300000000000002
22.30563895000003,0.09250000000000004,75.00000000000001,0.0007300000000000002
22.32232230000003,0.09250000000000004,75.00000000000001,0.0007300000000000002
22.339005650000033,0.09250000000000004,75.00000000000001,0.0007300000000000002
22.355689000000034,0.09250000000000004,75.00000000000001,0.0007300000000000002
22.372372350000035,0.09250000000000004,75.00000000000001,0.0007300000000000002
22.389055700000036,0.09250000000000004,75.00000000000001,0.0007300000000000002
22.405739050000037,0.09250000000000004,75.00000000000001,0.0007300000000000002
22.422422400000038,0.09250000000000004,75.00000000000001,0.0007300000000000002
22.43910575000004,0.09250000000000004,75.00000000000001,0.0007300000000000002
22.45578910000004,0.09250000000000004,75.00000000000001,0.0007300000000000002
22.47247245000004,0.09250000000000004,75.00000000000001,0.0007300000000000002
22.48915580000004,0.09250000000000004,75.00000000000001,0.0007300000000000002
22.505839150000043,0.09250000000000004,75.00000000000001,0.0007300000000000002
22.522522500000044,0.09250000000000004,75.00000000000001,0.0007300000000000002
22.539205850000045,0.09250000000000004,75.00000000000001,0.0007300000000000002
22.555889200000045,0.09250000000000004,75.00000000000001,0.0007300000000000002
22.572572550000046,0.09250000000000004,75.00000000000001,0.0007300000000000002
22.589255900000047,0.09250000000000004,75.00000000000001,0.0007300000000000002
22.60593925000005,0.09250000000000004,75.00000000000001,0.0007300000000000002
22.62262260000005,0.09250000000000004,75.00000000000001,0.0007300000000000002
22.63930595000005,0.09250000000000004,75.00000000000001,0.0007300000000000002
22.65598930000005,0.09250000000000004,75.00000000000001,0.0007300000000000002
22.672672650000052,0.09250000000000004,75.00000000000001,0.0007300000000000002
22.689356000000053,0.09250000000000004,75.00000000000001,0.0007300000000000002
22.706039350000054,0.09250000000000004,75.00000000000001,0.0007300000000000002
22.722722700000055,0.09250000000000004,75.00000000000001,0.0007300000000000002
22.739406050000056,0.09250000000000004,75.00000000000001,0.0007300000000000002
22.756089400000057,0.09250000000000004,75.00000000000001,0.0007300000000000002
22.77277275000006,0.09250000000000004,75.00000000000001,0.0007300000000000002
22.78945610000006,0.09250000000000004,75.00000000000001,0.0007300000000000002
22.80613945000006,0.09250000000000004,75.00000000000001,0.0007300000000000002
22.82282280000006,0.09250000000000004,75.00000000000001,0.0007300000000000002
22.839506150000062,0.09250000000000004,75.00000000000001,0.0007300000000000002
22.856189500000063,0.09250000000000004,75.00000000000001,0.0007300000000000002
22.872872850000064,0.09250000000000004,75.00000000000001,0.0007300000000000002
22.889556200000065,0.09250000000000004,75.00000000000001,0.0007300000000000002
22.906239550000066,0.09250000000000004,75.00000000000001,0.0007300000000000002
22.922922900000067,0.09250000000000004,75.00000000000001,0.0007300000000000002
22.939606250000068,0.09250000000000004,75.00000000000001,0.0007300000000000002
22.95628960000007,0.09250000000000004,75.00000000000001,0.0007300000000000002
22.97297295000007,0.09250000000000004,75.00000000000001,0.0007300000000000002
22.98965630000007,0.09250000000000004,75.00000000000001,0.0007300000000000002
23.006339650000072,0.09250000000000004,75.00000000000001,0.0007300000000000002
23.023023000000073,0.09250000000000004,75.00000000000001,0.0007300000000000002
23.039706350000074,0.09250000000000004,75.00000000000001,0.0007300000000000002
23.056389700000075,0.09250000000000004,75.00000000000001,0.0007300000000000002
23.073073050000076,0.09250000000000004,75.00000000000001,0.0007300000000000002
23.089756400000077,0.09250000000000004,75.00000000000001,0.0007300000000000002
23.106439750000078,0.09250000000000004,75.00000000000001,0.0007300000000000002
23.12312310000008,0.09250000000000004,75.00000000000001,0.0007300000000000002
23.13980645000008,0.09250000000000004,75.00000000000001,0.0007300000000000002
23.15648980000008,0.09250000000000004,75.00000000000001,0.0007300000000000002
23.173173150000082,0.09250000000000004,75.00000000000001,0.0007300000000000002
23.189856500000083,0.09250000000000004,75.00000000000001,0.0007300000000000002
23.206539850000084,0.09250000000000004,75.00000000000001,0.0007300000000000002
23.223223200000085,0.09250000000000004,75.00000000000001,0.0007300000000000002
23.239906550000086,0.09250000000000004,75.00000000000001,0.0007300000000000002
23.256589900000087,0.09250000000000004,75.00000000000001,0.0007300000000000002
23.273273250000088,0.09250000000000004,75.00000000000001,0.0007300000000000002
23.28995660000009,0.09250000000000004,75.00000000000001,0.0007300000000000002
23.30663995000009,0.09250000000000004,75.00000000000001,0.0007300000000000002
23.32332330000009,0.09250000000000004,75.00000000000001,0.0007300000000000002
23.340006650000092,0.09250000000000004,75.00000000000001,0.0007300000000000002
23.356690000000093,0.09250000000000004,75.00000000000001,0.0007300000000000002
23.373373350000094,0.09250000000000004,75.00000000000001,0.0007300000000000002
23.390056700000095,0.09250000000000004,75.00000000000001,0.0007300000000000002
23.406740050000096,0.09250000000000004,75.00000000000001,0.0007300000000000002
23.423423400000097,0.09250000000000004,75.00000000000001,0.0007300000000000002
23.440106750000098,0.09250000000000004,75.00000000000001,0.0007300000000000002
23.4567901000001,0.09250000000000004,75.00000000000001,0.0007300000000000002
23.4734734500001,0.09250000000000004,75.00000000000001,0.0007300000000000002
23.4901568000001,0.09250000000000004,75.00000000000001,0.0007300000000000002
23.5068401500001,0.09250000000000004,75.00000000000001,0.0007300000000000002
23.523523500000103,0.09250000000000004,75.00000000000001,0.0007300000000000002
23.540206850000104,0.09250000000000004,75.00000000000001,0.0007300000000000002
23.556890200000105,0.09250000000000004,75.00000000000001,0.0007300000000000002
23.573573550000106,0.09250000000000004,75.00000000000001,0.0007300000000000002
23.590256900000107,0.09250000000000004,75.00000000000001,0.0007300000000000002
23.606940250000108,0.09250000000000004,75.00000000000001,0.0007300000000000002
23.62362360000011,0.09250000000000004,75.00000000000001,0.0007300000000000002
23.64030695000011,0.09250000000000004,75.00000000000001,0.0007300000000000002
23.65699030000011,0.09250000000000004,75.00000000000001,0.0007300000000000002
23.67367365000011,0.09250000000000004,75.00000000000001,0.0007300000000000002
23.690357000000112,0.09250000000000004,75.00000000000001,0.0007300000000000002
23.707040350000113,0.09250000000000004,75.00000000000001,0.0007300000000000002
23.723723700000114,0.09250000000000004,75.00000000000001,0.0007300000000000002
23.740407050000115,0.09250000000000004,75.00000000000001,0.0007300000000000002
23.757090400000116,0.09250000000000004,75.00000000000001,0.0007300000000000002
23.773773750000117,0.09250000000000004,75.00000000000001,0.0007300000000000002
23.79045710000012,0.09250000000000004,75.00000000000001,0.0007300000000000002
23.80714045000012,0.09250000000000004,75.00000000000001,0.0007300000000000002
23.82382380000012,0.09250000000000004,75.00000000000001,0.0007300000000000002
23.84050715000012,0.09250000000000004,75.00000000000001,0.0007300000000000002
23.857190500000122,0.09250000000000004,75.00000000000001,0.0007300000000000002
23.873873850000123,0.09250000000000004,75.00000000000001,0.0007300000000000002
23.890557200000124,0.09250000000000004,75.00000000000001,0.0007300000000000002
23.907240550000125,0.09250000000000004,75.00000000000001,0.0007300000000000002
23.923923900000126,0.09250000000000004,75.00000000000001,0.0007300000000000002
23.940607250000127,0.09250000000000004,75.00000000000001,0.0007300000000000002
23.957290600000128,0.09250000000000004,75.00000000000001,0.0007300000000000002
23.97397395000013,0.09250000000000004,75.00000000000001,0.0007300000000000002
23.99065730000013,0.09250000000000004,75.00000000000001,0.0007300000000000002
24.00734065000013,0.09250000000000004,75.00000000000001,0.0007300000000000002
24.024024000000132,0.09250000000000004,75.00000000000001,0.0007300000000000002
24.040707350000133,0.09250000000000004,75.00000000000001,0.0007300000000000002
24.057390700000134,0.09250000000000004,75.00000000000001,0.0007300000000000002
24.074074050000135,0.09250000000000004,75.00000000000001,0.0007300000000000002
24.090757400000136,0.09250000000000004,75.00000000000001,0.0007300000000000002
24.107440750000137,0.09250000000000004,75.00000000000001,0.0007300000000000002
24.124124100000138,0.09250000000000004,75.00000000000001,0.0007300000000000002
24.14080745000014,0.09250000000000004,75.00000000000001,0.0007300000000000002
24.15749080000014,0.09250000000000004,75.00000000000001,0.0007300000000000002
24.17417415000014,0.09250000000000004,75.00000000000001,0.0007300000000000002
24.190857500000142,0.09250000000000004,75.00000000000001,0.0007300000000000002
24.207540850000143,0.09250000000000004,75.00000000000001,0.0007300000000000002
24.224224200000144,0.09250000000000004,75.00000000000001,0.0007300000000000002
24.240907550000145,0.09250000000000004,75.00000000000001,0.0007300000000000002
24.257590900000146,0.09250000000000004,75.00000000000001,0.0007300000000000002
24.274274250000147,0.09250000000000004,75.00000000000001,0.0007300000000000002
24.290957600000148,0.09250000000000004,75.00000000000001,0.0007300000000000002
24.30764095000015,0.09250000000000004,75.00000000000001,0.0007300000000000002
24.32432430000015,0.09250000000000004,75.00000000000001,0.0007300000000000002
24.34100765000015,0.09250000000000004,75.00000000000001,0.0007300000000000002
24.357691000000152,0.09250000000000004,75.00000000000001,0.0007300000000000002
24.374374350000153,0.09250000000000004,75.00000000000001,0.0007300000000000002
24.391057700000154,0.09250000000000004,75.00000000000001,0.0007300000000000002
24.407741050000155,0.09250000000000004,75.00000000000001,0.0007300000000000002
24.424424400000156,0.09250000000000004,75.00000000000001,0.0007300000000000002
24.441107750000157,0.09250000000000004,75.00000000000001,0.0007300000000000002
24.457791100000158,0.09250000000000004,75.00000000000001,0.0007300000000000002
24.47447445000016,0.09250000000000004,75.00000000000001,0.0007300000000000002
24.49115780000016,0.09250000000000004,75.00000000000001,0.0007300000000000002
24.50784115000016,0.09250000000000004,75.00000000000001,0.0007300000000000002
24.52452450000016,0.09250000000000004,75.00000000000001,0.0007300000000000002
24.541207850000163,0.09250000000000004,75.00000000000001,0.0007300000000000002
24.557891200000164,0.09250000000000004,75.00000000000001,0.0007300000000000002
24.574574550000165,0.09250000000000004,75.00000000000001,0.0007300000000000002
24.591257900000166,0.09250000000000004,75.00000000000001,0.0007300000000000002
24.607941250000167,0.09250000000000004,75.00000000000001,0.0007300000000000002
24.624624600000168,0.09250000000000004,75.00000000000001,0.0007300000000000002
24.64130795000017,0.09250000000000004,75.00000000000001,0.0007300000000000002
24.65799130000017,0.09250000000000004,75.00000000000001,0.0007300000000000002
24.67467465000017,0.09250000000000004,75.00000000000001,0.0007300000000000002
24.69135800000017,0.09250000000000004,75.00000000000001,0.0007300000000000002
24.708041350000173,0.09250000000000004,75.00000000000001,0.0007300000000000002
24.724724700000174,0.09250000000000004,75.00000000000001,0.0007300000000000002
24.741408050000175,0.09250000000000004,75.00000000000001,0.0007300000000000002
24.758091400000175,0.09250000000000004,75.00000000000001,0.0007300000000000002
24.774774750000176,0.09250000000000004,75.00000000000001,0.0007300000000000002
24.791458100000177,0.09250000000000004,75.00000000000001,0.0007300000000000002
24.80814145000018,0.09250000000000004,75.00000000000001,0.0007300000000000002
24.82482480000018,0.09250000000000004,75.00000000000001,0.0007300000000000002
24.84150815000018,0.09250000000000004,75.00000000000001,0.0007300000000000002
24.85819150000018,0.09250000000000004,75.00000000000001,0.0007300000000000002
24.874874850000182,0.09250000000000004,75.00000000000001,0.0007300000000000002
24.891558200000183,0.09250000000000004,75.00000000000001,0.0007300000000000002
24.908241550000184,0.09250000000000004,75.00000000000001,0.0007300000000000002
24.924924900000185,0.09250000000000004,75.00000000000001,0.0007300000000000002
24.941608250000186,0.09250000000000004,75.00000000000001,0.0007300000000000002
24.958291600000187,0.09250000000000004,75.00000000000001,0.0007300000000000002
24.97497495000019,0.09250000000000004,75.00000000000001,0.0007300000000000002
24.99165830000019,0.09250000000000004,75.00000000000001,0.0007300000000000002
25.00834165000019,0.09250000000000004,75.00000000000001,0.0007300000000000002
25.02502500000019,0.09250000000000004,75.00000000000001,0.0007300000000000002
25.041708350000192,0.09250000000000004,75.00000000000001,0.0007300000000000002
25.058391700000193,0.09250000000000004,75.00000000000001,0.0007300000000000002
25.075075050000194,0.09250000000000004,75.00000000000001,0.0007300000000000002
25.091758400000195,0.09250000000000004,75.00000000000001,0.0007300000000000002
25.108441750000196,0.09250000000000004,75.00000000000001,0.0007300000000000002
25.125125100000197,0.09250000000000004,75.00000000000001,0.0007300000000000002
25.141808450000198,0.09250000000000004,75.00000000000001,0.0007300000000000002
25.1584918000002,0.09250000000000004,75.00000000000001,0.0007300000000000002
25.1751751500002,0.09250000000000004,75.00000000000001,0.0007300000000000002
25.1918585000002,0.09250000000000004,75.00000000000001,0.0007300000000000002
25.208541850000202,0.09250000000000004,75.00000000000001,0.0007300000000000002
25.225225200000203,0.09250000000000004,75.00000000000001,0.0007300000000000002
25.241908550000204,0.09250000000000004,75.00000000000001,0.0007300000000000002
25.258591900000205,0.09250000000000004,75.00000000000001,0.0007300000000000002
25.275275250000206,0.09250000000000004,75.00000000000001,0.0007300000000000002
25.291958600000207,0.09250000000000004,75.00000000000001,0.0007300000000000002
25.308641950000208,0.09250000000000004,75.00000000000001,0.0007300000000000002
25.32532530000021,0.09250000000000004,75.00000000000001,0.0007300000000000002
25.34200865000021,0.09250000000000004,75.00000000000001,0.0007300000000000002
25.35869200000021,0.09250000000000004,75.00000000000001,0.0007300000000000002
25.375375350000212,0.09250000000000004,75.00000000000001,0.0007300000000000002
25.392058700000213,0.09250000000000004,75.00000000000001,0.0007300000000000002
25.408742050000214,0.09250000000000004,75.00000000000001,0.0007300000000000002
25.425425400000215,0.09250000000000004,75.00000000000001,0.0007300000000000002
25.442108750000216,0.09250000000000004,75.00000000000001,0.0007300000000000002
25.458792100000217,0.09250000000000004,75.00000000000001,0.0007300000000000002
25.475475450000218,0.09250000000000004,75.00000000000001,0.0007300000000000002
25.49215880000022,0.09250000000000004,75.00000000000001,0.0007300000000000002
25.50884215000022,0.09250000000000004,75.00000000000001,0.0007300000000000002
25.52552550000022,0.09250000000000004,75.00000000000001,0.0007300000000000002
25.542208850000222,0.09250000000000004,75.00000000000001,0.0007300000000000002
25.558892200000223,0.09250000000000004,75.00000000000001,0.0007300000000000002
25.575575550000224,0.09250000000000004,75.00000000000001,0.0007300000000000002
25.592258900000225,0.09250000000000004,75.00000000000001,0.0007300000000000002
25.608942250000226,0.09250000000000004,75.00000000000001,0.0007300000000000002
25.625625600000227,0.09250000000000004,75.00000000000001,0.0007300000000000002
25.642308950000228,0.09250000000000004,75.00000000000001,0.0007300000000000002
25.65899230000023,0.09250000000000004,75.00000000000001,0.0007300000000000002
25.67567565000023,0.09250000000000004,75.00000000000001,0.0007300000000000002
25.69235900000023,0.09250000000000004,75.00000000000001,0.0007300000000000002
25.70904235000023,0.09250000000000004,75.00000000000001,0.0007300000000000002
25.725725700000233,0.09250000000000004,75.00000000000001,0.0007300000000000002
25.742409050000234,0.09250000000000004,75.00000000000001,0.0007300000000000002
25.759092400000235,0.09250000000000004,75.00000000000001,0.0007300000000000002
25.775775750000236,0.09250000000000004,75.00000000000001,0.0007300000000000002
25.792459100000237,0.09250000000000004,75.00000000000001,0.0007300000000000002
25.809142450000238,0.09250000000000004,75.00000000000001,0.0007300000000000002
25.82582580000024,0.09250000000000004,75.00000000000001,0.0007300000000000002
25.84250915000024,0.09250000000000004,75.00000000000001,0.0007300000000000002
25.85919250000024,0.09250000000000004,75.00000000000001,0.0007300000000000002
25.87587585000024,0.09250000000000004,75.00000000000001,0.0007300000000000002
25.892559200000242,0.09250000000000004,75.00000000000001,0.0007300000000000002
25.909242550000243,0.09250000000000004,75.00000000000001,0.0007300000000000002
25.925925900000244,0.09250000000000004,75.00000000000001,0.0007300000000000002
25.942609250000245,0.09250000000000004,75.00000000000001,0.0007300000000000002
25.959292600000246,0.09250000000000004,75.00000000000001,0.0007300000000000002
25.975975950000247,0.09250000000000004,75.00000000000001,0.0007300000000000002
25.99265930000025,0.09250000000000004,75.00000000000001,0.0007300000000000002
26.00934265000025,0.09250000000000004,75.00000000000001,0.0007300000000000002
26.02602600000025,0.09250000000000004,75.00000000000001,0.0007300000000000002
26.04270935000025,0.09250000000000004,75.00000000000001,0.0007300000000000002
26.059392700000252,0.09250000000000004,75.00000000000001,0.0007300000000000002
26.076076050000253,0.09250000000000004,75.00000000000001,0.0007300000000000002
26.092759400000254,0.09250000000000004,75.00000000000001,0.0007300000000000002
26.109442750000255,0.09250000000000004,75.00000000000001,0.0007300000000000002
26.126126100000256,0.09250000000000004,75.00000000000001,0.0007300000000000002
26.142809450000257,0.09250000000000004,75.00000000000001,0.0007300000000000002
26.15949280000026,0.09250000000000004,75.00000000000001,0.0007300000000000002
26.17617615000026,0.09250000000000004,75.00000000000001,0.0007300000000000002
26.19285950000026,0.09250000000000004,75.00000000000001,0.0007300000000000002
26.20954285000026,0.09250000000000004,75.00000000000001,0.0007300000000000002
26.226226200000262,0.09250000000000004,75.00000000000001,0.0007300000000000002
26.242909550000263,0.09250000000000004,75.00000000000001,0.0007300000000000002
26.259592900000264,0.09250000000000004,75.00000000000001,0.0007300000000000002
26.276276250000265,0.09250000000000004,75.00000000000001,0.0007300000000000002
26.292959600000266,0.09250000000000004,75.00000000000001,0.0007300000000000002
26.309642950000267,0.09250000000000004,75.00000000000001,0.0007300000000000002
26.326326300000268,0.09250000000000004,75.00000000000001,0.0007300000000000002
26.34300965000027,0.09250000000000004,75.00000000000001,0.0007300000000000002
26.35969300000027,0.09250000000000004,75.00000000000001,0.0007300000000000002
26.37637635000027,0.09250000000000004,75.00000000000001,0.0007300000000000002
26.393059700000272,0.09250000000000004,75.00000000000001,0.0007300000000000002
26.409743050000273,0.09250000000000004,75.00000000000001,0.0007300000000000002
26.426426400000274,0.09250000000000004,75.00000000000001,0.0007300000000000002
26.443109750000275,0.09250000000000004,75.00000000000001,0.0007300000000000002
26.459793100000276,0.09250000000000004,75.00000000000001,0.0007300000000000002
26.476476450000277,0.09250000000000004,75.00000000000001,0.0007300000000000002
26.493159800000278,0.09250000000000004,75.00000000000001,0.0007300000000000002
26.50984315000028,0.09250000000000004,75.00000000000001,0.0007300000000000002
26.52652650000028,0.09250000000000004,75.00000000000001,0.0007300000000000002
26.54320985000028,0.09250000000000004,75.00000000000001,0.0007300000000000002
26.559893200000282,0.09250000000000004,75.00000000000001,0.0007300000000000002
26.576576550000283,0.09250000000000004,75.00000000000001,0.0007300000000000002
26.593259900000284,0.09250000000000004,75.00000000000001,0.0007300000000000002
26.609943250000285,0.09250000000000004,75.00000000000001,0.0007300000000000002
26.626626600000286,0.09250000000000004,75.00000000000001,0.0007300000000000002
26.643309950000287,0.09250000000000004,75.00000000000001,0.0007300000000000002
26.659993300000288,0.09250000000000004,75.00000000000001,0.0007300000000000002
26.67667665000029,0.09250000000000004,75.00000000000001,0.0007300000000000002
26.69336000000029,0.09250000000000004,75.00000000000001,0.0007300000000000002
26.71004335000029,0.09250000000000004,75.00000000000001,0.0007300000000000002
26.72672670000029,0.09250000000000004,75.00000000000001,0.0007300000000000002
26.743410050000293,0.09250000000000004,75.00000000000001,0.0007300000000000002
26.760093400000294,0.09250000000000004,75.00000000000001,0.0007300000000000002
26.776776750000295,0.09250000000000004,75.00000000000001,0.0007300000000000002
26.793460100000296,0.09250000000000004,75.00000000000001,0.0007300000000000002
26.810143450000297,0.09250000000000004,75.00000000000001,0.0007300000000000002
26.826826800000298,0.09250000000000004,75.00000000000001,0.0007300000000000002
26.8435101500003,0.09250000000000004,75.00000000000001,0.0007300000000000002
26.8601935000003,0.09250000000000004,75.00000000000001,0.0007300000000000002
26.8768768500003,0.09250000000000004,75.00000000000001,0.0007300000000000002
26.8935602000003,0.09250000000000004,75.00000000000001,0.0007300000000000002
26.910243550000303,0.09250000000000004,75.00000000000001,0.0007300000000000002
26.926926900000304,0.09250000000000004,75.00000000000001,0.0007300000000000002
26.943610250000305,0.09250000000000004,75.00000000000001,0.0007300000000000002
26.960293600000306,0.09250000000000004,75.00000000000001,0.0007300000000000002
26.976976950000306,0.09250000000000004,75.00000000000001,0.0007300000000000002
26.993660300000307,0.09250000000000004,75.00000000000001,0.0007300000000000002
27.01034365000031,0.09250000000000004,75.00000000000001,0.0007300000000000002
27.02702700000031,0.09250000000000004,75.00000000000001,0.0007300000000000002
27.04371035000031,0.09250000000000004,75.00000000000001,0.0007300000000000002
27.06039370000031,0.09250000000000004,75.00000000000001,0.0007300000000000002
27.077077050000312,0.09250000000000004,75.00000000000001,0.0007300000000000002
27.093760400000313,0.09250000000000004,75.00000000000001,0.0007300000000000002
27.110443750000314,0.09250000000000004,75.00000000000001,0.0007300000000000002
27.127127100000315,0.09250000000000004,75.00000000000001,0.0007300000000000002
27.143810450000316,0.09250000000000004,75.00000000000001,0.0007300000000000002
27.160493800000317,0.09250000000000004,75.00000000000001,0.0007300000000000002
27.17717715000032,0.09250000000000004,75.00000000000001,0.0007300000000000002
27.19386050000032,0.09250000000000004,75.00000000000001,0.0007300000000000002
27.21054385000032,0.09250000000000004,75.00000000000001,0.0007300000000000002
27.22722720000032,0.09250000000000004,75.00000000000001,0.0007300000000000002
27.243910550000322,0.09250000000000004,75.00000000000001,0.0007300000000000002
27.260593900000323,0.09250000000000004,75.00000000000001,0.0007300000000000002
27.277277250000324,0.09250000000000004,75.00000000000001,0.0007300000000000002
27.293960600000325,0.09250000000000004,75.00000000000001,0.0007300000000000002
27.310643950000326,0.09250000000000004,75.00000000000001,0.0007300000000000002
27.327327300000327,0.09250000000000004,75.00000000000001,0.0007300000000000002
27.344010650000328,0.09250000000000004,75.00000000000001,0.0007300000000000002
27.36069400000033,0.09250000000000004,75.00000000000001,0.0007300000000000002
27.37737735000033,0.09250000000000004,75.00000000000001,0.0007300000000000002
27.39406070000033,0.09250000000000004,75.00000000000001,0.0007300000000000002
27.410744050000332,0.09250000000000004,75.00000000000001,0.0007300000000000002
27.427427400000333,0.09250000000000004,75.00000000000001,0.0007300000000000002
27.444110750000334,0.09250000000000004,75.00000000000001,0.0007300000000000002
27.460794100000335,0.09250000000000004,75.00000000000001,0.0007300000000000002
27.477477450000336,0.09250000000000004,75.00000000000001,0.0007300000000000002
27.494160800000337,0.09250000000000004,75.00000000000001,0.0007300000000000002
27.510844150000338,0.09250000000000004,75.00000000000001,0.0007300000000000002
27.52752750000034,0.09250000000000004,75.00000000000001,0.0007300000000000002
27.54421085000034,0.09250000000000004,75.00000000000001,0.0007300000000000002
27.56089420000034,0.09250000000000004,75.00000000000001,0.0007300000000000002
27.577577550000342,0.09250000000000004,75.00000000000001,0.0007300000000000002
27.594260900000343,0.09250000000000004,75.00000000000001,0.0007300000000000002
27.610944250000344,0.09250000000000004,75.00000000000001,0.0007300000000000002
27.627627600000345,0.09250000000000004,75.00000000000001,0.0007300000000000002
27.644310950000346,0.09250000000000004,75.00000000000001,0.0007300000000000002
27.660994300000347,0.09250000000000004,75.00000000000001,0.0007300000000000002
27.677677650000348,0.09250000000000004,75.00000000000001,0.0007300000000000002
27.69436100000035,0.09250000000000004,75.00000000000001,0.0007300000000000002
27.71104435000035,0.09250000000000004,75.00000000000001,0.0007300000000000002
27.72772770000035,0.09250000000000004,75.00000000000001,0.0007300000000000002
27.744411050000352,0.09250000000000004,75.00000000000001,0.0007300000000000002
27.761094400000353,0.09250000000000004,75.00000000000001,0.0007300000000000002
27.777777750000354,0.09250000000000004,75.00000000000001,0.0007300000000000002
27.794461100000355,0.09250000000000004,75.00000000000001,0.0007300000000000002
27.811144450000356,0.09250000000000004,75.00000000000001,0.0007300000000000002
27.827827800000357,0.09250000000000004,75.00000000000001,0.0007300000000000002
27.844511150000358,0.09250000000000004,75.00000000000001,0.0007300000000000002
27.86119450000036,0.09250000000000004,75.00000000000001,0.0007300000000000002
27.87787785000036,0.09250000000000004,75.00000000000001,0.0007300000000000002
27.89456120000036,0.09250000000000004,75.00000000000001,0.0007300000000000002
27.91124455000036,0.09250000000000004,75.00000000000001,0.0007300000000000002
27.927927900000363,0.09250000000000004,75.00000000000001,0.0007300000000000002
27.944611250000364,0.09250000000000004,75.00000000000001,0.0007300000000000002
27.961294600000365,0.09250000000000004,75.00000000000001,0.0007300000000000002
27.977977950000366,0.09250000000000004,75.00000000000001,0.0007300000000000002
27.994661300000367,0.09250000000000004,75.00000000000001,0.0007300000000000002
28.011344650000368,0.09250000000000004,75.00000000000001,0.0007300000000000002
28.02802800000037,0.09250000000000004,75.00000000000001,0.0007300000000000002
28.04471135000037,0.09250000000000004,75.00000000000001,0.0007300000000000002
28.06139470000037,0.09250000000000004,75.00000000000001,0.0007300000000000002
28.07807805000037,0.09250000000000004,75.00000000000001,0.0007300000000000002
28.094761400000372,0.09250000000000004,75.00000000000001,0.0007300000000000002
28.111444750000373,0.09250000000000004,75.00000000000001,0.0007300000000000002
28.128128100000374,0.09250000000000004,75.00000000000001,0.0007300000000000002
28.144811450000375,0.09250000000000004,75.00000000000001,0.0007300000000000002
28.161494800000376,0.09250000000000004,75.00000000000001,0.0007300000000000002
28.178178150000377,0.09250000000000004,75.00000000000001,0.0007300000000000002
28.19486150000038,0.09250000000000004,75.00000000000001,0.0007300000000000002
28.21154485000038,0.09250000000000004,75.00000000000001,0.0007300000000000002
28.22822820000038,0.09250000000000004,75.00000000000001,0.0007300000000000002
28.24491155000038,0.09250000000000004,75.00000000000001,0.0007300000000000002
28.261594900000382,0.09250000000000004,75.00000000000001,0.0007300000000000002
28.278278250000383,0.09250000000000004,75.00000000000001,0.0007300000000000002
28.294961600000384,0.09250000000000004,75.00000000000001,0.0007300000000000002
28.311644950000385,0.09250000000000004,75.00000000000001,0.0007300000000000002
28.328328300000386,0.09250000000000004,75.00000000000001,0.0007300000000000002
28.345011650000387,0.09250000000000004,75.00000000000001,0.0007300000000000002
28.36169500000039,0.09250000000000004,75.00000000000001,0.0007300000000000002
28.37837835000039,0.09250000000000004,75.00000000000001,0.0007300000000000002
28.39506170000039,0.09250000000000004,75.00000000000001,0.0007300000000000002
28.41174505000039,0.09250000000000004,75.00000000000001,0.0007300000000000002
28.428428400000392,0.09250000000000004,75.00000000000001,0.0007300000000000002
28.445111750000393,0.09250000000000004,75.00000000000001,0.0007300000000000002
28.461795100000394,0.09250000000000004,75.00000000000001,0.0007300000000000002
28.478478450000395,0.09250000000000004,75.00000000000001,0.0007300000000000002
28.495161800000396,0.09250000000000004,75.00000000000001,0.0007300000000000002
28.511845150000397,0.09250000000000004,75.00000000000001,0.0007300000000000002
28.528528500000398,0.09250000000000004,75.00000000000001,0.0007300000000000002
28.5452118500004,0.09250000000000004,75.00000000000001,0.0007300000000000002
28.5618952000004,0.09250000000000004,75.00000000000001,0.0007300000000000002
28.5785785500004,0.09250000000000004,75.00000000000001,0.0007300000000000002
28.595261900000402,0.09250000000000004,75.00000000000001,0.0007300000000000002
28.611945250000403,0.09250000000000004,75.00000000000001,0.0007300000000000002
28.628628600000404,0.09250000000000004,75.00000000000001,0.0007300000000000002
28.645311950000405,0.09250000000000004,75.00000000000001,0.0007300000000000002
28.661995300000406,0.09250000000000004,75.00000000000001,0.0007300000000000002
28.678678650000407,0.09250000000000004,75.00000000000001,0.0007300000000000002
28.695362000000408,0.09250000000000004,75.00000000000001,0.0007300000000000002
28.71204535000041,0.09250000000000004,75.00000000000001,0.0007300000000000002
28.72872870000041,0.09250000000000004,75.00000000000001,0.0007300000000000002
28.74541205000041,0.09250000000000004,75.00000000000001,0.0007300000000000002
28.762095400000412,0.09250000000000004,75.00000000000001,0.0007300000000000002
28.778778750000413,0.09250000000000004,75.00000000000001,0.0007300000000000002
28.795462100000414,0.09250000000000004,75.00000000000001,0.0007300000000000002
28.812145450000415,0.09250000000000004,75.00000000000001,0.0007300000000000002
28.828828800000416,0.09250000000000004,75.00000000000001,0.0007300000000000002
28.845512150000417,0.09250000000000004,75.00000000000001,0.0007300000000000002
28.862195500000418,0.09250000000000004,75.00000000000001,0.0007300000000000002
28.87887885000042,0.09250000000000004,75.00000000000001,0.0007300000000000002
28.89556220000042,0.09250000000000004,75.00000000000001,0.0007300000000000002
28.91224555000042,0.09250000000000004,75.00000000000001,0.0007300000000000002
28.92892890000042,0.09250000000000004,75.00000000000001,0.0007300000000000002
28.945612250000423,0.09250000000000004,75.00000000000001,0.0007300000000000002
28.962295600000424,0.09250000000000004,75.00000000000001,0.0007300000000000002
28.978978950000425,0.09250000000000004,75.00000000000001,0.0007300000000000002
28.995662300000426,0.09250000000000004,75.00000000000001,0.0007300000000000002
29.012345650000427,0.09250000000000004,75.00000000000001,0.0007300000000000002
29.029029000000428,0.09250000000000004,75.00000000000001,0.0007300000000000002
29.04571235000043,0.09250000000000004,75.00000000000001,0.0007300000000000002
29.06239570000043,0.09250000000000004,75.00000000000001,0.0007300000000000002
29.07907905000043,0.09250000000000004,75.00000000000001,0.0007300000000000002
29.09576240000043,0.09250000000000004,75.00000000000001,0.0007300000000000002
29.112445750000433,0.09250000000000004,75.00000000000001,0.0007300000000000002
29.129129100000434,0.09250000000000004,75.00000000000001,0.0007300000000000002
29.145812450000435,0.09250000000000004,75.00000000000001,0.0007300000000000002
29.162495800000436,0.09250000000000004,75.00000000000001,0.0007300000000000002
29.179179150000436,0.09250000000000004,75.00000000000001,0.0007300000000000002
29.195862500000437,0.09250000000000004,75.00000000000001,0.0007300000000000002
29.21254585000044,0.09250000000000004,75.00000000000001,0.0007300000000000002
29.22922920000044,0.09250000000000004,75.00000000000001,0.0007300000000000002
29.24591255000044,0.09250000000000004,75.00000000000001,0.0007300000000000002
29.26259590000044,0.09250000000000004,75.00000000000001,0.0007300000000000002
29.279279250000442,0.09250000000000004,75.00000000000001,0.0007300000000000002
29.295962600000443,0.09250000000000004,75.00000000000001,0.0007300000000000002
29.312645950000444,0.09250000000000004,75.00000000000001,0.0007300000000000002
29.329329300000445,0.09250000000000004,75.00000000000001,0.0007300000000000002
29.346012650000446,0.09250000000000004,75.00000000000001,0.0007300000000000002
29.362696000000447,0.09250000000000004,75.00000000000001,0.0007300000000000002
29.37937935000045,0.09250000000000004,75.00000000000001,0.0007300000000000002
29.39606270000045,0.09250000000000004,75.00000000000001,0.0007300000000000002
29.41274605000045,0.09250000000000004,75.00000000000001,0.0007300000000000002
29.42942940000045,0.09250000000000004,75.00000000000001,0.0007300000000000002
29.446112750000452,0.09250000000000004,75.00000000000001,0.0007300000000000002
29.462796100000453,0.09250000000000004,75.00000000000001,0.0007300000000000002
29.479479450000454,0.09250000000000004,75.00000000000001,0.0007300000000000002
29.496162800000455,0.09250000000000004,75.00000000000001,0.0007300000000000002
29.512846150000456,0.09250000000000004,75.00000000000001,0.0007300000000000002
29.529529500000457,0.09250000000000004,75.00000000000001,0.0007300000000000002
29.546212850000458,0.09250000000000004,75.00000000000001,0.0007300000000000002
29.56289620000046,0.09250000000000004,75.00000000000001,0.0007300000000000002
29.57957955000046,0.09250000000000004,75.00000000000001,0.0007300000000000002
29.59626290000046,0.09250000000000004,75.00000000000001,0.0007300000000000002
29.612946250000462,0.09250000000000004,75.00000000000001,0.0007300000000000002
29.629629600000463,0.09250000000000004,75.00000000000001,0.0007300000000000002
29.646312950000464,0.09250000000000004,75.00000000000001,0.0007300000000000002
29.662996300000465,0.09250000000000004,75.00000000000001,0.0007300000000000002
29.679679650000466,0.09250000000000004,75.00000000000001,0.0007300000000000002
29.696363000000467,0.09250000000000004,75.00000000000001,0.0007300000000000002
29.713046350000468,0.09250000000000004,75.00000000000001,0.0007300000000000002
29.72972970000047,0.09250000000000004,75.00000000000001,0.0007300000000000002
29.74641305000047,0.09250000000000004,75.00000000000001,0.0007300000000000002
29.76309640000047,0.09250000000000004,75.00000000000001,0.0007300000000000002
29.779779750000472,0.09250000000000004,75.00000000000001,0.0007300000000000002
29.796463100000473,0.09250000000000004,75.00000000000001,0.0007300000000000002
29.813146450000474,0.09250000000000004,75.00000000000001,0.0007300000000000002
29.829829800000475,0.09250000000000004,75.00000000000001,0.0007300000000000002
29.846513150000476,0.09250000000000004,75.00000000000001,0.0007300000000000002
29.863196500000477,0.09250000000000004,75.00000000000001,0.0007300000000000002
29.879879850000478,0.09250000000000004,75.00000000000001,0.0007300000000000002
29.89656320000048,0.09250000000000004,75.00000000000001,0.0007300000000000002
29.91324655000048,0.09250000000000004,75.00000000000001,0.0007300000000000002
29.92992990000048,0.09250000000000004,75.00000000000001,0.0007300000000000002
29.946613250000482,0.09250000000000004,75.00000000000001,0.0007300000000000002
29.963296600000483,0.09250000000000004,75.00000000000001,0.0007300000000000002
29.979979950000484,0.09250000000000004,75.00000000000001,0.0007300000000000002
29.996663300000485,0.09250000000000004,75.00000000000001,0.0007300000000000002
30.013346650000486,0.09250000000000004,75.00000000000001,0.0007300000000000002
30.030030000000487,0.09250000000000004,75.00000000000001,0.0007300000000000002
30.046713350000488,0.09250000000000004,75.00000000000001,0.0007300000000000002
30.06339670000049,0.09250000000000004,75.00000000000001,0.0007300000000000002
30.08008005000049,0.09250000000000004,75.00000000000001,0.0007300000000000002
30.09676340000049,0.09250000000000004,75.00000000000001,0.0007300000000000002
30.11344675000049,0.09250000000000004,75.00000000000001,0.0007300000000000002
30.130130100000493,0.09250000000000004,75.00000000000001,0.0007300000000000002
30.146813450000494,0.09250000000000004,75.00000000000001,0.0007300000000000002
30.163496800000495,0.09250000000000004,75.00000000000001,0.0007300000000000002
30.180180150000496,0.09250000000000004,75.00000000000001,0.0007300000000000002
30.196863500000497,0.09250000000000004,75.00000000000001,0.0007300000000000002
30.213546850000498,0.09250000000000004,75.00000000000001,0.0007300000000000002
30.2302302000005,0.09250000000000004,75.00000000000001,0.0007300000000000002
30.2469135500005,0.09250000000000004,75.00000000000001,0.0007300000000000002
30.2635969000005,0.09250000000000004,75.00000000000001,0.0007300000000000002
30.2802802500005,0.09250000000000004,75.00000000000001,0.0007300000000000002
30.296963600000502,0.09250000000000004,75.00000000000001,0.0007300000000000002
30.313646950000503,0.09250000000000004,75.00000000000001,0.0007300000000000002
30.330330300000504,0.09250000000000004,75.00000000000001,0.0007300000000000002
30.347013650000505,0.09250000000000004,75.00000000000001,0.0007300000000000002
30.363697000000506,0.09250000000000004,75.00000000000001,0.0007300000000000002
30.380380350000507,0.09250000000000004,75.00000000000001,0.0007300000000000002
30.39706370000051,0.09250000000000004,75.00000000000001,0.0007300000000000002
30.41374705000051,0.09250000000000004,75.00000000000001,0.0007300000000000002
30.43043040000051,0.09250000000000004,75.00000000000001,0.0007300000000000002
30.44711375000051,0.09250000000000004,75.00000000000001,0.0007300000000000002
30.463797100000512,0.09250000000000004,75.00000000000001,0.0007300000000000002
30.480480450000513,0.09250000000000004,75.00000000000001,0.0007300000000000002
30.497163800000514,0.09250000000000004,75.00000000000001,0.0007300000000000002
30.513847150000515,0.09250000000000004,75.00000000000001,0.0007300000000000002
30.530530500000516,0.09250000000000004,75.00000000000001,0.0007300000000000002
30.547213850000517,0.09250000000000004,75.00000000000001,0.0007300000000000002
30.56389720000052,0.09250000000000004,75.00000000000001,0.0007300000000000002
30.58058055000052,0.09250000000000004,75.00000000000001,0.0007300000000000002
30.59726390000052,0.09250000000000004,75.00000000000001,0.0007300000000000002
30.61394725000052,0.09250000000000004,75.00000000000001,0.0007300000000000002
30.630630600000522,0.09250000000000004,75.00000000000001,0.0007300000000000002
30.647313950000523,0.09250000000000004,75.00000000000001,0.0007300000000000002
30.663997300000524,0.09250000000000004,75.00000000000001,0.0007300000000000002
30.680680650000525,0.09250000000000004,75.00000000000001,0.0007300000000000002
30.697364000000526,0.09250000000000004,75.00000000000001,0.0007300000000000002
30.714047350000527,0.09250000000000004,75.00000000000001,0.0007300000000000002
30.730730700000528,0.09250000000000004,75.00000000000001,0.0007300000000000002
30.74741405000053,0.09250000000000004,75.00000000000001,0.0007300000000000002
30.76409740000053,0.09250000000000004,75.00000000000001,0.0007300000000000002
30.78078075000053,0.09250000000000004,75.00000000000001,0.0007300000000000002
30.797464100000532,0.09250000000000004,75.00000000000001,0.0007300000000000002
30.814147450000533,0.09250000000000004,75.00000000000001,0.0007300000000000002
30.830830800000534,0.09250000000000004,75.00000000000001,0.0007300000000000002
30.847514150000535,0.09250000000000004,75.00000000000001,0.0007300000000000002
30.864197500000536,0.09250000000000004,75.00000000000001,0.0007300000000000002
30.880880850000537,0.09250000000000004,75.00000000000001,0.0007300000000000002
30.897564200000538,0.09250000000000004,75.00000000000001,0.0007300000000000002
30.91424755000054,0.09250000000000004,75.00000000000001,0.0007300000000000002
30.93093090000054,0.09250000000000004,75.00000000000001,0.0007300000000000002
30.94761425000054,0.09250000000000004,75.00000000000001,0.0007300000000000002
30.964297600000542,0.09250000000000004,75.00000000000001,0.0007300000000000002
30.980980950000543,0.09250000000000004,75.00000000000001,0.0007300000000000002
30.997664300000544,0.09250000000000004,75.00000000000001,0.0007300000000000002
31.014347650000545,0.09250000000000004,75.00000000000001,0.0007300000000000002
31.031031000000546,0.09250000000000004,75.00000000000001,0.0007300000000000002
31.047714350000547,0.09250000000000004,75.00000000000001,0.0007300000000000002
31.064397700000548,0.09250000000000004,75.00000000000001,0.0007300000000000002
31.08108105000055,0.09250000000000004,75.00000000000001,0.0007300000000000002
31.09776440000055,0.09250000000000004,75.00000000000001,0.0007300000000000002
31.11444775000055,0.09250000000000004,75.00000000000001,0.0007300000000000002
31.13113110000055,0.09250000000000004,75.00000000000001,0.0007300000000000002
31.147814450000553,0.09250000000000004,75.00000000000001,0.0007300000000000002
31.164497800000554,0.09250000000000004,75.00000000000001,0.0007300000000000002
31.181181150000555,0.09250000000000004,75.00000000000001,0.0007300000000000002
31.197864500000556,0.09250000000000004,75.00000000000001,0.0007300000000000002
31.214547850000557,0.09250000000000004,75.00000000000001,0.0007300000000000002
31.231231200000558,0.09250000000000004,75.00000000000001,0.0007300000000000002
31.24791455000056,0.09250000000000004,75.00000000000001,0.0007300000000000002
31.26459790000056,0.09250000000000004,75.00000000000001,0.0007300000000000002
31.28128125000056,0.09250000000000004,75.00000000000001,0.0007300000000000002
31.29796460000056,0.09250000000000004,75.00000000000001,0.0007300000000000002
31.314647950000563,0.09250000000000004,75.00000000000001,0.0007300000000000002
31.331331300000564,0.09250000000000004,75.00000000000001,0.0007300000000000002
31.348014650000565,0.09250000000000004,75.00000000000001,0.0007300000000000002
31.364698000000566,0.09250000000000004,75.00000000000001,0.0007300000000000002
31.381381350000566,0.09250000000000004,75.00000000000001,0.0007300000000000002
31.398064700000567,0.09250000000000004,75.00000000000001,0.0007300000000000002
31.41474805000057,0.09250000000000004,75.00000000000001,0.0007300000000000002
31.43143140000057,0.09250000000000004,75.00000000000001,0.0007300000000000002
31.44811475000057,0.09250000000000004,75.00000000000001,0.0007300000000000002
31.46479810000057,0.09250000000000004,75.00000000000001,0.0007300000000000002
31.481481450000572,0.09250000000000004,75.00000000000001,0.0007300000000000002
31.498164800000573,0.09250000000000004,75.00000000000001,0.0007300000000000002
31.514848150000574,0.09250000000000004,75.00000000000001,0.0007300000000000002
31.531531500000575,0.09250000000000004,75.00000000000001,0.0007300000000000002
31.548214850000576,0.09250000000000004,75.00000000000001,0.0007300000000000002
31.564898200000577,0.09250000000000004,75.00000000000001,0.0007300000000000002
31.58158155000058,0.09250000000000004,75.00000000000001,0.0007300000000000002
31.59826490000058,0.09250000000000004,75.00000000000001,0.0007300000000000002
31.61494825000058,0.09250000000000004,75.00000000000001,0.0007300000000000002
31.63163160000058,0.09250000000000004,75.00000000000001,0.0007300000000000002
31.648314950000582,0.09250000000000004,75.00000000000001,0.0007300000000000002
31.664998300000583,0.09250000000000004,75.00000000000001,0.0007300000000000002
31.681681650000584,0.09250000000000004,75.00000000000001,0.0007300000000000002
31.698365000000585,0.09250000000000004,75.00000000000001,0.0007300000000000002
31.715048350000586,0.09250000000000004,75.00000000000001,0.0007300000000000002
31.731731700000587,0.09250000000000004,75.00000000000001,0.0007300000000000002
31.748415050000588,0.09250000000000004,75.00000000000001,0.0007300000000000002
31.76509840000059,0.09250000000000004,75.00000000000001,0.0007300000000000002
31.78178175000059,0.09250000000000004,75.00000000000001,0.0007300000000000002
31.79846510000059,0.09250000000000004,75.00000000000001,0.0007300000000000002
31.815148450000592,0.09250000000000004,75.00000000000001,0.0007300000000000002
31.831831800000593,0.09250000000000004,75.00000000000001,0.0007300000000000002
31.848515150000594,0.09250000000000004,75.00000000000001,0.0007300000000000002
31.865198500000595,0.09250000000000004,75.00000000000001,0.0007300000000000002
31.881881850000596,0.09250000000000004,75.00000000000001,0.0007300000000000002
31.898565200000597,0.09250000000000004,75.00000000000001,0.0007300000000000002
31.915248550000598,0.09250000000000004,75.00000000000001,0.0007300000000000002
31.9319319000006,0.09250000000000004,75.00000000000001,0.0007300000000000002
31.9486152500006,0.09250000000000004,75.00000000000001,0.0007300000000000002
31.9652986000006,0.09250000000000004,75.00000000000001,0.0007300000000000002
31.981981950000602,0.09250000000000004,75.00000000000001,0.0007300000000000002
31.998665300000603,0.09250000000000004,75.00000000000001,0.0007300000000000002
32.015348650000604,0.09250000000000004,75.00000000000001,0.0007300000000000002
32.032032000000605,0.09250000000000004,75.00000000000001,0.0007300000000000002
32.048715350000606,0.09250000000000004,75.00000000000001,0.0007300000000000002
32.06539870000061,0.09250000000000004,75.00000000000001,0.0007300000000000002
32.08208205000061,0.09250000000000004,75.00000000000001,0.0007300000000000002
32.09876540000061,0.09250000000000004,75.00000000000001,0.0007300000000000002
32.11544875000061,0.09250000000000004,75.00000000000001,0.0007300000000000002
32.13213210000061,0.09250000000000004,75.00000000000001,0.0007300000000000002
32.14881545000061,0.09250000000000004,75.00000000000001,0.0007300000000000002
32.16549880000061,0.09250000000000004,75.00000000000001,0.0007300000000000002
32.182182150000614,0.09250000000000004,75.00000000000001,0.0007300000000000002
32.198865500000615,0.09250000000000004,75.00000000000001,0.0007300000000000002
32.215548850000616,0.09250000000000004,75.00000000000001,0.0007300000000000002
32.23223220000062,0.09250000000000004,75.00000000000001,0.0007300000000000002
32.24891555000062,0.09250000000000004,75.00000000000001,0.0007300000000000002
32.26559890000062,0.09250000000000004,75.00000000000001,0.0007300000000000002
32.28228225000062,0.09250000000000004,75.00000000000001,0.0007300000000000002
32.29896560000062,0.09250000000000004,75.00000000000001,0.0007300000000000002
32.31564895000062,0.09250000000000004,75.00000000000001,0.0007300000000000002
32.33233230000062,0.09250000000000004,75.00000000000001,0.0007300000000000002
32.349015650000624,0.09250000000000004,75.00000000000001,0.0007300000000000002
32.365699000000625,0.09250000000000004,75.00000000000001,0.0007300000000000002
32.382382350000626,0.09250000000000004,75.00000000000001,0.0007300000000000002
32.39906570000063,0.09250000000000004,75.00000000000001,0.0007300000000000002
32.41574905000063,0.09250000000000004,75.00000000000001,0.0007300000000000002
32.43243240000063,0.09250000000000004,75.00000000000001,0.0007300000000000002
32.44911575000063,0.09250000000000004,75.00000000000001,0.0007300000000000002
32.46579910000063,0.09250000000000004,75.00000000000001,0.0007300000000000002
32.48248245000063,0.09250000000000004,75.00000000000001,0.0007300000000000002
32.49916580000063,0.09250000000000004,75.00000000000001,0.0007300000000000002
32.51584915000063,0.09250000000000004,75.00000000000001,0.0007300000000000002
32.532532500000634,0.09250000000000004,75.00000000000001,0.0007300000000000002
32.549215850000635,0.09250000000000004,75.00000000000001,0.0007300000000000002
32.565899200000636,0.09250000000000004,75.00000000000001,0.0007300000000000002
32.58258255000064,0.09250000000000004,75.00000000000001,0.0007300000000000002
32.59926590000064,0.09250000000000004,75.00000000000001,0.0007300000000000002
32.61594925000064,0.09250000000000004,75.00000000000001,0.0007300000000000002
32.63263260000064,0.09250000000000004,75.00000000000001,0.0007300000000000002
32.64931595000064,0.09250000000000004,75.00000000000001,0.0007300000000000002
32.66599930000064,0.09250000000000004,75.00000000000001,0.0007300000000000002
32.68268265000064,0.09250000000000004,75.00000000000001,0.0007300000000000002
32.699366000000644,0.09250000000000004,75.00000000000001,0.0007300000000000002
32.716049350000645,0.09250000000000004,75.00000000000001,0.0007300000000000002
32.732732700000646,0.09250000000000004,75.00000000000001,0.0007300000000000002
32.74941605000065,0.09250000000000004,75.00000000000001,0.0007300000000000002
32.76609940000065,0.09250000000000004,75.00000000000001,0.0007300000000000002
32.78278275000065,0.09250000000000004,75.00000000000001,0.0007300000000000002
32.79946610000065,0.09250000000000004,75.00000000000001,0.0007300000000000002
32.81614945000065,0.09250000000000004,75.00000000000001,0.0007300000000000002
32.83283280000065,0.09250000000000004,75.00000000000001,0.0007300000000000002
32.84951615000065,0.09250000000000004,75.00000000000001,0.0007300000000000002
32.866199500000654,0.09250000000000004,75.00000000000001,0.0007300000000000002
32.882882850000655,0.09250000000000004,75.00000000000001,0.0007300000000000002
32.899566200000656,0.09250000000000004,75.00000000000001,0.0007300000000000002
32.91624955000066,0.09250000000000004,75.00000000000001,0.0007300000000000002
32.93293290000066,0.09250000000000004,75.00000000000001,0.0007300000000000002
32.94961625000066,0.09250000000000004,75.00000000000001,0.0007300000000000002
32.96629960000066,0.09250000000000004,75.00000000000001,0.0007300000000000002
32.98298295000066,0.09250000000000004,75.00000000000001,0.0007300000000000002
32.99966630000066,0.09250000000000004,75.00000000000001,0.0007300000000000002
33.01634965000066,0.09250000000000004,75.00000000000001,0.0007300000000000002
33.033033000000664,0.09250000000000004,75.00000000000001,0.0007300000000000002
33.049716350000665,0.09250000000000004,75.00000000000001,0.0007300000000000002
33.066399700000666,0.09250000000000004,75.00000000000001,0.0007300000000000002
33.08308305000067,0.09250000000000004,75.00000000000001,0.0007300000000000002
33.09976640000067,0.09250000000000004,75.00000000000001,0.0007300000000000002
33.11644975000067,0.09250000000000004,75.00000000000001,0.0007300000000000002
33.13313310000067,0.09250000000000004,75.00000000000001,0.0007300000000000002
33.14981645000067,0.09250000000000004,75.00000000000001,0.0007300000000000002
33.16649980000067,0.09250000000000004,75.00000000000001,0.0007300000000000002
33.18318315000067,0.09250000000000004,75.00000000000001,0.0007300000000000002
33.199866500000674,0.09250000000000004,75.00000000000001,0.0007300000000000002
33.216549850000675,0.09250000000000004,75.00000000000001,0.0007300000000000002
33.233233200000676,0.09250000000000004,75.00000000000001,0.0007300000000000002
33.24991655000068,0.09250000000000004,75.00000000000001,0.0007300000000000002
33.26659990000068,0.09250000000000004,75.00000000000001,0.0007300000000000002
33.28328325000068,0.09250000000000004,75.00000000000001,0.0007300000000000002
33.29996660000068,0.09250000000000004,75.00000000000001,0.0007300000000000002
33.31664995000068,0.09250000000000004,75.00000000000001,0.0007300000000000002
33.33333330000068,0.09250000000000004,75.00000000000001,0.0007300000000000002
33.35001665000068,0.09250000000000004,75.00000000000001,0.0007300000000000002
33.366700000000684,0.09250000000000004,75.00000000000001,0.0007300000000000002
33.383383350000685,0.09250000000000004,75.00000000000001,0.0007300000000000002
33.400066700000686,0.09250000000000004,75.00000000000001,0.0007300000000000002
33.41675005000069,0.09250000000000004,75.00000000000001,0.0007300000000000002
33.43343340000069,0.09250000000000004,75.00000000000001,0.0007300000000000002
33.45011675000069,0.09250000000000004,75.00000000000001,0.0007300000000000002
33.46680010000069,0.09250000000000004,75.00000000000001,0.0007300000000000002
33.48348345000069,0.09250000000000004,75.00000000000001,0.0007300000000000002
33.50016680000069,0.09250000000000004,75.00000000000001,0.0007300000000000002
33.51685015000069,0.09250000000000004,75.00000000000001,0.0007300000000000002
33.53353350000069,0.09250000000000004,75.00000000000001,0.0007300000000000002
33.550216850000695,0.09250000000000004,75.00000000000001,0.0007300000000000002
33.566900200000696,0.09250000000000004,75.00000000000001,0.0007300000000000002
33.5835835500007,0.09250000000000004,75.00000000000001,0.0007300000000000002
33.6002669000007,0.09250000000000004,75.00000000000001,0.0007300000000000002
33.6169502500007,0.09250000000000004,75.00000000000001,0.0007300000000000002
33.6336336000007,0.09250000000000004,75.00000000000001,0.0007300000000000002
33.6503169500007,0.09250000000000004,75.00000000000001,0.0007300000000000002
33.6670003000007,0.09250000000000004,75.00000000000001,0.0007300000000000002
33.6836836500007,0.09250000000000004,75.00000000000001,0.0007300000000000002
33.7003670000007,0.09250000000000004,75.00000000000001,0.0007300000000000002
33.717050350000704,0.09250000000000004,75.00000000000001,0.0007300000000000002
33.733733700000705,0.09250000000000004,75.00000000000001,0.0007300000000000002
33.750417050000706,0.09250000000000004,75.00000000000001,0.0007300000000000002
33.76710040000071,0.09250000000000004,75.00000000000001,0.0007300000000000002
33.78378375000071,0.09250000000000004,75.00000000000001,0.0007300000000000002
33.80046710000071,0.09250000000000004,75.00000000000001,0.0007300000000000002
33.81715045000071,0.09250000000000004,75.00000000000001,0.0007300000000000002
33.83383380000071,0.09250000000000004,75.00000000000001,0.0007300000000000002
33.85051715000071,0.09250000000000004,75.00000000000001,0.0007300000000000002
33.86720050000071,0.09250000000000004,75.00000000000001,0.0007300000000000002
33.883883850000714,0.09250000000000004,75.00000000000001,0.0007300000000000002
33.900567200000715,0.09250000000000004,75.00000000000001,0.0007300000000000002
33.917250550000716,0.09250000000000004,75.00000000000001,0.0007300000000000002
33.93393390000072,0.09250000000000004,75.00000000000001,0.0007300000000000002
33.95061725000072,0.09250000000000004,75.00000000000001,0.0007300000000000002
33.96730060000072,0.09250000000000004,75.00000000000001,0.0007300000000000002
33.98398395000072,0.09250000000000004,75.00000000000001,0.0007300000000000002
34.00066730000072,0.09250000000000004,75.00000000000001,0.0007300000000000002
34.01735065000072,0.09250000000000004,75.00000000000001,0.0007300000000000002
34.03403400000072,0.09250000000000004,75.00000000000001,0.0007300000000000002
34.050717350000724,0.09250000000000004,75.00000000000001,0.0007300000000000002
34.067400700000725,0.09250000000000004,75.00000000000001,0.0007300000000000002
34.084084050000726,0.09250000000000004,75.00000000000001,0.0007300000000000002
34.10076740000073,0.09250000000000004,75.00000000000001,0.0007300000000000002
34.11745075000073,0.09250000000000004,75.00000000000001,0.0007300000000000002
34.13413410000073,0.09250000000000004,75.00000000000001,0.0007300000000000002
34.15081745000073,0.09250000000000004,75.00000000000001,0.0007300000000000002
34.16750080000073,0.09250000000000004,75.00000000000001,0.0007300000000000002
34.18418415000073,0.09250000000000004,75.00000000000001,0.0007300000000000002
34.20086750000073,0.09250000000000004,75.00000000000001,0.0007300000000000002
34.217550850000734,0.09250000000000004,75.00000000000001,0.0007300000000000002
34.234234200000735,0.09250000000000004,75.00000000000001,0.0007300000000000002
34.250917550000736,0.09250000000000004,75.00000000000001,0.0007300000000000002
34.26760090000074,0.09250000000000004,75.00000000000001,0.0007300000000000002
34.28428425000074,0.09250000000000004,75.00000000000001,0.0007300000000000002
34.30096760000074,0.09250000000000004,75.00000000000001,0.0007300000000000002
34.31765095000074,0.09250000000000004,75.00000000000001,0.0007300000000000002
34.33433430000074,0.09250000000000004,75.00000000000001,0.0007300000000000002
34.35101765000074,0.09250000000000004,75.00000000000001,0.0007300000000000002
34.36770100000074,0.09250000000000004,75.00000000000001,0.0007300000000000002
34.384384350000744,0.09250000000000004,75.00000000000001,0.0007300000000000002
34.401067700000745,0.09250000000000004,75.00000000000001,0.0007300000000000002
34.417751050000746,0.09250000000000004,75.00000000000001,0.0007300000000000002
34.43443440000075,0.09250000000000004,75.00000000000001,0.0007300000000000002
34.45111775000075,0.09250000000000004,75.00000000000001,0.0007300000000000002
34.46780110000075,0.09250000000000004,75.00000000000001,0.0007300000000000002
34.48448445000075,0.09250000000000004,75.00000000000001,0.0007300000000000002
34.50116780000075,0.09250000000000004,75.00000000000001,0.0007300000000000002
34.51785115000075,0.09250000000000004,75.00000000000001,0.0007300000000000002
34.53453450000075,0.09250000000000004,75.00000000000001,0.0007300000000000002
34.551217850000754,0.09250000000000004,75.00000000000001,0.0007300000000000002
34.567901200000755,0.09250000000000004,75.00000000000001,0.0007300000000000002
34.584584550000756,0.09250000000000004,75.00000000000001,0.0007300000000000002
34.60126790000076,0.09250000000000004,75.00000000000001,0.0007300000000000002
34.61795125000076,0.09250000000000004,75.00000000000001,0.0007300000000000002
34.63463460000076,0.09250000000000004,75.00000000000001,0.0007300000000000002
34.65131795000076,0.09250000000000004,75.00000000000001,0.0007300000000000002
34.66800130000076,0.09250000000000004,75.00000000000001,0.0007300000000000002
34.68468465000076,0.09250000000000004,75.00000000000001,0.0007300000000000002
34.70136800000076,0.09250000000000004,75.00000000000001,0.0007300000000000002
34.71805135000076,0.09250000000000004,75.00000000000001,0.0007300000000000002
34.734734700000764,0.09250000000000004,75.00000000000001,0.0007300000000000002
34.751418050000765,0.09250000000000004,75.00000000000001,0.0007300000000000002
34.768101400000766,0.09250000000000004,75.00000000000001,0.0007300000000000002
34.78478475000077,0.09250000000000004,75.00000000000001,0.0007300000000000002
34.80146810000077,0.09250000000000004,75.00000000000001,0.0007300000000000002
34.81815145000077,0.09250000000000004,75.00000000000001,0.0007300000000000002
34.83483480000077,0.09250000000000004,75.00000000000001,0.0007300000000000002
34.85151815000077,0.09250000000000004,75.00000000000001,0.0007300000000000002
34.86820150000077,0.09250000000000004,75.00000000000001,0.0007300000000000002
34.88488485000077,0.09250000000000004,75.00000000000001,0.0007300000000000002
34.901568200000774,0.09250000000000004,75.00000000000001,0.0007300000000000002
34.918251550000775,0.09250000000000004,75.00000000000001,0.0007300000000000002
34.934934900000776,0.09250000000000004,75.00000000000001,0.0007300000000000002
34.95161825000078,0.09250000000000004,75.00000000000001,0.0007300000000000002
34.96830160000078,0.09250000000000004,75.00000000000001,0.0007300000000000002
34.98498495000078,0.09250000000000004,75.00000000000001,0.0007300000000000002
35.00166830000078,0.09250000000000004,75.00000000000001,0.0007300000000000002
35.01835165000078,0.09250000000000004,75.00000000000001,0.0007300000000000002
35.03503500000078,0.09250000000000004,75.00000000000001,0.0007300000000000002
35.05171835000078,0.09250000000000004,75.00000000000001,0.0007300000000000002
35.068401700000784,0.09250000000000004,75.00000000000001,0.0007300000000000002
35.085085050000785,0.09250000000000004,75.00000000000001,0.0007300000000000002
35.101768400000786,0.09250000000000004,75.00000000000001,0.0007300000000000002
35.11845175000079,0.09250000000000004,75.00000000000001,0.0007300000000000002
35.13513510000079,0.09250000000000004,75.00000000000001,0.0007300000000000002
35.15181845000079,0.09250000000000004,75.00000000000001,0.0007300000000000002
35.16850180000079,0.09250000000000004,75.00000000000001,0.0007300000000000002
35.18518515000079,0.09250000000000004,75.00000000000001,0.0007300000000000002
35.20186850000079,0.09250000000000004,75.00000000000001,0.0007300000000000002
35.21855185000079,0.09250000000000004,75.00000000000001,0.0007300000000000002
35.235235200000794,0.09250000000000004,75.00000000000001,0.0007300000000000002
35.251918550000795,0.09250000000000004,75.00000000000001,0.0007300000000000002
35.268601900000796,0.09250000000000004,75.00000000000001,0.0007300000000000002
35.2852852500008,0.09250000000000004,75.00000000000001,0.0007300000000000002
35.3019686000008,0.09250000000000004,75.00000000000001,0.0007300000000000002
35.3186519500008,0.09250000000000004,75.00000000000001,0.0007300000000000002
35.3353353000008,0.09250000000000004,75.00000000000001,0.0007300000000000002
35.3520186500008,0.09250000000000004,75.00000000000001,0.0007300000000000002
35.3687020000008,0.09250000000000004,75.00000000000001,0.0007300000000000002
35.3853853500008,0.09250000000000004,75.00000000000001,0.0007300000000000002
35.402068700000804,0.09250000000000004,75.00000000000001,0.0007300000000000002
35.418752050000805,0.09250000000000004,75.00000000000001,0.0007300000000000002
35.435435400000806,0.09250000000000004,75.00000000000001,0.0007300000000000002
35.45211875000081,0.09250000000000004,75.00000000000001,0.0007300000000000002
35.46880210000081,0.09250000000000004,75.00000000000001,0.0007300000000000002
35.48548545000081,0.09250000000000004,75.00000000000001,0.0007300000000000002
35.50216880000081,0.09250000000000004,75.00000000000001,0.0007300000000000002
35.51885215000081,0.09250000000000004,75.00000000000001,0.0007300000000000002
35.53553550000081,0.09250000000000004,75.00000000000001,0.0007300000000000002
35.55221885000081,0.09250000000000004,75.00000000000001,0.0007300000000000002
35.568902200000814,0.09250000000000004,75.00000000000001,0.0007300000000000002
35.585585550000815,0.09250000000000004,75.00000000000001,0.0007300000000000002
35.602268900000816,0.09250000000000004,75.00000000000001,0.0007300000000000002
35.61895225000082,0.09250000000000004,75.00000000000001,0.0007300000000000002
35.63563560000082,0.09250000000000004,75.00000000000001,0.0007300000000000002
35.65231895000082,0.09250000000000004,75.00000000000001,0.0007300000000000002
35.66900230000082,0.09250000000000004,75.00000000000001,0.0007300000000000002
35.68568565000082,0.09250000000000004,75.00000000000001,0.0007300000000000002
35.70236900000082,0.09250000000000004,75.00000000000001,0.0007300000000000002
35.71905235000082,0.09250000000000004,75.00000000000001,0.0007300000000000002
35.735735700000824,0.09250000000000004,75.00000000000001,0.0007300000000000002
35.752419050000825,0.09250000000000004,75.00000000000001,0.0007300000000000002
35.769102400000826,0.09250000000000004,75.00000000000001,0.0007300000000000002
35.78578575000083,0.09250000000000004,75.00000000000001,0.0007300000000000002
35.80246910000083,0.09250000000000004,75.00000000000001,0.0007300000000000002
35.81915245000083,0.09250000000000004,75.00000000000001,0.0007300000000000002
35.83583580000083,0.09250000000000004,75.00000000000001,0.0007300000000000002
35.85251915000083,0.09250000000000004,75.00000000000001,0.0007300000000000002
35.86920250000083,0.09250000000000004,75.00000000000001,0.0007300000000000002
35.88588585000083,0.09250000000000004,75.00000000000001,0.0007300000000000002
35.90256920000083,0.09250000000000004,75.00000000000001,0.0007300000000000002
35.919252550000834,0.09250000000000004,75.00000000000001,0.0007300000000000002
35.935935900000835,0.09250000000000004,75.00000000000001,0.0007300000000000002
35.952619250000836,0.09250000000000004,75.00000000000001,0.0007300000000000002
35.96930260000084,0.09250000000000004,75.00000000000001,0.0007300000000000002
35.98598595000084,0.09250000000000004,75.00000000000001,0.0007300000000000002
36.00266930000084,0.09250000000000004,75.00000000000001,0.0007300000000000002
36.01935265000084,0.09250000000000004,75.00000000000001,0.0007300000000000002
36.03603600000084,0.09250000000000004,75.00000000000001,0.0007300000000000002
36.05271935000084,0.09250000000000004,75.00000000000001,0.0007300000000000002
36.06940270000084,0.09250000000000004,75.00000000000001,0.0007300000000000002
36.086086050000844,0.09250000000000004,75.00000000000001,0.0007300000000000002
36.102769400000845,0.09250000000000004,75.00000000000001,0.0007300000000000002
36.119452750000846,0.09250000000000004,75.00000000000001,0.0007300000000000002
36.13613610000085,0.09250000000000004,75.00000000000001,0.0007300000000000002
36.15281945000085,0.09250000000000004,75.00000000000001,0.0007300000000000002
36.16950280000085,0.09250000000000004,75.00000000000001,0.0007300000000000002
36.18618615000085,0.09250000000000004,75.00000000000001,0.0007300000000000002
36.20286950000085,0.09250000000000004,75.00000000000001,0.0007300000000000002
36.21955285000085,0.09250000000000004,75.00000000000001,0.0007300000000000002
36.23623620000085,0.09250000000000004,75.00000000000001,0.0007300000000000002
36.252919550000854,0.09250000000000004,75.00000000000001,0.0007300000000000002
36.269602900000855,0.09250000000000004,75.00000000000001,0.0007300000000000002
36.286286250000856,0.09250000000000004,75.00000000000001,0.0007300000000000002
36.30296960000086,0.09250000000000004,75.00000000000001,0.0007300000000000002
36.31965295000086,0.09250000000000004,75.00000000000001,0.0007300000000000002
36.33633630000086,0.09250000000000004,75.00000000000001,0.0007300000000000002
36.35301965000086,0.09250000000000004,75.00000000000001,0.0007300000000000002
36.36970300000086,0.09250000000000004,75.00000000000001,0.0007300000000000002
36.38638635000086,0.09250000000000004,75.00000000000001,0.0007300000000000002
36.40306970000086,0.09250000000000004,75.00000000000001,0.0007300000000000002
36.419753050000864,0.09250000000000004,75.00000000000001,0.0007300000000000002
36.436436400000865,0.09250000000000004,75.00000000000001,0.0007300000000000002
36.453119750000866,0.09250000000000004,75.00000000000001,0.0007300000000000002
36.46980310000087,0.09250000000000004,75.00000000000001,0.0007300000000000002
36.48648645000087,0.09250000000000004,75.00000000000001,0.0007300000000000002
36.50316980000087,0.09250000000000004,75.00000000000001,0.0007300000000000002
36.51985315000087,0.09250000000000004,75.00000000000001,0.0007300000000000002
36.53653650000087,0.09250000000000004,75.00000000000001,0.0007300000000000002
36.55321985000087,0.09250000000000004,75.00000000000001,0.0007300000000000002
36.56990320000087,0.09250000000000004,75.00000000000001,0.0007300000000000002
36.586586550000874,0.09250000000000004,75.00000000000001,0.0007300000000000002
36.603269900000875,0.09250000000000004,75.00000000000001,0.0007300000000000002
36.619953250000876,0.09250000000000004,75.00000000000001,0.0007300000000000002
36.63663660000088,0.09250000000000004,75.00000000000001,0.0007300000000000002
36.65331995000088,0.09250000000000004,75.00000000000001,0.0007300000000000002
36.67000330000088,0.09250000000000004,75.00000000000001,0.0007300000000000002
36.68668665000088,0.09250000000000004,75.00000000000001,0.0007300000000000002
36.70337000000088,0.09250000000000004,75.00000000000001,0.0007300000000000002
36.72005335000088,0.09250000000000004,75.00000000000001,0.0007300000000000002
36.73673670000088,0.09250000000000004,75.00000000000001,0.0007300000000000002
36.753420050000884,0.09250000000000004,75.00000000000001,0.0007300000000000002
36.770103400000885,0.09250000000000004,75.00000000000001,0.0007300000000000002
36.786786750000886,0.09250000000000004,75.00000000000001,0.0007300000000000002
36.80347010000089,0.09250000000000004,75.00000000000001,0.0007300000000000002
36.82015345000089,0.09250000000000004,75.00000000000001,0.0007300000000000002
36.83683680000089,0.09250000000000004,75.00000000000001,0.0007300000000000002
36.85352015000089,0.09250000000000004,75.00000000000001,0.0007300000000000002
36.87020350000089,0.09250000000000004,75.00000000000001,0.0007300000000000002
36.88688685000089,0.09250000000000004,75.00000000000001,0.0007300000000000002
36.90357020000089,0.09250000000000004,75.00000000000001,0.0007300000000000002
36.92025355000089,0.09250000000000004,75.00000000000001,0.0007300000000000002
36.936936900000894,0.09250000000000004,75.00000000000001,0.0007300000000000002
36.953620250000895,0.09250000000000004,75.00000000000001,0.0007300000000000002
36.970303600000896,0.09250000000000004,75.00000000000001,0.0007300000000000002
36.9869869500009,0.09250000000000004,75.00000000000001,0.0007300000000000002
37.0036703000009,0.09250000000000004,75.00000000000001,0.0007300000000000002
37.0203536500009,0.09250000000000004,75.00000000000001,0.0007300000000000002
37.0370370000009,0.09250000000000004,75.00000000000001,0.0007300000000000002
37.0537203500009,0.09250000000000004,75.00000000000001,0.0007300000000000002
37.0704037000009,0.09250000000000004,75.00000000000001,0.0007300000000000002
37.0870870500009,0.09250000000000004,75.00000000000001,0.0007300000000000002
37.103770400000904,0.09250000000000004,75.00000000000001,0.0007300000000000002
37.120453750000905,0.09250000000000004,75.00000000000001,0.0007300000000000002
37.137137100000906,0.09250000000000004,75.00000000000001,0.0007300000000000002
37.15382045000091,0.09250000000000004,75.00000000000001,0.0007300000000000002
37.17050380000091,0.09250000000000004,75.00000000000001,0.0007300000000000002
37.18718715000091,0.09250000000000004,75.00000000000001,0.0007300000000000002
37.20387050000091,0.09250000000000004,75.00000000000001,0.0007300000000000002
37.22055385000091,0.09250000000000004,75.00000000000001,0.0007300000000000002
37.23723720000091,0.09250000000000004,75.00000000000001,0.0007300000000000002
37.25392055000091,0.09250000000000004,75.00000000000001,0.0007300000000000002
37.270603900000914,0.09250000000000004,75.00000000000001,0.0007300000000000002
37.287287250000915,0.09250000000000004,75.00000000000001,0.0007300000000000002
37.303970600000916,0.09250000000000004,75.00000000000001,0.0007300000000000002
37.32065395000092,0.09250000000000004,75.00000000000001,0.0007300000000000002
37.33733730000092,0.09250000000000004,75.00000000000001,0.0007300000000000002
37.35402065000092,0.09250000000000004,75.00000000000001,0.0007300000000000002
37.37070400000092,0.09250000000000004,75.00000000000001,0.0007300000000000002
37.38738735000092,0.09250000000000004,75.00000000000001,0.0007300000000000002
37.40407070000092,0.09250000000000004,75.00000000000001,0.0007300000000000002
37.42075405000092,0.09250000000000004,75.00000000000001,0.0007300000000000002
37.437437400000924,0.09250000000000004,75.00000000000001,0.0007300000000000002
37.454120750000925,0.09250000000000004,75.00000000000001,0.0007300000000000002
37.470804100000926,0.09250000000000004,75.00000000000001,0.0007300000000000002
37.48748745000093,0.09250000000000004,75.00000000000001,0.0007300000000000002
37.50417080000093,0.09250000000000004,75.00000000000001,0.0007300000000000002
37.52085415000093,0.09250000000000004,75.00000000000001,0.0007300000000000002
37.53753750000093,0.09250000000000004,75.00000000000001,0.0007300000000000002
37.55422085000093,0.09250000000000004,75.00000000000001,0.0007300000000000002
37.57090420000093,0.09250000000000004,75.00000000000001,0.0007300000000000002
37.58758755000093,0.09250000000000004,75.00000000000001,0.0007300000000000002
37.604270900000934,0.09250000000000004,75.00000000000001,0.0007300000000000002
37.620954250000935,0.09250000000000004,75.00000000000001,0.0007300000000000002
37.637637600000936,0.09250000000000004,75.00000000000001,0.0007300000000000002
37.65432095000094,0.09250000000000004,75.00000000000001,0.0007300000000000002
37.67100430000094,0.09250000000000004,75.00000000000001,0.0007300000000000002
37.68768765000094,0.09250000000000004,75.00000000000001,0.0007300000000000002
37.70437100000094,0.09250000000000004,75.00000000000001,0.0007300000000000002
37.72105435000094,0.09250000000000004,75.00000000000001,0.0007300000000000002
37.73773770000094,0.09250000000000004,75.00000000000001,0.0007300000000000002
37.75442105000094,0.09250000000000004,75.00000000000001,0.0007300000000000002
37.771104400000944,0.09250000000000004,75.00000000000001,0.0007300000000000002
37.787787750000945,0.09250000000000004,75.00000000000001,0.0007300000000000002
37.804471100000946,0.09250000000000004,75.00000000000001,0.0007300000000000002
37.82115445000095,0.09250000000000004,75.00000000000001,0.0007300000000000002
37.83783780000095,0.09250000000000004,75.00000000000001,0.0007300000000000002
37.85452115000095,0.09250000000000004,75.00000000000001,0.0007300000000000002
37.87120450000095,0.09250000000000004,75.00000000000001,0.0007300000000000002
37.88788785000095,0.09250000000000004,75.00000000000001,0.0007300000000000002
37.90457120000095,0.09250000000000004,75.00000000000001,0.0007300000000000002
37.92125455000095,0.09250000000000004,75.00000000000001,0.0007300000000000002
37.937937900000954,0.09250000000000004,75.00000000000001,0.0007300000000000002
37.954621250000955,0.09250000000000004,75.00000000000001,0.0007300000000000002
37.971304600000956,0.09250000000000004,75.00000000000001,0.0007300000000000002
37.98798795000096,0.09250000000000004,75.00000000000001,0.0007300000000000002
38.00467130000096,0.09250000000000004,75.00000000000001,0.0007300000000000002
38.02135465000096,0.09250000000000004,75.00000000000001,0.0007300000000000002
38.03803800000096,0.09250000000000004,75.00000000000001,0.0007300000000000002
38.05472135000096,0.09250000000000004,75.00000000000001,0.0007300000000000002
38.07140470000096,0.09250000000000004,75.00000000000001,0.0007300000000000002
38.08808805000096,0.09250000000000004,75.00000000000001,0.0007300000000000002
38.10477140000096,0.09250000000000004,75.00000000000001,0.0007300000000000002
38.121454750000964,0.09250000000000004,75.00000000000001,0.0007300000000000002
38.138138100000965,0.09250000000000004,75.00000000000001,0.0007300000000000002
38.154821450000966,0.09250000000000004,75.00000000000001,0.0007300000000000002
38.17150480000097,0.09250000000000004,75.00000000000001,0.0007300000000000002
38.18818815000097,0.09250000000000004,75.00000000000001,0.0007300000000000002
38.20487150000097,0.09250000000000004,75.00000000000001,0.0007300000000000002
38.22155485000097,0.09250000000000004,75.00000000000001,0.0007300000000000002
38.23823820000097,0.09250000000000004,75.00000000000001,0.0007300000000000002
38.25492155000097,0.09250000000000004,75.00000000000001,0.0007300000000000002
38.27160490000097,0.09250000000000004,75.00000000000001,0.0007300000000000002
38.288288250000974,0.09250000000000004,75.00000000000001,0.0007300000000000002
38.304971600000975,0.09250000000000004,75.00000000000001,0.0007300000000000002
38.321654950000976,0.09250000000000004,75.00000000000001,0.0007300000000000002
38.33833830000098,0.09250000000000004,75.00000000000001,0.0007300000000000002
38.35502165000098,0.09250000000000004,75.00000000000001,0.0007300000000000002
38.37170500000098,0.09250000000000004,75.00000000000001,0.0007300000000000002
38.38838835000098,0.09250000000000004,75.00000000000001,0.0007300000000000002
38.40507170000098,0.09250000000000004,75.00000000000001,0.0007300000000000002
38.42175505000098,0.09250000000000004,75.00000000000001,0.0007300000000000002
38.43843840000098,0.09250000000000004,75.00000000000001,0.0007300000000000002
38.455121750000984,0.09250000000000004,75.00000000000001,0.0007300000000000002
38.471805100000985,0.09250000000000004,75.00000000000001,0.0007300000000000002
38.488488450000986,0.09250000000000004,75.00000000000001,0.0007300000000000002
38.50517180000099,0.09250000000000004,75.00000000000001,0.0007300000000000002
38.52185515000099,0.09250000000000004,75.00000000000001,0.0007300000000000002
38.53853850000099,0.09250000000000004,75.00000000000001,0.0007300000000000002
38.55522185000099,0.09250000000000004,75.00000000000001,0.0007300000000000002
38.57190520000099,0.09250000000000004,75.00000000000001,0.0007300000000000002
38.58858855000099,0.09250000000000004,75.00000000000001,0.0007300000000000002
38.60527190000099,0.09250000000000004,75.00000000000001,0.0007300000000000002
38.621955250000994,0.09250000000000004,75.00000000000001,0.0007300000000000002
38.638638600000995,0.09250000000000004,75.00000000000001,0.0007300000000000002
38.655321950000996,0.09250000000000004,75.00000000000001,0.0007300000000000002
38.672005300001,0.09250000000000004,75.00000000000001,0.0007300000000000002
38.688688650001,0.09250000000000004,75.00000000000001,0.0007300000000000002
38.705372000001,0.09250000000000004,75.00000000000001,0.0007300000000000002
38.722055350001,0.09250000000000004,75.00000000000001,0.0007300000000000002
38.738738700001,0.09250000000000004,75.00000000000001,0.0007300000000000002
38.755422050001,0.09250000000000004,75.00000000000001,0.0007300000000000002
38.772105400001,0.09250000000000004,75.00000000000001,0.0007300000000000002
38.788788750001004,0.09250000000000004,75.00000000000001,0.0007300000000000002
38.805472100001005,0.09250000000000004,75.00000000000001,0.0007300000000000002
38.822155450001006,0.09250000000000004,75.00000000000001,0.0007300000000000002
38.83883880000101,0.09250000000000004,75.00000000000001,0.0007300000000000002
38.85552215000101,0.09250000000000004,75.00000000000001,0.0007300000000000002
38.87220550000101,0.09250000000000004,75.00000000000001,0.0007300000000000002
38.88888885000101,0.09250000000000004,75.00000000000001,0.0007300000000000002
38.90557220000101,0.09250000000000004,75.00000000000001,0.0007300000000000002
38.92225555000101,0.09250000000000004,75.00000000000001,0.0007300000000000002
38.93893890000101,0.09250000000000004,75.00000000000001,0.0007300000000000002
38.955622250001014,0.09250000000000004,75.00000000000001,0.0007300000000000002
38.972305600001015,0.09250000000000004,75.00000000000001,0.0007300000000000002
38.988988950001016,0.09250000000000004,75.00000000000001,0.0007300000000000002
39.00567230000102,0.09250000000000004,75.00000000000001,0.0007300000000000002
39.02235565000102,0.09250000000000004,75.00000000000001,0.0007300000000000002
39.03903900000102,0.09250000000000004,75.00000000000001,0.0007300000000000002
39.05572235000102,0.09250000000000004,75.00000000000001,0.0007300000000000002
39.07240570000102,0.09250000000000004,75.00000000000001,0.0007300000000000002
39.08908905000102,0.09250000000000004,75.00000000000001,0.0007300000000000002
39.10577240000102,0.09250000000000004,75.00000000000001,0.0007300000000000002
39.12245575000102,0.09250000000000004,75.00000000000001,0.0007300000000000002
39.139139100001024,0.09250000000000004,75.00000000000001,0.0007300000000000002
39.155822450001025,0.09250000000000004,75.00000000000001,0.0007300000000000002
39.172505800001026,0.09250000000000004,75.00000000000001,0.0007300000000000002
39.18918915000103,0.09250000000000004,75.00000000000001,0.0007300000000000002
39.20587250000103,0.09250000000000004,75.00000000000001,0.0007300000000000002
39.22255585000103,0.09250000000000004,75.00000000000001,0.0007300000000000002
39.23923920000103,0.09250000000000004,75.00000000000001,0.0007300000000000002
39.25592255000103,0.09250000000000004,75.00000000000001,0.0007300000000000002
39.27260590000103,0.09250000000000004,75.00000000000001,0.0007300000000000002
39.28928925000103,0.09250000000000004,75.00000000000001,0.0007300000000000002
39.305972600001034,0.09250000000000004,75.00000000000001,0.0007300000000000002
39.322655950001035,0.09250000000000004,75.00000000000001,0.0007300000000000002
39.339339300001036,0.09250000000000004,75.00000000000001,0.0007300000000000002
39.35602265000104,0.09250000000000004,75.00000000000001,0.0007300000000000002
39.37270600000104,0.09250000000000004,75.00000000000001,0.0007300000000000002
39.38938935000104,0.09250000000000004,75.00000000000001,0.0007300000000000002
39.40607270000104,0.09250000000000004,75.00000000000001,0.0007300000000000002
39.42275605000104,0.09250000000000004,75.00000000000001,0.0007300000000000002
39.43943940000104,0.09250000000000004,75.00000000000001,0.0007300000000000002
39.45612275000104,0.09250000000000004,75.00000000000001,0.0007300000000000002
39.472806100001044,0.09250000000000004,75.00000000000001,0.0007300000000000002
39.489489450001045,0.09250000000000004,75.00000000000001,0.0007300000000000002
39.506172800001046,0.09250000000000004,75.00000000000001,0.0007300000000000002
39.52285615000105,0.09250000000000004,75.00000000000001,0.0007300000000000002
39.53953950000105,0.09250000000000004,75.00000000000001,0.0007300000000000002
39.55622285000105,0.09250000000000004,75.00000000000001,0.0007300000000000002
39.57290620000105,0.09250000000000004,75.00000000000001,0.0007300000000000002
39.58958955000105,0.09250000000000004,75.00000000000001,0.0007300000000000002
39.60627290000105,0.09250000000000004,75.00000000000001,0.0007300000000000002
39.62295625000105,0.09250000000000004,75.00000000000001,0.0007300000000000002
39.639639600001054,0.09250000000000004,75.00000000000001,0.0007300000000000002
39.656322950001055,0.09250000000000004,75.00000000000001,0.0007300000000000002
39.673006300001056,0.09250000000000004,75.00000000000001,0.0007300000000000002
39.68968965000106,0.09250000000000004,75.00000000000001,0.0007300000000000002
39.70637300000106,0.09250000000000004,75.00000000000001,0.0007300000000000002
39.72305635000106,0.09250000000000004,75.00000000000001,0.0007300000000000002
39.73973970000106,0.09250000000000004,75.00000000000001,0.0007300000000000002
39.75642305000106,0.09250000000000004,75.00000000000001,0.0007300000000000002
39.77310640000106,0.09250000000000004,75.00000000000001,0.0007300000000000002
39.78978975000106,0.09250000000000004,75.00000000000001,0.0007300000000000002
39.806473100001064,0.09250000000000004,75.00000000000001,0.0007300000000000002
39.823156450001065,0.09250000000000004,75.00000000000001,0.0007300000000000002
39.839839800001066,0.09250000000000004,75.00000000000001,0.0007300000000000002
39.85652315000107,0.09250000000000004,75.00000000000001,0.0007300000000000002
39.87320650000107,0.09250000000000004,75.00000000000001,0.0007300000000000002
39.88988985000107,0.09250000000000004,75.00000000000001,0.0007300000000000002
39.90657320000107,0.09250000000000004,75.00000000000001,0.0007300000000000002
39.92325655000107,0.09250000000000004,75.00000000000001,0.0007300000000000002
39.93993990000107,0.09250000000000004,75.00000000000001,0.0007300000000000002
39.95662325000107,0.09250000000000004,75.00000000000001,0.0007300000000000002
39.973306600001074,0.09250000000000004,75.00000000000001,0.0007300000000000002
39.989989950001075,0.09250000000000004,75.00000000000001,0.0007300000000000002
40.006673300001076,0.09250000000000004,75.00000000000001,0.0007300000000000002
40.02335665000108,0.09250000000000004,75.00000000000001,0.0007300000000000002
40.04004000000108,0.09250000000000004,75.00000000000001,0.0007300000000000002
40.05672335000108,0.09250000000000004,75.00000000000001,0.0007300000000000002
40.07340670000108,0.09250000000000004,75.00000000000001,0.0007300000000000002
40.09009005000108,0.09250000000000004,75.00000000000001,0.0007300000000000002
40.10677340000108,0.09250000000000004,75.00000000000001,0.0007300000000000002
40.12345675000108,0.09250000000000004,75.00000000000001,0.0007300000000000002
40.140140100001084,0.09250000000000004,75.00000000000001,0.0007300000000000002
40.156823450001085,0.09250000000000004,75.00000000000001,0.0007300000000000002
40.173506800001086,0.09250000000000004,75.00000000000001,0.0007300000000000002
40.19019015000109,0.09250000000000004,75.00000000000001,0.0007300000000000002
40.20687350000109,0.09250000000000004,75.00000000000001,0.0007300000000000002
40.22355685000109,0.09250000000000004,75.00000000000001,0.0007300000000000002
40.24024020000109,0.09250000000000004,75.00000000000001,0.0007300000000000002
40.25692355000109,0.09250000000000004,75.00000000000001,0.0007300000000000002
40.27360690000109,0.09250000000000004,75.00000000000001,0.0007300000000000002
40.29029025000109,0.09250000000000004,75.00000000000001,0.0007300000000000002
40.30697360000109,0.09250000000000004,75.00000000000001,0.0007300000000000002
40.323656950001094,0.09250000000000004,75.00000000000001,0.0007300000000000002
40.340340300001095,0.09250000000000004,75.00000000000001,0.0007300000000000002
40.357023650001096,0.09250000000000004,75.00000000000001,0.0007300000000000002
40.3737070000011,0.09250000000000004,75.00000000000001,0.0007300000000000002
40.3903903500011,0.09250000000000004,75.00000000000001,0.0007300000000000002
40.4070737000011,0.09250000000000004,75.00000000000001,0.0007300000000000002
40.4237570500011,0.09250000000000004,75.00000000000001,0.0007300000000000002
40.4404404000011,0.09250000000000004,75.00000000000001,0.0007300000000000002
40.4571237500011,0.09250000000000004,75.00000000000001,0.0007300000000000002
40.4738071000011,0.09250000000000004,75.00000000000001,0.0007300000000000002
40.490490450001104,0.09250000000000004,75.00000000000001,0.0007300000000000002
40.507173800001105,0.09250000000000004,75.00000000000001,0.0007300000000000002
40.523857150001106,0.09250000000000004,75.00000000000001,0.0007300000000000002
40.54054050000111,0.09250000000000004,75.00000000000001,0.0007300000000000002
40.55722385000111,0.09250000000000004,75.00000000000001,0.0007300000000000002
40.57390720000111,0.09250000000000004,75.00000000000001,0.0007300000000000002
40.59059055000111,0.09250000000000004,75.00000000000001,0.0007300000000000002
40.60727390000111,0.09250000000000004,75.00000000000001,0.0007300000000000002
40.62395725000111,0.09250000000000004,75.00000000000001,0.0007300000000000002
40.64064060000111,0.09250000000000004,75.00000000000001,0.0007300000000000002
40.657323950001114,0.09250000000000004,75.00000000000001,0.0007300000000000002
40.674007300001115,0.09250000000000004,75.00000000000001,0.0007300000000000002
40.690690650001116,0.09250000000000004,75.00000000000001,0.0007300000000000002
40.70737400000112,0.09250000000000004,75.00000000000001,0.0007300000000000002
40.72405735000112,0.09250000000000004,75.00000000000001,0.0007300000000000002
40.74074070000112,0.09250000000000004,75.00000000000001,0.0007300000000000002
40.75742405000112,0.09250000000000004,75.00000000000001,0.0007300000000000002
40.77410740000112,0.09250000000000004,75.00000000000001,0.0007300000000000002
40.79079075000112,0.09250000000000004,75.00000000000001,0.0007300000000000002
40.80747410000112,0.09250000000000004,75.00000000000001,0.0007300000000000002
40.824157450001124,0.09250000000000004,75.00000000000001,0.0007300000000000002
40.840840800001125,0.09250000000000004,75.00000000000001,0.0007300000000000002
40.857524150001126,0.09250000000000004,75.00000000000001,0.0007300000000000002
40.87420750000113,0.09250000000000004,75.00000000000001,0.0007300000000000002
40.89089085000113,0.09250000000000004,75.00000000000001,0.0007300000000000002
40.90757420000113,0.09250000000000004,75.00000000000001,0.0007300000000000002
40.92425755000113,0.09250000000000004,75.00000000000001,0.0007300000000000002
40.94094090000113,0.09250000000000004,75.00000000000001,0.0007300000000000002
40.95762425000113,0.09250000000000004,75.00000000000001,0.0007300000000000002
40.97430760000113,0.09250000000000004,75.00000000000001,0.0007300000000000002
40.990990950001134,0.09250000000000004,75.00000000000001,0.0007300000000000002
41.007674300001135,0.09250000000000004,75.00000000000001,0.0007300000000000002
41.024357650001136,0.09250000000000004,75.00000000000001,0.0007300000000000002
41.04104100000114,0.09250000000000004,75.00000000000001,0.0007300000000000002
41.05772435000114,0.09250000000000004,75.00000000000001,0.0007300000000000002
41.07440770000114,0.09250000000000004,75.00000000000001,0.0007300000000000002
41.09109105000114,0.09250000000000004,75.00000000000001,0.0007300000000000002
41.10777440000114,0.09250000000000004,75.00000000000001,0.0007300000000000002
41.12445775000114,0.09250000000000004,75.00000000000001,0.0007300000000000002
41.14114110000114,0.09250000000000004,75.00000000000001,0.0007300000000000002
41.157824450001144,0.09250000000000004,75.00000000000001,0.0007300000000000002
41.174507800001145,0.09250000000000004,75.00000000000001,0.0007300000000000002
41.191191150001146,0.09250000000000004,75.00000000000001,0.0007300000000000002
41.20787450000115,0.09250000000000004,75.00000000000001,0.0007300000000000002
41.22455785000115,0.09250000000000004,75.00000000000001,0.0007300000000000002
41.24124120000115,0.09250000000000004,75.00000000000001,0.0007300000000000002
41.25792455000115,0.09250000000000004,75.00000000000001,0.0007300000000000002
41.27460790000115,0.09250000000000004,75.00000000000001,0.0007300000000000002
41.29129125000115,0.09250000000000004,75.00000000000001,0.0007300000000000002
41.30797460000115,0.09250000000000004,75.00000000000001,0.0007300000000000002
41.32465795000115,0.09250000000000004,75.00000000000001,0.0007300000000000002
41.341341300001154,0.09250000000000004,75.00000000000001,0.0007300000000000002
41.358024650001155,0.09250000000000004,75.00000000000001,0.0007300000000000002
41.37470800000116,0.09250000000000004,75.00000000000001,0.0007300000000000002
41.39139135000116,0.09250000000000004,75.00000000000001,0.0007300000000000002
41.40807470000116,0.09250000000000004,75.00000000000001,0.0007300000000000002
41.42475805000116,0.09250000000000004,75.00000000000001,0.0007300000000000002
41.44144140000116,0.09250000000000004,75.00000000000001,0.0007300000000000002
41.45812475000116,0.09250000000000004,75.00000000000001,0.0007300000000000002
41.47480810000116,0.09250000000000004,75.00000000000001,0.0007300000000000002
41.49149145000116,0.09250000000000004,75.00000000000001,0.0007300000000000002
41.508174800001164,0.09250000000000004,75.00000000000001,0.0007300000000000002
41.524858150001165,0.09250000000000004,75.00000000000001,0.0007300000000000002
41.541541500001166,0.09250000000000004,75.00000000000001,0.0007300000000000002
41.55822485000117,0.09250000000000004,75.00000000000001,0.0007300000000000002
41.57490820000117,0.09250000000000004,75.00000000000001,0.0007300000000000002
41.59159155000117,0.09250000000000004,75.00000000000001,0.0007300000000000002
41.60827490000117,0.09250000000000004,75.00000000000001,0.0007300000000000002
41.62495825000117,0.09250000000000004,75.00000000000001,0.0007300000000000002
41.64164160000117,0.09250000000000004,75.00000000000001,0.0007300000000000002
41.65832495000117,0.09250000000000004,75.00000000000001,0.0007300000000000002
41.675008300001174,0.09250000000000004,75.00000000000001,0.0007300000000000002
41.691691650001175,0.09250000000000004,75.00000000000001,0.0007300000000000002
41.708375000001176,0.09250000000000004,75.00000000000001,0.0007300000000000002
41.72505835000118,0.09250000000000004,75.00000000000001,0.0007300000000000002
41.74174170000118,0.09250000000000004,75.00000000000001,0.0007300000000000002
41.75842505000118,0.09250000000000004,75.00000000000001,0.0007300000000000002
41.77510840000118,0.09250000000000004,75.00000000000001,0.0007300000000000002
41.79179175000118,0.09250000000000004,75.00000000000001,0.0007300000000000002
41.80847510000118,0.09250000000000004,75.00000000000001,0.0007300000000000002
41.82515845000118,0.09250000000000004,75.00000000000001,0.0007300000000000002
41.841841800001184,0.09250000000000004,75.00000000000001,0.0007300000000000002
41.858525150001185,0.09250000000000004,75.00000000000001,0.0007300000000000002
41.875208500001186,0.09250000000000004,75.00000000000001,0.0007300000000000002
41.89189185000119,0.09250000000000004,75.00000000000001,0.0007300000000000002
41.90857520000119,0.09250000000000004,75.00000000000001,0.0007300000000000002
41.92525855000119,0.09250000000000004,75.00000000000001,0.0007300000000000002
41.94194190000119,0.09250000000000004,75.00000000000001,0.0007300000000000002
41.95862525000119,0.09250000000000004,75.00000000000001,0.0007300000000000002
41.97530860000119,0.09250000000000004,75.00000000000001,0.0007300000000000002
41.99199195000119,0.09250000000000004,75.00000000000001,0.0007300000000000002
42.008675300001194,0.09250000000000004,75.00000000000001,0.0007300000000000002
42.025358650001195,0.09250000000000004,75.00000000000001,0.0007300000000000002
42.042042000001196,0.09250000000000004,75.00000000000001,0.0007300000000000002
42.0587253500012,0.09250000000000004,75.00000000000001,0.0007300000000000002
42.0754087000012,0.09250000000000004,75.00000000000001,0.0007300000000000002
42.0920920500012,0.09250000000000004,75.00000000000001,0.0007300000000000002
42.1087754000012,0.09250000000000004,75.00000000000001,0.0007300000000000002
42.1254587500012,0.09250000000000004,75.00000000000001,0.0007300000000000002
42.1421421000012,0.09250000000000004,75.00000000000001,0.0007300000000000002
42.1588254500012,0.09250000000000004,75.00000000000001,0.0007300000000000002
42.175508800001204,0.09250000000000004,75.00000000000001,0.0007300000000000002
42.192192150001205,0.09250000000000004,75.00000000000001,0.0007300000000000002
42.208875500001206,0.09250000000000004,75.00000000000001,0.0007300000000000002
42.22555885000121,0.09250000000000004,75.00000000000001,0.0007300000000000002
42.24224220000121,0.09250000000000004,75.00000000000001,0.0007300000000000002
42.25892555000121,0.09250000000000004,75.00000000000001,0.0007300000000000002
42.27560890000121,0.09250000000000004,75.00000000000001,0.0007300000000000002
42.29229225000121,0.09250000000000004,75.00000000000001,0.0007300000000000002
42.30897560000121,0.09250000000000004,75.00000000000001,0.0007300000000000002
42.32565895000121,0.09250000000000004,75.00000000000001,0.0007300000000000002
42.342342300001214,0.09250000000000004,75.00000000000001,0.0007300000000000002
42.359025650001215,0.09250000000000004,75.00000000000001,0.0007300000000000002
42.375709000001216,0.09250000000000004,75.00000000000001,0.0007300000000000002
42.39239235000122,0.09250000000000004,75.00000000000001,0.0007300000000000002
42.40907570000122,0.09250000000000004,75.00000000000001,0.0007300000000000002
42.42575905000122,0.09250000000000004,75.00000000000001,0.0007300000000000002
42.44244240000122,0.09250000000000004,75.00000000000001,0.0007300000000000002
42.45912575000122,0.09250000000000004,75.00000000000001,0.0007300000000000002
42.47580910000122,0.09250000000000004,75.00000000000001,0.0007300000000000002
42.49249245000122,0.09250000000000004,75.00000000000001,0.0007300000000000002
42.50917580000122,0.09250000000000004,75.00000000000001,0.0007300000000000002
42.525859150001224,0.09250000000000004,75.00000000000001,0.0007300000000000002
42.542542500001225,0.09250000000000004,75.00000000000001,0.0007300000000000002
42.559225850001226,0.09250000000000004,75.00000000000001,0.0007300000000000002
42.57590920000123,0.09250000000000004,75.00000000000001,0.0007300000000000002
42.59259255000123,0.09250000000000004,75.00000000000001,0.0007300000000000002
42.60927590000123,0.09250000000000004,75.00000000000001,0.0007300000000000002
42.62595925000123,0.09250000000000004,75.00000000000001,0.0007300000000000002
42.64264260000123,0.09250000000000004,75.00000000000001,0.0007300000000000002
42.65932595000123,0.09250000000000004,75.00000000000001,0.0007300000000000002
42.67600930000123,0.09250000000000004,75.00000000000001,0.0007300000000000002
42.692692650001234,0.09250000000000004,75.00000000000001,0.0007300000000000002
42.709376000001235,0.09250000000000004,75.00000000000001,0.0007300000000000002
42.726059350001236,0.09250000000000004,75.00000000000001,0.0007300000000000002
42.74274270000124,0.09250000000000004,75.00000000000001,0.0007300000000000002
42.75942605000124,0.09250000000000004,75.00000000000001,0.0007300000000000002
42.77610940000124,0.09250000000000004,75.00000000000001,0.0007300000000000002
42.79279275000124,0.09250000000000004,75.00000000000001,0.0007300000000000002
42.80947610000124,0.09250000000000004,75.00000000000001,0.0007300000000000002
42.82615945000124,0.09250000000000004,75.00000000000001,0.0007300000000000002
42.84284280000124,0.09250000000000004,75.00000000000001,0.0007300000000000002
42.859526150001244,0.09250000000000004,75.00000000000001,0.0007300000000000002
42.876209500001245,0.09250000000000004,75.00000000000001,0.0007300000000000002
42.892892850001246,0.09250000000000004,75.00000000000001,0.0007300000000000002
42.90957620000125,0.09250000000000004,75.00000000000001,0.0007300000000000002
42.92625955000125,0.09250000000000004,75.00000000000001,0.0007300000000000002
42.94294290000125,0.09250000000000004,75.00000000000001,0.0007300000000000002
42.95962625000125,0.09250000000000004,75.00000000000001,0.0007300000000000002
42.97630960000125,0.09250000000000004,75.00000000000001,0.0007300000000000002
42.99299295000125,0.09250000000000004,75.00000000000001,0.0007300000000000002
43.00967630000125,0.09250000000000004,75.00000000000001,0.0007300000000000002
43.026359650001254,0.09250000000000004,75.00000000000001,0.0007300000000000002
43.043043000001255,0.09250000000000004,75.00000000000001,0.0007300000000000002
43.059726350001256,0.09250000000000004,75.00000000000001,0.0007300000000000002
43.07640970000126,0.09250000000000004,75.00000000000001,0.0007300000000000002
43.09309305000126,0.09250000000000004,75.00000000000001,0.0007300000000000002
43.10977640000126,0.09250000000000004,75.00000000000001,0.0007300000000000002
43.12645975000126,0.09250000000000004,75.00000000000001,0.0007300000000000002
43.14314310000126,0.09250000000000004,75.00000000000001,0.0007300000000000002
43.15982645000126,0.09250000000000004,75.00000000000001,0.0007300000000000002
43.17650980000126,0.09250000000000004,75.00000000000001,0.0007300000000000002
43.193193150001264,0.09250000000000004,75.00000000000001,0.0007300000000000002
43.209876500001265,0.09250000000000004,75.00000000000001,0.0007300000000000002
43.226559850001266,0.09250000000000004,75.00000000000001,0.0007300000000000002
43.24324320000127,0.09250000000000004,75.00000000000001,0.0007300000000000002
43.25992655000127,0.09250000000000004,75.00000000000001,0.0007300000000000002
43.27660990000127,0.09250000000000004,75.00000000000001,0.0007300000000000002
43.29329325000127,0.09250000000000004,75.00000000000001,0.0007300000000000002
43.30997660000127,0.09250000000000004,75.00000000000001,0.0007300000000000002
43.32665995000127,0.09250000000000004,75.00000000000001,0.0007300000000000002
43.34334330000127,0.09250000000000004,75.00000000000001,0.0007300000000000002
43.360026650001274,0.09250000000000004,75.00000000000001,0.0007300000000000002
43.376710000001275,0.09250000000000004,75.00000000000001,0.0007300000000000002
43.393393350001276,0.09250000000000004,75.00000000000001,0.0007300000000000002
43.41007670000128,0.09250000000000004,75.00000000000001,0.0007300000000000002
43.42676005000128,0.09250000000000004,75.00000000000001,0.0007300000000000002
43.44344340000128,0.09250000000000004,75.00000000000001,0.0007300000000000002
43.46012675000128,0.09250000000000004,75.00000000000001,0.0007300000000000002
43.47681010000128,0.09250000000000004,75.00000000000001,0.0007300000000000002
43.49349345000128,0.09250000000000004,75.00000000000001,0.0007300000000000002
43.51017680000128,0.09250000000000004,75.00000000000001,0.0007300000000000002
43.52686015000128,0.09250000000000004,75.00000000000001,0.0007300000000000002
43.543543500001284,0.09250000000000004,75.00000000000001,0.0007300000000000002
43.560226850001285,0.09250000000000004,75.00000000000001,0.0007300000000000002
43.57691020000129,0.09250000000000004,75.00000000000001,0.0007300000000000002
43.59359355000129,0.09250000000000004,75.00000000000001,0.0007300000000000002
43.61027690000129,0.09250000000000004,75.00000000000001,0.0007300000000000002
43.62696025000129,0.09250000000000004,75.00000000000001,0.0007300000000000002
43.64364360000129,0.09250000000000004,75.00000000000001,0.0007300000000000002
43.66032695000129,0.09250000000000004,75.00000000000001,0.0007300000000000002
43.67701030000129,0.09250000000000004,75.00000000000001,0.0007300000000000002
43.69369365000129,0.09250000000000004,75.00000000000001,0.0007300000000000002
43.710377000001294,0.09250000000000004,75.00000000000001,0.0007300000000000002
43.727060350001295,0.09250000000000004,75.00000000000001,0.0007300000000000002
43.743743700001296,0.09250000000000004,75.00000000000001,0.0007300000000000002
43.7604270500013,0.09250000000000004,75.00000000000001,0.0007300000000000002
43.7771104000013,0.09250000000000004,75.00000000000001,0.0007300000000000002
43.7937937500013,0.09250000000000004,75.00000000000001,0.0007300000000000002
43.8104771000013,0.09250000000000004,75.00000000000001,0.0007300000000000002
43.8271604500013,0.09250000000000004,75.00000000000001,0.0007300000000000002
43.8438438000013,0.09250000000000004,75.00000000000001,0.0007300000000000002
43.8605271500013,0.09250000000000004,75.00000000000001,0.0007300000000000002
43.877210500001304,0.09250000000000004,75.00000000000001,0.0007300000000000002
43.893893850001305,0.09250000000000004,75.00000000000001,0.0007300000000000002
43.910577200001306,0.09250000000000004,75.00000000000001,0.0007300000000000002
43.92726055000131,0.09250000000000004,75.00000000000001,0.0007300000000000002
43.94394390000131,0.09250000000000004,75.00000000000001,0.0007300000000000002
43.96062725000131,0.09250000000000004,75.00000000000001,0.0007300000000000002
43.97731060000131,0.09250000000000004,75.00000000000001,0.0007300000000000002
43.99399395000131,0.09250000000000004,75.00000000000001,0.0007300000000000002
44.01067730000131,0.09250000000000004,75.00000000000001,0.0007300000000000002
44.02736065000131,0.09250000000000004,75.00000000000001,0.0007300000000000002
44.044044000001314,0.09250000000000004,75.00000000000001,0.0007300000000000002
44.060727350001315,0.09250000000000004,75.00000000000001,0.0007300000000000002
44.077410700001316,0.09250000000000004,75.00000000000001,0.0007300000000000002
44.09409405000132,0.09250000000000004,75.00000000000001,0.0007300000000000002
44.11077740000132,0.09250000000000004,75.00000000000001,0.0007300000000000002
44.12746075000132,0.09250000000000004,75.00000000000001,0.0007300000000000002
44.14414410000132,0.09250000000000004,75.00000000000001,0.0007300000000000002
44.16082745000132,0.09250000000000004,75.00000000000001,0.0007300000000000002
44.17751080000132,0.09250000000000004,75.00000000000001,0.0007300000000000002
44.19419415000132,0.09250000000000004,75.00000000000001,0.0007300000000000002
44.210877500001324,0.09250000000000004,75.00000000000001,0.0007300000000000002
44.227560850001325,0.09250000000000004,75.00000000000001,0.0007300000000000002
44.244244200001326,0.09250000000000004,75.00000000000001,0.0007300000000000002
44.26092755000133,0.09250000000000004,75.00000000000001,0.0007300000000000002
44.27761090000133,0.09250000000000004,75.00000000000001,0.0007300000000000002
44.29429425000133,0.09250000000000004,75.00000000000001,0.0007300000000000002
44.31097760000133,0.09250000000000004,75.00000000000001,0.0007300000000000002
44.32766095000133,0.09250000000000004,75.00000000000001,0.0007300000000000002
44.34434430000133,0.09250000000000004,75.00000000000001,0.0007300000000000002
44.36102765000133,0.09250000000000004,75.00000000000001,0.0007300000000000002
44.377711000001334,0.09250000000000004,75.00000000000001,0.0007300000000000002
44.394394350001335,0.09250000000000004,75.00000000000001,0.0007300000000000002
44.411077700001336,0.09250000000000004,75.00000000000001,0.0007300000000000002
44.42776105000134,0.09250000000000004,75.00000000000001,0.0007300000000000002
44.44444440000134,0.09250000000000004,75.00000000000001,0.0007300000000000002
44.46112775000134,0.09250000000000004,75.00000000000001,0.0007300000000000002
44.47781110000134,0.09250000000000004,75.00000000000001,0.0007300000000000002
44.49449445000134,0.09250000000000004,75.00000000000001,0.0007300000000000002
44.51117780000134,0.09250000000000004,75.00000000000001,0.0007300000000000002
44.52786115000134,0.09250000000000004,75.00000000000001,0.0007300000000000002
44.544544500001344,0.09250000000000004,75.00000000000001,0.0007300000000000002
44.561227850001345,0.09250000000000004,75.00000000000001,0.0007300000000000002
44.577911200001346,0.09250000000000004,75.00000000000001,0.0007300000000000002
44.59459455000135,0.09250000000000004,75.00000000000001,0.0007300000000000002
44.61127790000135,0.09250000000000004,75.00000000000001,0.0007300000000000002
44.62796125000135,0.09250000000000004,75.00000000000001,0.0007300000000000002
44.64464460000135,0.09250000000000004,75.00000000000001,0.0007300000000000002
44.66132795000135,0.09250000000000004,75.00000000000001,0.0007300000000000002
44.67801130000135,0.09250000000000004,75.00000000000001,0.0007300000000000002
44.69469465000135,0.09250000000000004,75.00000000000001,0.0007300000000000002
44.71137800000135,0.09250000000000004,75.00000000000001,0.0007300000000000002
44.728061350001354,0.09250000000000004,75.00000000000001,0.0007300000000000002
44.744744700001355,0.09250000000000004,75.00000000000001,0.0007300000000000002
44.761428050001356,0.09250000000000004,75.00000000000001,0.0007300000000000002
44.77811140000136,0.09250000000000004,75.00000000000001,0.0007300000000000002
44.79479475000136,0.09250000000000004,75.00000000000001,0.0007300000000000002
44.81147810000136,0.09250000000000004,75.00000000000001,0.0007300000000000002
44.82816145000136,0.09250000000000004,75.00000000000001,0.0007300000000000002
44.84484480000136,0.09250000000000004,75.00000000000001,0.0007300000000000002
44.86152815000136,0.09250000000000004,75.00000000000001,0.0007300000000000002
44.87821150000136,0.09250000000000004,75.00000000000001,0.0007300000000000002
44.894894850001364,0.09250000000000004,75.00000000000001,0.0007300000000000002
44.911578200001365,0.09250000000000004,75.00000000000001,0.0007300000000000002
44.928261550001366,0.09250000000000004,75.00000000000001,0.0007300000000000002
44.94494490000137,0.09250000000000004,75.00000000000001,0.0007300000000000002
44.96162825000137,0.09250000000000004,75.00000000000001,0.0007300000000000002
44.97831160000137,0.09250000000000004,75.00000000000001,0.0007300000000000002
44.99499495000137,0.09250000000000004,75.00000000000001,0.0007300000000000002
45.01167830000137,0.09250000000000004,75.00000000000001,0.0007300000000000002
45.02836165000137,0.09250000000000004,75.00000000000001,0.0007300000000000002
45.04504500000137,0.09250000000000004,75.00000000000001,0.0007300000000000002
45.061728350001374,0.09250000000000004,75.00000000000001,0.0007300000000000002
45.078411700001375,0.09250000000000004,75.00000000000001,0.0007300000000000002
45.095095050001376,0.09250000000000004,75.00000000000001,0.0007300000000000002
45.11177840000138,0.09250000000000004,75.00000000000001,0.0007300000000000002
45.12846175000138,0.09250000000000004,75.00000000000001,0.0007300000000000002
45.14514510000138,0.09250000000000004,75.00000000000001,0.0007300000000000002
45.16182845000138,0.09250000000000004,75.00000000000001,0.0007300000000000002
45.17851180000138,0.09250000000000004,75.00000000000001,0.0007300000000000002
45.19519515000138,0.09250000000000004,75.00000000000001,0.0007300000000000002
45.21187850000138,0.09250000000000004,75.00000000000001,0.0007300000000000002
45.228561850001384,0.09250000000000004,75.00000000000001,0.0007300000000000002
45.245245200001385,0.09250000000000004,75.00000000000001,0.0007300000000000002
45.261928550001386,0.09250000000000004,75.00000000000001,0.0007300000000000002
45.27861190000139,0.09250000000000004,75.00000000000001,0.0007300000000000002
45.29529525000139,0.09250000000000004,75.00000000000001,0.0007300000000000002
45.31197860000139,0.09250000000000004,75.00000000000001,0.0007300000000000002
45.32866195000139,0.09250000000000004,75.00000000000001,0.0007300000000000002
45.34534530000139,0.09250000000000004,75.00000000000001,0.0007300000000000002
45.36202865000139,0.09250000000000004,75.00000000000001,0.0007300000000000002
45.37871200000139,0.09250000000000004,75.00000000000001,0.0007300000000000002
45.395395350001394,0.09250000000000004,75.00000000000001,0.0007300000000000002
45.412078700001395,0.09250000000000004,75.00000000000001,0.0007300000000000002
45.428762050001396,0.09250000000000004,75.00000000000001,0.0007300000000000002
45.4454454000014,0.09250000000000004,75.00000000000001,0.0007300000000000002
45.4621287500014,0.09250000000000004,75.00000000000001,0.0007300000000000002
45.4788121000014,0.09250000000000004,75.00000000000001,0.0007300000000000002
45.4954954500014,0.09250000000000004,75.00000000000001,0.0007300000000000002
45.5121788000014,0.09250000000000004,75.00000000000001,0.0007300000000000002
45.5288621500014,0.09250000000000004,75.00000000000001,0.0007300000000000002
45.5455455000014,0.09250000000000004,75.00000000000001,0.0007300000000000002
45.562228850001404,0.09250000000000004,75.00000000000001,0.0007300000000000002
45.578912200001405,0.09250000000000004,75.00000000000001,0.0007300000000000002
45.595595550001406,0.09250000000000004,75.00000000000001,0.0007300000000000002
45.61227890000141,0.09250000000000004,75.00000000000001,0.0007300000000000002
45.62896225000141,0.09250000000000004,75.00000000000001,0.0007300000000000002
45.64564560000141,0.09250000000000004,75.00000000000001,0.0007300000000000002
45.66232895000141,0.09250000000000004,75.00000000000001,0.0007300000000000002
45.67901230000141,0.09250000000000004,75.00000000000001,0.0007300000000000002
45.69569565000141,0.09250000000000004,75.00000000000001,0.0007300000000000002
45.71237900000141,0.09250000000000004,75.00000000000001,0.0007300000000000002
45.72906235000141,0.09250000000000004,75.00000000000001,0.0007300000000000002
45.745745700001414,0.09250000000000004,75.00000000000001,0.0007300000000000002
45.762429050001415,0.09250000000000004,75.00000000000001,0.0007300000000000002
45.77911240000142,0.09250000000000004,75.00000000000001,0.0007300000000000002
45.79579575000142,0.09250000000000004,75.00000000000001,0.0007300000000000002
45.81247910000142,0.09250000000000004,75.00000000000001,0.0007300000000000002
45.82916245000142,0.09250000000000004,75.00000000000001,0.0007300000000000002
45.84584580000142,0.09250000000000004,75.00000000000001,0.0007300000000000002
45.86252915000142,0.09250000000000004,75.00000000000001,0.0007300000000000002
45.87921250000142,0.09250000000000004,75.00000000000001,0.0007300000000000002
45.89589585000142,0.09250000000000004,75.00000000000001,0.0007300000000000002
45.912579200001424,0.09250000000000004,75.00000000000001,0.0007300000000000002
45.929262550001425,0.09250000000000004,75.00000000000001,0.0007300000000000002
45.945945900001426,0.09250000000000004,75.00000000000001,0.0007300000000000002
45.96262925000143,0.09250000000000004,75.00000000000001,0.0007300000000000002
45.97931260000143,0.09250000000000004,75.00000000000001,0.0007300000000000002
45.99599595000143,0.09250000000000004,75.00000000000001,0.0007300000000000002
46.01267930000143,0.09250000000000004,75.00000000000001,0.0007300000000000002
46.02936265000143,0.09250000000000004,75.00000000000001,0.0007300000000000002
46.04604600000143,0.09250000000000004,75.00000000000001,0.0007300000000000002
46.06272935000143,0.09250000000000004,75.00000000000001,0.0007300000000000002
46.079412700001434,0.09250000000000004,75.00000000000001,0.0007300000000000002
46.096096050001435,0.09250000000000004,75.00000000000001,0.0007300000000000002
46.112779400001436,0.09250000000000004,75.00000000000001,0.0007300000000000002
46.12946275000144,0.09250000000000004,75.00000000000001,0.0007300000000000002
46.14614610000144,0.09250000000000004,75.00000000000001,0.0007300000000000002
46.16282945000144,0.09250000000000004,75.00000000000001,0.0007300000000000002
46.17951280000144,0.09250000000000004,75.00000000000001,0.0007300000000000002
46.19619615000144,0.09250000000000004,75.00000000000001,0.0007300000000000002
46.21287950000144,0.09250000000000004,75.00000000000001,0.0007300000000000002
46.22956285000144,0.09250000000000004,75.00000000000001,0.0007300000000000002
46.246246200001444,0.09250000000000004,75.00000000000001,0.0007300000000000002
46.262929550001445,0.09250000000000004,75.00000000000001,0.0007300000000000002
46.279612900001446,0.09250000000000004,75.00000000000001,0.0007300000000000002
46.29629625000145,0.09250000000000004,75.00000000000001,0.0007300000000000002
46.31297960000145,0.09250000000000004,75.00000000000001,0.0007300000000000002
46.32966295000145,0.09250000000000004,75.00000000000001,0.0007300000000000002
46.34634630000145,0.09250000000000004,75.00000000000001,0.0007300000000000002
46.36302965000145,0.09250000000000004,75.00000000000001,0.0007300000000000002
46.37971300000145,0.09250000000000004,75.00000000000001,0.0007300000000000002
46.39639635000145,0.09250000000000004,75.00000000000001,0.0007300000000000002
46.413079700001454,0.09250000000000004,75.00000000000001,0.0007300000000000002
46.429763050001455,0.09250000000000004,75.00000000000001,0.0007300000000000002
46.446446400001456,0.09250000000000004,75.00000000000001,0.0007300000000000002
46.46312975000146,0.09250000000000004,75.00000000000001,0.0007300000000000002
46.47981310000146,0.09250000000000004,75.00000000000001,0.0007300000000000002
46.49649645000146,0.09250000000000004,75.00000000000001,0.0007300000000000002
46.51317980000146,0.09250000000000004,75.00000000000001,0.0007300000000000002
46.52986315000146,0.09250000000000004,75.00000000000001,0.0007300000000000002
46.54654650000146,0.09250000000000004,75.00000000000001,0.0007300000000000002
46.56322985000146,0.09250000000000004,75.00000000000001,0.0007300000000000002
46.579913200001464,0.09250000000000004,75.00000000000001,0.0007300000000000002
46.596596550001465,0.09250000000000004,75.00000000000001,0.0007300000000000002
46.613279900001466,0.09250000000000004,75.00000000000001,0.0007300000000000002
46.62996325000147,0.09250000000000004,75.00000000000001,0.0007300000000000002
46.64664660000147,0.09250000000000004,75.00000000000001,0.0007300000000000002
46.66332995000147,0.09250000000000004,75.00000000000001,0.0007300000000000002
46.68001330000147,0.09250000000000004,75.00000000000001,0.0007300000000000002
46.69669665000147,0.09250000000000004,75.00000000000001,0.0007300000000000002
46.71338000000147,0.09250000000000004,75.00000000000001,0.0007300000000000002
46.73006335000147,0.09250000000000004,75.00000000000001,0.0007300000000000002
46.746746700001474,0.09250000000000004,75.00000000000001,0.0007300000000000002
46.763430050001475,0.09250000000000004,75.00000000000001,0.0007300000000000002
46.780113400001476,0.09250000000000004,75.00000000000001,0.0007300000000000002
46.79679675000148,0.09250000000000004,75.00000000000001,0.0007300000000000002
46.81348010000148,0.09250000000000004,75.00000000000001,0.0007300000000000002
46.83016345000148,0.09250000000000004,75.00000000000001,0.0007300000000000002
46.84684680000148,0.09250000000000004,75.00000000000001,0.0007300000000000002
46.86353015000148,0.09250000000000004,75.00000000000001,0.0007300000000000002
46.88021350000148,0.09250000000000004,75.00000000000001,0.0007300000000000002
46.89689685000148,0.09250000000000004,75.00000000000001,0.0007300000000000002
46.91358020000148,0.09250000000000004,75.00000000000001,0.0007300000000000002
46.930263550001484,0.09250000000000004,75.00000000000001,0.0007300000000000002
46.946946900001485,0.09250000000000004,75.00000000000001,0.0007300000000000002
46.963630250001486,0.09250000000000004,75.00000000000001,0.0007300000000000002
46.98031360000149,0.09250000000000004,75.00000000000001,0.0007300000000000002
46.99699695000149,0.09250000000000004,75.00000000000001,0.0007300000000000002
47.01368030000149,0.09250000000000004,75.00000000000001,0.0007300000000000002
47.03036365000149,0.09250000000000004,75.00000000000001,0.0007300000000000002
47.04704700000149,0.09250000000000004,75.00000000000001,0.0007300000000000002
47.06373035000149,0.09250000000000004,75.00000000000001,0.0007300000000000002
47.08041370000149,0.09250000000000004,75.00000000000001,0.0007300000000000002
47.097097050001494,0.09250000000000004,75.00000000000001,0.0007300000000000002
47.113780400001495,0.09250000000000004,75.00000000000001,0.0007300000000000002
47.130463750001496,0.09250000000000004,75.00000000000001,0.0007300000000000002
47.1471471000015,0.09250000000000004,75.00000000000001,0.0007300000000000002
47.1638304500015,0.09250000000000004,75.00000000000001,0.0007300000000000002
47.1805138000015,0.09250000000000004,75.00000000000001,0.0007300000000000002
47.1971971500015,0.09250000000000004,75.00000000000001,0.0007300000000000002
47.2138805000015,0.09250000000000004,75.00000000000001,0.0007300000000000002
47.2305638500015,0.09250000000000004,75.00000000000001,0.0007300000000000002
47.2472472000015,0.09250000000000004,75.00000000000001,0.0007300000000000002
47.263930550001504,0.09250000000000004,75.00000000000001,0.0007300000000000002
47.280613900001505,0.09250000000000004,75.00000000000001,0.0007300000000000002
47.297297250001506,0.09250000000000004,75.00000000000001,0.0007300000000000002
47.31398060000151,0.09250000000000004,75.00000000000001,0.0007300000000000002
47.33066395000151,0.09250000000000004,75.00000000000001,0.0007300000000000002
47.34734730000151,0.09250000000000004,75.00000000000001,0.0007300000000000002
47.36403065000151,0.09250000000000004,75.00000000000001,0.0007300000000000002
47.38071400000151,0.09250000000000004,75.00000000000001,0.0007300000000000002
47.39739735000151,0.09250000000000004,75.00000000000001,0.0007300000000000002
47.41408070000151,0.09250000000000004,75.00000000000001,0.0007300000000000002
47.430764050001514,0.09250000000000004,75.00000000000001,0.0007300000000000002
47.447447400001515,0.09250000000000004,75.00000000000001,0.0007300000000000002
47.464130750001516,0.09250000000000004,75.00000000000001,0.0007300000000000002
47.48081410000152,0.09250000000000004,75.00000000000001,0.0007300000000000002
47.49749745000152,0.09250000000000004,75.00000000000001,0.0007300000000000002
47.51418080000152,0.09250000000000004,75.00000000000001,0.0007300000000000002
47.53086415000152,0.09250000000000004,75.00000000000001,0.0007300000000000002
47.54754750000152,0.09250000000000004,75.00000000000001,0.0007300000000000002
47.56423085000152,0.09250000000000004,75.00000000000001,0.0007300000000000002
47.58091420000152,0.09250000000000004,75.00000000000001,0.0007300000000000002
47.597597550001524,0.09250000000000004,75.00000000000001,0.0007300000000000002
47.614280900001525,0.09250000000000004,75.00000000000001,0.0007300000000000002
47.630964250001526,0.09250000000000004,75.00000000000001,0.0007300000000000002
47.64764760000153,0.09250000000000004,75.00000000000001,0.0007300000000000002
47.66433095000153,0.09250000000000004,75.00000000000001,0.0007300000000000002
47.68101430000153,0.09250000000000004,75.00000000000001,0.0007300000000000002
47.69769765000153,0.09250000000000004,75.00000000000001,0.0007300000000000002
47.71438100000153,0.09250000000000004,75.00000000000001,0.0007300000000000002
47.73106435000153,0.09250000000000004,75.00000000000001,0.0007300000000000002
47.74774770000153,0.09250000000000004,75.00000000000001,0.0007300000000000002
47.764431050001534,0.09250000000000004,75.00000000000001,0.0007300000000000002
47.781114400001535,0.09250000000000004,75.00000000000001,0.0007300000000000002
47.797797750001536,0.09250000000000004,75.00000000000001,0.0007300000000000002
47.81448110000154,0.09250000000000004,75.00000000000001,0.0007300000000000002
47.83116445000154,0.09250000000000004,75.00000000000001,0.0007300000000000002
47.84784780000154,0.09250000000000004,75.00000000000001,0.0007300000000000002
47.86453115000154,0.09250000000000004,75.00000000000001,0.0007300000000000002
47.88121450000154,0.09250000000000004,75.00000000000001,0.0007300000000000002
47.89789785000154,0.09250000000000004,75.00000000000001,0.0007300000000000002
47.91458120000154,0.09250000000000004,75.00000000000001,0.0007300000000000002
47.93126455000154,0.09250000000000004,75.00000000000001,0.0007300000000000002
47.947947900001544,0.09250000000000004,75.00000000000001,0.0007300000000000002
47.964631250001545,0.09250000000000004,75.00000000000001,0.0007300000000000002
47.98131460000155,0.09250000000000004,75.00000000000001,0.0007300000000000002
47.99799795000155,0.09250000000000004,75.00000000000001,0.0007300000000000002
48.01468130000155,0.09250000000000004,75.00000000000001,0.0007300000000000002
48.03136465000155,0.09250000000000004,75.00000000000001,0.0007300000000000002
48.04804800000155,0.09250000000000004,75.00000000000001,0.0007300000000000002
48.06473135000155,0.09250000000000004,75.00000000000001,0.0007300000000000002
48.08141470000155,0.09250000000000004,75.00000000000001,0.0007300000000000002
48.09809805000155,0.09250000000000004,75.00000000000001,0.0007300000000000002
48.114781400001554,0.09250000000000004,75.00000000000001,0.0007300000000000002
48.131464750001555,0.09250000000000004,75.00000000000001,0.0007300000000000002
48.148148100001556,0.09250000000000004,75.00000000000001,0.0007300000000000002
48.16483145000156,0.09250000000000004,75.00000000000001,0.0007300000000000002
48.18151480000156,0.09250000000000004,75.00000000000001,0.0007300000000000002
48.19819815000156,0.09250000000000004,75.00000000000001,0.0007300000000000002
48.21488150000156,0.09250000000000004,75.00000000000001,0.0007300000000000002
48.23156485000156,0.09250000000000004,75.00000000000001,0.0007300000000000002
48.24824820000156,0.09250000000000004,75.00000000000001,0.0007300000000000002
48.26493155000156,0.09250000000000004,75.00000000000001,0.0007300000000000002
48.281614900001564,0.09250000000000004,75.00000000000001,0.0007300000000000002
48.298298250001565,0.09250000000000004,75.00000000000001,0.0007300000000000002
48.314981600001566,0.09250000000000004,75.00000000000001,0.0007300000000000002
48.33166495000157,0.09250000000000004,75.00000000000001,0.0007300000000000002
48.34834830000157,0.09250000000000004,75.00000000000001,0.0007300000000000002
48.36503165000157,0.09250000000000004,75.00000000000001,0.0007300000000000002
48.38171500000157,0.09250000000000004,75.00000000000001,0.0007300000000000002
48.39839835000157,0.09250000000000004,75.00000000000001,0.0007300000000000002
48.41508170000157,0.09250000000000004,75.00000000000001,0.0007300000000000002
48.43176505000157,0.09250000000000004,75.00000000000001,0.0007300000000000002
48.448448400001574,0.09250000000000004,75.00000000000001,0.0007300000000000002
48.465131750001575,0.09250000000000004,75.00000000000001,0.0007300000000000002
48.481815100001576,0.09250000000000004,75.00000000000001,0.0007300000000000002
48.49849845000158,0.09250000000000004,75.00000000000001,0.0007300000000000002
48.51518180000158,0.09250000000000004,75.00000000000001,0.0007300000000000002
48.53186515000158,0.09250000000000004,75.00000000000001,0.0007300000000000002
48.54854850000158,0.09250000000000004,75.00000000000001,0.0007300000000000002
48.56523185000158,0.09250000000000004,75.00000000000001,0.0007300000000000002
48.58191520000158,0.09250000000000004,75.00000000000001,0.0007300000000000002
48.59859855000158,0.09250000000000004,75.00000000000001,0.0007300000000000002
48.615281900001584,0.09250000000000004,75.00000000000001,0.0007300000000000002
48.631965250001585,0.09250000000000004,75.00000000000001,0.0007300000000000002
48.648648600001586,0.09250000000000004,75.00000000000001,0.0007300000000000002
48.66533195000159,0.09250000000000004,75.00000000000001,0.0007300000000000002
48.68201530000159,0.09250000000000004,75.00000000000001,0.0007300000000000002
48.69869865000159,0.09250000000000004,75.00000000000001,0.0007300000000000002
48.71538200000159,0.09250000000000004,75.00000000000001,0.0007300000000000002
48.73206535000159,0.09250000000000004,75.00000000000001,0.0007300000000000002
48.74874870000159,0.09250000000000004,75.00000000000001,0.0007300000000000002
48.76543205000159,0.09250000000000004,75.00000000000001,0.0007300000000000002
48.782115400001594,0.09250000000000004,75.00000000000001,0.0007300000000000002
48.798798750001595,0.09250000000000004,75.00000000000001,0.0007300000000000002
48.815482100001596,0.09250000000000004,75.00000000000001,0.0007300000000000002
48.8321654500016,0.09250000000000004,75.00000000000001,0.0007300000000000002
48.8488488000016,0.09250000000000004,75.00000000000001,0.0007300000000000002
48.8655321500016,0.09250000000000004,75.00000000000001,0.0007300000000000002
48.8822155000016,0.09250000000000004,75.00000000000001,0.0007300000000000002
48.8988988500016,0.09250000000000004,75.00000000000001,0.0007300000000000002
48.9155822000016,0.09250000000000004,75.00000000000001,0.0007300000000000002
48.9322655500016,0.09250000000000004,75.00000000000001,0.0007300000000000002
48.948948900001604,0.09250000000000004,75.00000000000001,0.0007300000000000002
48.965632250001605,0.09250000000000004,75.00000000000001,0.0007300000000000002
48.982315600001606,0.09250000000000004,75.00000000000001,0.0007300000000000002
48.99899895000161,0.09250000000000004,75.00000000000001,0.0007300000000000002
49.01568230000161,0.09250000000000004,75.00000000000001,0.0007300000000000002
49.03236565000161,0.09250000000000004,75.00000000000001,0.0007300000000000002
49.04904900000161,0.09250000000000004,75.00000000000001,0.0007300000000000002
49.06573235000161,0.09250000000000004,75.00000000000001,0.0007300000000000002
49.08241570000161,0.09250000000000004,75.00000000000001,0.0007300000000000002
49.09909905000161,0.09250000000000004,75.00000000000001,0.0007300000000000002
49.11578240000161,0.09250000000000004,75.00000000000001,0.0007300000000000002
49.132465750001614,0.09250000000000004,75.00000000000001,0.0007300000000000002
49.149149100001615,0.09250000000000004,75.00000000000001,0.0007300000000000002
49.165832450001616,0.09250000000000004,75.00000000000001,0.0007300000000000002
49.18251580000162,0.09250000000000004,75.00000000000001,0.0007300000000000002
49.19919915000162,0.09250000000000004,75.00000000000001,0.0007300000000000002
49.21588250000162,0.09250000000000004,75.00000000000001,0.0007300000000000002
49.23256585000162,0.09250000000000004,75.00000000000001,0.0007300000000000002
49.24924920000162,0.09250000000000004,75.00000000000001,0.0007300000000000002
49.26593255000162,0.09250000000000004,75.00000000000001,0.0007300000000000002
49.28261590000162,0.09250000000000004,75.00000000000001,0.0007300000000000002
49.299299250001624,0.09250000000000004,75.00000000000001,0.0007300000000000002
49.315982600001625,0.09250000000000004,75.00000000000001,0.0007300000000000002
49.332665950001626,0.09250000000000004,75.00000000000001,0.0007300000000000002
49.34934930000163,0.09250000000000004,75.00000000000001,0.0007300000000000002
49.36603265000163,0.09250000000000004,75.00000000000001,0.0007300000000000002
49.38271600000163,0.09250000000000004,75.00000000000001,0.0007300000000000002
49.39939935000163,0.09250000000000004,75.00000000000001,0.0007300000000000002
49.41608270000163,0.09250000000000004,75.00000000000001,0.0007300000000000002
49.43276605000163,0.09250000000000004,75.00000000000001,0.0007300000000000002
49.44944940000163,0.09250000000000004,75.00000000000001,0.0007300000000000002
49.466132750001634,0.09250000000000004,75.00000000000001,0.0007300000000000002
49.482816100001635,0.09250000000000004,75.00000000000001,0.0007300000000000002
49.499499450001636,0.09250000000000004,75.00000000000001,0.0007300000000000002
49.51618280000164,0.09250000000000004,75.00000000000001,0.0007300000000000002
49.53286615000164,0.09250000000000004,75.00000000000001,0.0007300000000000002
49.54954950000164,0.09250000000000004,75.00000000000001,0.0007300000000000002
49.56623285000164,0.09250000000000004,75.00000000000001,0.0007300000000000002
49.58291620000164,0.09250000000000004,75.00000000000001,0.0007300000000000002
49.59959955000164,0.09250000000000004,75.00000000000001,0.0007300000000000002
49.61628290000164,0.09250000000000004,75.00000000000001,0.0007300000000000002
49.632966250001644,0.09250000000000004,75.00000000000001,0.0007300000000000002
49.649649600001645,0.09250000000000004,75.00000000000001,0.0007300000000000002
49.666332950001646,0.09250000000000004,75.00000000000001,0.0007300000000000002
49.68301630000165,0.09250000000000004,75.00000000000001,0.0007300000000000002
49.69969965000165,0.09250000000000004,75.00000000000001,0.0007300000000000002
49.71638300000165,0.09250000000000004,75.00000000000001,0.0007300000000000002
49.73306635000165,0.09250000000000004,75.00000000000001,0.0007300000000000002
49.74974970000165,0.09250000000000004,75.00000000000001,0.0007300000000000002
49.76643305000165,0.09250000000000004,75.00000000000001,0.0007300000000000002
49.78311640000165,0.09250000000000004,75.00000000000001,0.0007300000000000002
49.799799750001654,0.09250000000000004,75.00000000000001,0.0007300000000000002
49.816483100001655,0.09250000000000004,75.00000000000001,0.0007300000000000002
49.833166450001656,0.09250000000000004,75.00000000000001,0.0007300000000000002
49.84984980000166,0.09250000000000004,75.00000000000001,0.0007300000000000002
49.86653315000166,0.09250000000000004,75.00000000000001,0.0007300000000000002
49.88321650000166,0.09250000000000004,75.00000000000001,0.0007300000000000002
49.89989985000166,0.09250000000000004,75.00000000000001,0.0007300000000000002
49.91658320000166,0.09250000000000004,75.00000000000001,0.0007300000000000002
49.93326655000166,0.09250000000000004,75.00000000000001,0.0007300000000000002
49.94994990000166,0.09250000000000004,75.00000000000001,0.0007300000000000002
49.966633250001664,0.09250000000000004,75.00000000000001,0.0007300000000000002
49.983316600001665,0.09250000000000004,75.00000000000001,0.0007300000000000002
49.999999950001666,0.09250000000000004,75.00000000000001,0.0007300000000000002
50.01668330000167,0.09250000000000004,75.00000000000001,0.0007300000000000002
50.03336665000167,0.09250000000000004,75.00000000000001,0.0007300000000000002
50.05005000000167,0.09250000000000004,75.00000000000001,0.0007300000000000002
50.06673335000167,0.09250000000000004,75.00000000000001,0.0007300000000000002
50.08341670000167,0.09250000000000004,75.00000000000001,0.0007300000000000002
50.10010005000167,0.09250000000000004,75.00000000000001,0.0007300000000000002
50.11678340000167,0.09250000000000004,75.00000000000001,0.0007300000000000002
50.13346675000167,0.09250000000000004,75.00000000000001,0.0007300000000000002
50.150150100001675,0.09250000000000004,75.00000000000001,0.0007300000000000002
50.166833450001675,0.09250000000000004,75.00000000000001,0.0007300000000000002
50.18351680000168,0.09250000000000004,75.00000000000001,0.0007300000000000002
50.20020015000168,0.09250000000000004,75.00000000000001,0.0007300000000000002
50.21688350000168,0.09250000000000004,75.00000000000001,0.0007300000000000002
50.23356685000168,0.09250000000000004,75.00000000000001,0.0007300000000000002
50.25025020000168,0.09250000000000004,75.00000000000001,0.0007300000000000002
50.26693355000168,0.09250000000000004,75.00000000000001,0.0007300000000000002
50.28361690000168,0.09250000000000004,75.00000000000001,0.0007300000000000002
50.30030025000168,0.09250000000000004,75.00000000000001,0.0007300000000000002
50.316983600001684,0.09250000000000004,75.00000000000001,0.0007300000000000002
50.333666950001685,0.09250000000000004,75.00000000000001,0.0007300000000000002
50.350350300001686,0.09250000000000004,75.00000000000001,0.0007300000000000002
50.36703365000169,0.09250000000000004,75.00000000000001,0.0007300000000000002
50.38371700000169,0.09250000000000004,75.00000000000001,0.0007300000000000002
50.40040035000169,0.09250000000000004,75.00000000000001,0.0007300000000000002
50.41708370000169,0.09250000000000004,75.00000000000001,0.0007300000000000002
50.43376705000169,0.09250000000000004,75.00000000000001,0.0007300000000000002
50.45045040000169,0.09250000000000004,75.00000000000001,0.0007300000000000002
50.46713375000169,0.09250000000000004,75.00000000000001,0.0007300000000000002
50.483817100001694,0.09250000000000004,75.00000000000001,0.0007300000000000002
50.500500450001695,0.09250000000000004,75.00000000000001,0.0007300000000000002
50.517183800001696,0.09250000000000004,75.00000000000001,0.0007300000000000002
50.5338671500017,0.09250000000000004,75.00000000000001,0.0007300000000000002
50.5505505000017,0.09250000000000004,75.00000000000001,0.0007300000000000002
50.5672338500017,0.09250000000000004,75.00000000000001,0.0007300000000000002
50.5839172000017,0.09250000000000004,75.00000000000001,0.0007300000000000002
50.6006005500017,0.09250000000000004,75.00000000000001,0.0007300000000000002
50.6172839000017,0.09250000000000004,75.00000000000001,0.0007300000000000002
50.6339672500017,0.09250000000000004,75.00000000000001,0.0007300000000000002
50.650650600001704,0.09250000000000004,75.00000000000001,0.0007300000000000002
50.667333950001705,0.09250000000000004,75.00000000000001,0.0007300000000000002
50.684017300001706,0.09250000000000004,75.00000000000001,0.0007300000000000002
50.70070065000171,0.09250000000000004,75.00000000000001,0.0007300000000000002
50.71738400000171,0.09250000000000004,75.00000000000001,0.0007300000000000002
50.73406735000171,0.09250000000000004,75.00000000000001,0.0007300000000000002
50.75075070000171,0.09250000000000004,75.00000000000001,0.0007300000000000002
50.76743405000171,0.09250000000000004,75.00000000000001,0.0007300000000000002
50.78411740000171,0.09250000000000004,75.00000000000001,0.0007300000000000002
50.80080075000171,0.09250000000000004,75.00000000000001,0.0007300000000000002
50.817484100001714,0.09250000000000004,75.00000000000001,0.0007300000000000002
50.834167450001715,0.09250000000000004,75.00000000000001,0.0007300000000000002
50.850850800001716,0.09250000000000004,75.00000000000001,0.0007300000000000002
50.86753415000172,0.09250000000000004,75.00000000000001,0.0007300000000000002
50.88421750000172,0.09250000000000004,75.00000000000001,0.0007300000000000002
50.90090085000172,0.09250000000000004,75.00000000000001,0.0007300000000000002
50.91758420000172,0.09250000000000004,75.00000000000001,0.0007300000000000002
50.93426755000172,0.09250000000000004,75.00000000000001,0.0007300000000000002
50.95095090000172,0.09250000000000004,75.00000000000001,0.0007300000000000002
50.96763425000172,0.09250000000000004,75.00000000000001,0.0007300000000000002
50.984317600001724,0.09250000000000004,75.00000000000001,0.0007300000000000002
51.001000950001725,0.09250000000000004,75.00000000000001,0.0007300000000000002
51.017684300001726,0.09250000000000004,75.00000000000001,0.0007300000000000002
51.03436765000173,0.09250000000000004,75.00000000000001,0.0007300000000000002
51.05105100000173,0.09250000000000004,75.00000000000001,0.0007300000000000002
51.06773435000173,0.09250000000000004,75.00000000000001,0.0007300000000000002
51.08441770000173,0.09250000000000004,75.00000000000001,0.0007300000000000002
51.10110105000173,0.09250000000000004,75.00000000000001,0.0007300000000000002
51.11778440000173,0.09250000000000004,75.00000000000001,0.0007300000000000002
51.13446775000173,0.09250000000000004,75.00000000000001,0.0007300000000000002
51.151151100001734,0.09250000000000004,75.00000000000001,0.0007300000000000002
51.167834450001735,0.09250000000000004,75.00000000000001,0.0007300000000000002
51.184517800001736,0.09250000000000004,75.00000000000001,0.0007300000000000002
51.20120115000174,0.09250000000000004,75.00000000000001,0.0007300000000000002
51.21788450000174,0.09250000000000004,75.00000000000001,0.0007300000000000002
51.23456785000174,0.09250000000000004,75.00000000000001,0.0007300000000000002
51.25125120000174,0.09250000000000004,75.00000000000001,0.0007300000000000002
51.26793455000174,0.09250000000000004,75.00000000000001,0.0007300000000000002
51.28461790000174,0.09250000000000004,75.00000000000001,0.0007300000000000002
51.30130125000174,0.09250000000000004,75.00000000000001,0.0007300000000000002
51.31798460000174,0.09250000000000004,75.00000000000001,0.0007300000000000002
51.334667950001744,0.09250000000000004,75.00000000000001,0.0007300000000000002
51.351351300001745,0.09250000000000004,75.00000000000001,0.0007300000000000002
51.368034650001746,0.09250000000000004,75.00000000000001,0.0007300000000000002
51.38471800000175,0.09250000000000004,75.00000000000001,0.0007300000000000002
51.40140135000175,0.09250000000000004,75.00000000000001,0.0007300000000000002
51.41808470000175,0.09250000000000004,75.00000000000001,0.0007300000000000002
51.43476805000175,0.09250000000000004,75.00000000000001,0.0007300000000000002
51.45145140000175,0.09250000000000004,75.00000000000001,0.0007300000000000002
51.46813475000175,0.09250000000000004,75.00000000000001,0.0007300000000000002
51.48481810000175,0.09250000000000004,75.00000000000001,0.0007300000000000002
51.501501450001754,0.09250000000000004,75.00000000000001,0.0007300000000000002
51.518184800001755,0.09250000000000004,75.00000000000001,0.0007300000000000002
51.534868150001756,0.09250000000000004,75.00000000000001,0.0007300000000000002
51.55155150000176,0.09250000000000004,75.00000000000001,0.0007300000000000002
51.56823485000176,0.09250000000000004,75.00000000000001,0.0007300000000000002
51.58491820000176,0.09250000000000004,75.00000000000001,0.0007300000000000002
51.60160155000176,0.09250000000000004,75.00000000000001,0.0007300000000000002
51.61828490000176,0.09250000000000004,75.00000000000001,0.0007300000000000002
51.63496825000176,0.09250000000000004,75.00000000000001,0.0007300000000000002
51.65165160000176,0.09250000000000004,75.00000000000001,0.0007300000000000002
51.668334950001764,0.09250000000000004,75.00000000000001,0.0007300000000000002
51.685018300001765,0.09250000000000004,75.00000000000001,0.0007300000000000002
51.701701650001766,0.09250000000000004,75.00000000000001,0.0007300000000000002
51.71838500000177,0.09250000000000004,75.00000000000001,0.0007300000000000002
51.73506835000177,0.09250000000000004,75.00000000000001,0.0007300000000000002
51.75175170000177,0.09250000000000004,75.00000000000001,0.0007300000000000002
51.76843505000177,0.09250000000000004,75.00000000000001,0.0007300000000000002
51.78511840000177,0.09250000000000004,75.00000000000001,0.0007300000000000002
51.80180175000177,0.09250000000000004,75.00000000000001,0.0007300000000000002
51.81848510000177,0.09250000000000004,75.00000000000001,0.0007300000000000002
51.835168450001774,0.09250000000000004,75.00000000000001,0.0007300000000000002
51.851851800001775,0.09250000000000004,75.00000000000001,0.0007300000000000002
51.868535150001776,0.09250000000000004,75.00000000000001,0.0007300000000000002
51.88521850000178,0.09250000000000004,75.00000000000001,0.0007300000000000002
51.90190185000178,0.09250000000000004,75.00000000000001,0.0007300000000000002
51.91858520000178,0.09250000000000004,75.00000000000001,0.0007300000000000002
51.93526855000178,0.09250000000000004,75.00000000000001,0.0007300000000000002
51.95195190000178,0.09250000000000004,75.00000000000001,0.0007300000000000002
51.96863525000178,0.09250000000000004,75.00000000000001,0.0007300000000000002
51.98531860000178,0.09250000000000004,75.00000000000001,0.0007300000000000002
52.002001950001784,0.09250000000000004,75.00000000000001,0.0007300000000000002
52.018685300001785,0.09250000000000004,75.00000000000001,0.0007300000000000002
52.035368650001786,0.09250000000000004,75.00000000000001,0.0007300000000000002
52.05205200000179,0.09250000000000004,75.00000000000001,0.0007300000000000002
52.06873535000179,0.09250000000000004,75.00000000000001,0.0007300000000000002
52.08541870000179,0.09250000000000004,75.00000000000001,0.0007300000000000002
52.10210205000179,0.09250000000000004,75.00000000000001,0.0007300000000000002
52.11878540000179,0.09250000000000004,75.00000000000001,0.0007300000000000002
52.13546875000179,0.09250000000000004,75.00000000000001,0.0007300000000000002
52.15215210000179,0.09250000000000004,75.00000000000001,0.0007300000000000002
52.168835450001794,0.09250000000000004,75.00000000000001,0.0007300000000000002
52.185518800001795,0.09250000000000004,75.00000000000001,0.0007300000000000002
52.202202150001796,0.09250000000000004,75.00000000000001,0.0007300000000000002
52.2188855000018,0.09250000000000004,75.00000000000001,0.0007300000000000002
52.2355688500018,0.09250000000000004,75.00000000000001,0.0007300000000000002
52.2522522000018,0.09250000000000004,75.00000000000001,0.0007300000000000002
52.2689355500018,0.09250000000000004,75.00000000000001,0.0007300000000000002
52.2856189000018,0.09250000000000004,75.00000000000001,0.0007300000000000002
52.3023022500018,0.09250000000000004,75.00000000000001,0.0007300000000000002
52.3189856000018,0.09250000000000004,75.00000000000001,0.0007300000000000002
52.3356689500018,0.09250000000000004,75.00000000000001,0.0007300000000000002
52.352352300001805,0.09250000000000004,75.00000000000001,0.0007300000000000002
52.369035650001805,0.09250000000000004,75.00000000000001,0.0007300000000000002
52.38571900000181,0.09250000000000004,75.00000000000001,0.0007300000000000002
52.40240235000181,0.09250000000000004,75.00000000000001,0.0007300000000000002
52.41908570000181,0.09250000000000004,75.00000000000001,0.0007300000000000002
52.43576905000181,0.09250000000000004,75.00000000000001,0.0007300000000000002
52.45245240000181,0.09250000000000004,75.00000000000001,0.0007300000000000002
52.46913575000181,0.09250000000000004,75.00000000000001,0.0007300000000000002
52.48581910000181,0.09250000000000004,75.00000000000001,0.0007300000000000002
52.50250245000181,0.09250000000000004,75.00000000000001,0.0007300000000000002
52.519185800001814,0.09250000000000004,75.00000000000001,0.0007300000000000002
52.535869150001815,0.09250000000000004,75.00000000000001,0.0007300000000000002
52.552552500001816,0.09250000000000004,75.00000000000001,0.0007300000000000002
52.56923585000182,0.09250000000000004,75.00000000000001,0.0007300000000000002
52.58591920000182,0.09250000000000004,75.00000000000001,0.0007300000000000002
52.60260255000182,0.09250000000000004,75.00000000000001,0.0007300000000000002
52.61928590000182,0.09250000000000004,75.00000000000001,0.0007300000000000002
52.63596925000182,0.09250000000000004,75.00000000000001,0.0007300000000000002
52.65265260000182,0.09250000000000004,75.00000000000001,0.0007300000000000002
52.66933595000182,0.09250000000000004,75.00000000000001,0.0007300000000000002
52.686019300001824,0.09250000000000004,75.00000000000001,0.0007300000000000002
52.702702650001825,0.09250000000000004,75.00000000000001,0.0007300000000000002
52.719386000001826,0.09250000000000004,75.00000000000001,0.0007300000000000002
52.73606935000183,0.09250000000000004,75.00000000000001,0.0007300000000000002
52.75275270000183,0.09250000000000004,75.00000000000001,0.0007300000000000002
52.76943605000183,0.09250000000000004,75.00000000000001,0.0007300000000000002
52.78611940000183,0.09250000000000004,75.00000000000001,0.0007300000000000002
52.80280275000183,0.09250000000000004,75.00000000000001,0.0007300000000000002
52.81948610000183,0.09250000000000004,75.00000000000001,0.0007300000000000002
52.83616945000183,0.09250000000000004,75.00000000000001,0.0007300000000000002
52.852852800001834,0.09250000000000004,75.00000000000001,0.0007300000000000002
52.869536150001835,0.09250000000000004,75.00000000000001,0.0007300000000000002
52.886219500001836,0.09250000000000004,75.00000000000001,0.0007300000000000002
52.90290285000184,0.09250000000000004,75.00000000000001,0.0007300000000000002
52.91958620000184,0.09250000000000004,75.00000000000001,0.0007300000000000002
52.93626955000184,0.09250000000000004,75.00000000000001,0.0007300000000000002
52.95295290000184,0.09250000000000004,75.00000000000001,0.0007300000000000002
52.96963625000184,0.09250000000000004,75.00000000000001,0.0007300000000000002
52.98631960000184,0.09250000000000004,75.00000000000001,0.0007300000000000002
53.00300295000184,0.09250000000000004,75.00000000000001,0.0007300000000000002
53.019686300001844,0.09250000000000004,75.00000000000001,0.0007300000000000002
53.036369650001845,0.09250000000000004,75.00000000000001,0.0007300000000000002
53.053053000001846,0.09250000000000004,75.00000000000001,0.0007300000000000002
53.06973635000185,0.09250000000000004,75.00000000000001,0.0007300000000000002
53.08641970000185,0.09250000000000004,75.00000000000001,0.0007300000000000002
53.10310305000185,0.09250000000000004,75.00000000000001,0.0007300000000000002
53.11978640000185,0.09250000000000004,75.00000000000001,0.0007300000000000002
53.13646975000185,0.09250000000000004,75.00000000000001,0.0007300000000000002
53.15315310000185,0.09250000000000004,75.00000000000001,0.0007300000000000002
53.16983645000185,0.09250000000000004,75.00000000000001,0.0007300000000000002
53.186519800001854,0.09250000000000004,75.00000000000001,0.0007300000000000002
53.203203150001855,0.09250000000000004,75.00000000000001,0.0007300000000000002
53.219886500001856,0.09250000000000004,75.00000000000001,0.0007300000000000002
53.23656985000186,0.09250000000000004,75.00000000000001,0.0007300000000000002
53.25325320000186,0.09250000000000004,75.00000000000001,0.0007300000000000002
53.26993655000186,0.09250000000000004,75.00000000000001,0.0007300000000000002
53.28661990000186,0.09250000000000004,75.00000000000001,0.0007300000000000002
53.30330325000186,0.09250000000000004,75.00000000000001,0.0007300000000000002
53.31998660000186,0.09250000000000004,75.00000000000001,0.0007300000000000002
53.33666995000186,0.09250000000000004,75.00000000000001,0.0007300000000000002
53.353353300001864,0.09250000000000004,75.00000000000001,0.0007300000000000002
53.370036650001865,0.09250000000000004,75.00000000000001,0.0007300000000000002
53.386720000001866,0.09250000000000004,75.00000000000001,0.0007300000000000002
53.40340335000187,0.09250000000000004,75.00000000000001,0.0007300000000000002
53.42008670000187,0.09250000000000004,75.00000000000001,0.0007300000000000002
53.43677005000187,0.09250000000000004,75.00000000000001,0.0007300000000000002
53.45345340000187,0.09250000000000004,75.00000000000001,0.0007300000000000002
53.47013675000187,0.09250000000000004,75.00000000000001,0.0007300000000000002
53.48682010000187,0.09250000000000004,75.00000000000001,0.0007300000000000002
53.50350345000187,0.09250000000000004,75.00000000000001,0.0007300000000000002
53.52018680000187,0.09250000000000004,75.00000000000001,0.0007300000000000002
53.536870150001874,0.09250000000000004,75.00000000000001,0.0007300000000000002
53.553553500001875,0.09250000000000004,75.00000000000001,0.0007300000000000002
53.570236850001876,0.09250000000000004,75.00000000000001,0.0007300000000000002
53.58692020000188,0.09250000000000004,75.00000000000001,0.0007300000000000002
53.60360355000188,0.09250000000000004,75.00000000000001,0.0007300000000000002
53.62028690000188,0.09250000000000004,75.00000000000001,0.0007300000000000002
53.63697025000188,0.09250000000000004,75.00000000000001,0.0007300000000000002
53.65365360000188,0.09250000000000004,75.00000000000001,0.0007300000000000002
53.67033695000188,0.09250000000000004,75.00000000000001,0.0007300000000000002
53.68702030000188,0.09250000000000004,75.00000000000001,0.0007300000000000002
53.703703650001884,0.09250000000000004,75.00000000000001,0.0007300000000000002
53.720387000001885,0.09250000000000004,75.00000000000001,0.0007300000000000002
53.737070350001886,0.09250000000000004,75.00000000000001,0.0007300000000000002
53.75375370000189,0.09250000000000004,75.00000000000001,0.0007300000000000002
53.77043705000189,0.09250000000000004,75.00000000000001,0.0007300000000000002
53.78712040000189,0.09250000000000004,75.00000000000001,0.0007300000000000002
53.80380375000189,0.09250000000000004,75.00000000000001,0.0007300000000000002
53.82048710000189,0.09250000000000004,75.00000000000001,0.0007300000000000002
53.83717045000189,0.09250000000000004,75.00000000000001,0.0007300000000000002
53.85385380000189,0.09250000000000004,75.00000000000001,0.0007300000000000002
53.870537150001894,0.09250000000000004,75.00000000000001,0.0007300000000000002
53.887220500001895,0.09250000000000004,75.00000000000001,0.0007300000000000002
53.903903850001896,0.09250000000000004,75.00000000000001,0.0007300000000000002
53.9205872000019,0.09250000000000004,75.00000000000001,0.0007300000000000002
53.9372705500019,0.09250000000000004,75.00000000000001,0.0007300000000000002
53.9539539000019,0.09250000000000004,75.00000000000001,0.0007300000000000002
53.9706372500019,0.09250000000000004,75.00000000000001,0.0007300000000000002
53.9873206000019,0.09250000000000004,75.00000000000001,0.0007300000000000002
54.0040039500019,0.09250000000000004,75.00000000000001,0.0007300000000000002
54.0206873000019,0.09250000000000004,75.00000000000001,0.0007300000000000002
54.037370650001904,0.09250000000000004,75.00000000000001,0.0007300000000000002
54.054054000001905,0.09250000000000004,75.00000000000001,0.0007300000000000002
54.070737350001906,0.09250000000000004,75.00000000000001,0.0007300000000000002
54.08742070000191,0.09250000000000004,75.00000000000001,0.0007300000000000002
54.10410405000191,0.09250000000000004,75.00000000000001,0.0007300000000000002
54.12078740000191,0.09250000000000004,75.00000000000001,0.0007300000000000002
54.13747075000191,0.09250000000000004,75.00000000000001,0.0007300000000000002
54.15415410000191,0.09250000000000004,75.00000000000001,0.0007300000000000002
54.17083745000191,0.09250000000000004,75.00000000000001,0.0007300000000000002
54.18752080000191,0.09250000000000004,75.00000000000001,0.0007300000000000002
54.204204150001914,0.09250000000000004,75.00000000000001,0.0007300000000000002
54.220887500001915,0.09250000000000004,75.00000000000001,0.0007300000000000002
54.237570850001916,0.09250000000000004,75.00000000000001,0.0007300000000000002
54.25425420000192,0.09250000000000004,75.00000000000001,0.0007300000000000002
54.27093755000192,0.09250000000000004,75.00000000000001,0.0007300000000000002
54.28762090000192,0.09250000000000004,75.00000000000001,0.0007300000000000002
54.30430425000192,0.09250000000000004,75.00000000000001,0.0007300000000000002
54.32098760000192,0.09250000000000004,75.00000000000001,0.0007300000000000002
54.33767095000192,0.09250000000000004,75.00000000000001,0.0007300000000000002
54.35435430000192,0.09250000000000004,75.00000000000001,0.0007300000000000002
54.371037650001924,0.09250000000000004,75.00000000000001,0.0007300000000000002
54.387721000001925,0.09250000000000004,75.00000000000001,0.0007300000000000002
54.404404350001926,0.09250000000000004,75.00000000000001,0.0007300000000000002
54.42108770000193,0.09250000000000004,75.00000000000001,0.0007300000000000002
54.43777105000193,0.09250000000000004,75.00000000000001,0.0007300000000000002
54.45445440000193,0.09250000000000004,75.00000000000001,0.0007300000000000002
54.47113775000193,0.09250000000000004,75.00000000000001,0.0007300000000000002
54.48782110000193,0.09250000000000004,75.00000000000001,0.0007300000000000002
54.50450445000193,0.09250000000000004,75.00000000000001,0.0007300000000000002
54.52118780000193,0.09250000000000004,75.00000000000001,0.0007300000000000002
54.53787115000193,0.09250000000000004,75.00000000000001,0.0007300000000000002
54.554554500001935,0.09250000000000004,75.00000000000001,0.0007300000000000002
54.571237850001935,0.09250000000000004,75.00000000000001,0.0007300000000000002
54.58792120000194,0.09250000000000004,75.00000000000001,0.0007300000000000002
54.60460455000194,0.09250000000000004,75.00000000000001,0.0007300000000000002
54.62128790000194,0.09250000000000004,75.00000000000001,0.0007300000000000002
54.63797125000194,0.09250000000000004,75.00000000000001,0.0007300000000000002
54.65465460000194,0.09250000000000004,75.00000000000001,0.0007300000000000002
54.67133795000194,0.09250000000000004,75.00000000000001,0.0007300000000000002
54.68802130000194,0.09250000000000004,75.00000000000001,0.0007300000000000002
54.70470465000194,0.09250000000000004,75.00000000000001,0.0007300000000000002
54.721388000001944,0.09250000000000004,75.00000000000001,0.0007300000000000002
54.738071350001945,0.09250000000000004,75.00000000000001,0.0007300000000000002
54.754754700001946,0.09250000000000004,75.00000000000001,0.0007300000000000002
54.77143805000195,0.09250000000000004,75.00000000000001,0.0007300000000000002
54.78812140000195,0.09250000000000004,75.00000000000001,0.0007300000000000002
54.80480475000195,0.09250000000000004,75.00000000000001,0.0007300000000000002
54.82148810000195,0.09250000000000004,75.00000000000001,0.0007300000000000002
54.83817145000195,0.09250000000000004,75.00000000000001,0.0007300000000000002
54.85485480000195,0.09250000000000004,75.00000000000001,0.0007300000000000002
54.87153815000195,0.09250000000000004,75.00000000000001,0.0007300000000000002
54.888221500001954,0.09250000000000004,75.00000000000001,0.0007300000000000002
54.904904850001955,0.09250000000000004,75.00000000000001,0.0007300000000000002
54.921588200001956,0.09250000000000004,75.00000000000001,0.0007300000000000002
54.93827155000196,0.09250000000000004,75.00000000000001,0.0007300000000000002
54.95495490000196,0.09250000000000004,75.00000000000001,0.0007300000000000002
54.97163825000196,0.09250000000000004,75.00000000000001,0.0007300000000000002
54.98832160000196,0.09250000000000004,75.00000000000001,0.0007300000000000002
55.00500495000196,0.09250000000000004,75.00000000000001,0.0007300000000000002
55.02168830000196,0.09250000000000004,75.00000000000001,0.0007300000000000002
55.03837165000196,0.09250000000000004,75.00000000000001,0.0007300000000000002
55.055055000001964,0.09250000000000004,75.00000000000001,0.0007300000000000002
55.071738350001965,0.09250000000000004,75.00000000000001,0.0007300000000000002
55.088421700001966,0.09250000000000004,75.00000000000001,0.0007300000000000002
55.10510505000197,0.09250000000000004,75.00000000000001,0.0007300000000000002
55.12178840000197,0.09250000000000004,75.00000000000001,0.0007300000000000002
55.13847175000197,0.09250000000000004,75.00000000000001,0.0007300000000000002
55.15515510000197,0.09250000000000004,75.00000000000001,0.0007300000000000002
55.17183845000197,0.09250000000000004,75.00000000000001,0.0007300000000000002
55.18852180000197,0.09250000000000004,75.00000000000001,0.0007300000000000002
55.20520515000197,0.09250000000000004,75.00000000000001,0.0007300000000000002
55.221888500001974,0.09250000000000004,75.00000000000001,0.0007300000000000002
55.238571850001975,0.09250000000000004,75.00000000000001,0.0007300000000000002
55.255255200001976,0.09250000000000004,75.00000000000001,0.0007300000000000002
55.27193855000198,0.09250000000000004,75.00000000000001,0.0007300000000000002
55.28862190000198,0.09250000000000004,75.00000000000001,0.0007300000000000002
55.30530525000198,0.09250000000000004,75.00000000000001,0.0007300000000000002
55.32198860000198,0.09250000000000004,75.00000000000001,0.0007300000000000002
55.33867195000198,0.09250000000000004,75.00000000000001,0.0007300000000000002
55.35535530000198,0.09250000000000004,75.00000000000001,0.0007300000000000002
55.37203865000198,0.09250000000000004,75.00000000000001,0.0007300000000000002
55.388722000001984,0.09250000000000004,75.00000000000001,0.0007300000000000002
55.405405350001985,0.09250000000000004,75.00000000000001,0.0007300000000000002
55.422088700001986,0.09250000000000004,75.00000000000001,0.0007300000000000002
55.43877205000199,0.09250000000000004,75.00000000000001,0.0007300000000000002
55.45545540000199,0.09250000000000004,75.00000000000001,0.0007300000000000002
55.47213875000199,0.09250000000000004,75.00000000000001,0.0007300000000000002
55.48882210000199,0.09250000000000004,75.00000000000001,0.0007300000000000002
55.50550545000199,0.09250000000000004,75.00000000000001,0.0007300000000000002
55.52218880000199,0.09250000000000004,75.00000000000001,0.0007300000000000002
55.53887215000199,0.09250000000000004,75.00000000000001,0.0007300000000000002
55.555555500001994,0.09250000000000004,75.00000000000001,0.0007300000000000002
55.572238850001995,0.09250000000000004,75.00000000000001,0.0007300000000000002
55.588922200001996,0.09250000000000004,75.00000000000001,0.0007300000000000002
55.605605550002,0.09250000000000004,75.00000000000001,0.0007300000000000002
55.622288900002,0.09250000000000004,75.00000000000001,0.0007300000000000002
55.638972250002,0.09250000000000004,75.00000000000001,0.0007300000000000002
55.655655600002,0.09250000000000004,75.00000000000001,0.0007300000000000002
55.672338950002,0.09250000000000004,75.00000000000001,0.0007300000000000002
55.689022300002,0.09250000000000004,75.00000000000001,0.0007300000000000002
55.705705650002,0.09250000000000004,75.00000000000001,0.0007300000000000002
55.722389000002,0.09250000000000004,75.00000000000001,0.0007300000000000002
55.739072350002004,0.09250000000000004,75.00000000000001,0.0007300000000000002
55.755755700002005,0.09250000000000004,75.00000000000001,0.0007300000000000002
55.772439050002006,0.09250000000000004,75.00000000000001,0.0007300000000000002
55.78912240000201,0.09250000000000004,75.00000000000001,0.0007300000000000002
55.80580575000201,0.09250000000000004,75.00000000000001,0.0007300000000000002
55.82248910000201,0.09250000000000004,75.00000000000001,0.0007300000000000002
55.83917245000201,0.09250000000000004,75.00000000000001,0.0007300000000000002
55.85585580000201,0.09250000000000004,75.00000000000001,0.0007300000000000002
55.87253915000201,0.09250000000000004,75.00000000000001,0.0007300000000000002
55.88922250000201,0.09250000000000004,75.00000000000001,0.0007300000000000002
55.905905850002014,0.09250000000000004,75.00000000000001,0.0007300000000000002
55.922589200002015,0.09250000000000004,75.00000000000001,0.0007300000000000002
55.939272550002016,0.09250000000000004,75.00000000000001,0.0007300000000000002
55.95595590000202,0.09250000000000004,75.00000000000001,0.0007300000000000002
55.97263925000202,0.09250000000000004,75.00000000000001,0.0007300000000000002
55.98932260000202,0.09250000000000004,75.00000000000001,0.0007300000000000002
56.00600595000202,0.09250000000000004,75.00000000000001,0.0007300000000000002
56.02268930000202,0.09250000000000004,75.00000000000001,0.0007300000000000002
56.03937265000202,0.09250000000000004,75.00000000000001,0.0007300000000000002
56.05605600000202,0.09250000000000004,75.00000000000001,0.0007300000000000002
56.072739350002024,0.09250000000000004,75.00000000000001,0.0007300000000000002
56.089422700002025,0.09250000000000004,75.00000000000001,0.0007300000000000002
56.106106050002026,0.09250000000000004,75.00000000000001,0.0007300000000000002
56.12278940000203,0.09250000000000004,75.00000000000001,0.0007300000000000002
56.13947275000203,0.09250000000000004,75.00000000000001,0.0007300000000000002
56.15615610000203,0.09250000000000004,75.00000000000001,0.0007300000000000002
56.17283945000203,0.09250000000000004,75.00000000000001,0.0007300000000000002
56.18952280000203,0.09250000000000004,75.00000000000001,0.0007300000000000002
56.20620615000203,0.09250000000000004,75.00000000000001,0.0007300000000000002
56.22288950000203,0.09250000000000004,75.00000000000001,0.0007300000000000002
56.239572850002034,0.09250000000000004,75.00000000000001,0.0007300000000000002
56.256256200002035,0.09250000000000004,75.00000000000001,0.0007300000000000002
56.272939550002036,0.09250000000000004,75.00000000000001,0.0007300000000000002
56.28962290000204,0.09250000000000004,75.00000000000001,0.0007300000000000002
56.30630625000204,0.09250000000000004,75.00000000000001,0.0007300000000000002
56.32298960000204,0.09250000000000004,75.00000000000001,0.0007300000000000002
56.33967295000204,0.09250000000000004,75.00000000000001,0.0007300000000000002
56.35635630000204,0.09250000000000004,75.00000000000001,0.0007300000000000002
56.37303965000204,0.09250000000000004,75.00000000000001,0.0007300000000000002
56.38972300000204,0.09250000000000004,75.00000000000001,0.0007300000000000002
56.406406350002044,0.09250000000000004,75.00000000000001,0.0007300000000000002
56.423089700002045,0.09250000000000004,75.00000000000001,0.0007300000000000002
56.439773050002046,0.09250000000000004,75.00000000000001,0.0007300000000000002
56.45645640000205,0.09250000000000004,75.00000000000001,0.0007300000000000002
56.47313975000205,0.09250000000000004,75.00000000000001,0.0007300000000000002
56.48982310000205,0.09250000000000004,75.00000000000001,0.0007300000000000002
56.50650645000205,0.09250000000000004,75.00000000000001,0.0007300000000000002
56.52318980000205,0.09250000000000004,75.00000000000001,0.0007300000000000002
56.53987315000205,0.09250000000000004,75.00000000000001,0.0007300000000000002
56.55655650000205,0.09250000000000004,75.00000000000001,0.0007300000000000002
56.573239850002054,0.09250000000000004,75.00000000000001,0.0007300000000000002
56.589923200002055,0.09250000000000004,75.00000000000001,0.0007300000000000002
56.606606550002056,0.09250000000000004,75.00000000000001,0.0007300000000000002
56.62328990000206,0.09250000000000004,75.00000000000001,0.0007300000000000002
56.63997325000206,0.09250000000000004,75.00000000000001,0.0007300000000000002
56.65665660000206,0.09250000000000004,75.00000000000001,0.0007300000000000002
56.67333995000206,0.09250000000000004,75.00000000000001,0.0007300000000000002
56.69002330000206,0.09250000000000004,75.00000000000001,0.0007300000000000002
56.70670665000206,0.09250000000000004,75.00000000000001,0.0007300000000000002
56.72339000000206,0.09250000000000004,75.00000000000001,0.0007300000000000002
56.74007335000206,0.09250000000000004,75.00000000000001,0.0007300000000000002
56.756756700002065,0.09250000000000004,75.00000000000001,0.0007300000000000002
56.773440050002066,0.09250000000000004,75.00000000000001,0.0007300000000000002
56.79012340000207,0.09250000000000004,75.00000000000001,0.0007300000000000002
56.80680675000207,0.09250000000000004,75.00000000000001,0.0007300000000000002
56.82349010000207,0.09250000000000004,75.00000000000001,0.0007300000000000002
56.84017345000207,0.09250000000000004,75.00000000000001,0.0007300000000000002
56.85685680000207,0.09250000000000004,75.00000000000001,0.0007300000000000002
56.87354015000207,0.09250000000000004,75.00000000000001,0.0007300000000000002
56.89022350000207,0.09250000000000004,75.00000000000001,0.0007300000000000002
56.90690685000207,0.09250000000000004,75.00000000000001,0.0007300000000000002
56.923590200002074,0.09250000000000004,75.00000000000001,0.0007300000000000002
56.940273550002075,0.09250000000000004,75.00000000000001,0.0007300000000000002
56.956956900002076,0.09250000000000004,75.00000000000001,0.0007300000000000002
56.97364025000208,0.09250000000000004,75.00000000000001,0.0007300000000000002
56.99032360000208,0.09250000000000004,75.00000000000001,0.0007300000000000002
57.00700695000208,0.09250000000000004,75.00000000000001,0.0007300000000000002
57.02369030000208,0.09250000000000004,75.00000000000001,0.0007300000000000002
57.04037365000208,0.09250000000000004,75.00000000000001,0.0007300000000000002
57.05705700000208,0.09250000000000004,75.00000000000001,0.0007300000000000002
57.07374035000208,0.09250000000000004,75.00000000000001,0.0007300000000000002
57.090423700002084,0.09250000000000004,75.00000000000001,0.0007300000000000002
57.107107050002085,0.09250000000000004,75.00000000000001,0.0007300000000000002
57.123790400002086,0.09250000000000004,75.00000000000001,0.0007300000000000002
57.14047375000209,0.09250000000000004,75.00000000000001,0.0007300000000000002
57.15715710000209,0.09250000000000004,75.00000000000001,0.0007300000000000002
57.17384045000209,0.09250000000000004,75.00000000000001,0.0007300000000000002
57.19052380000209,0.09250000000000004,75.00000000000001,0.0007300000000000002
57.20720715000209,0.09250000000000004,75.00000000000001,0.0007300000000000002
57.22389050000209,0.09250000000000004,75.00000000000001,0.0007300000000000002
57.24057385000209,0.09250000000000004,75.00000000000001,0.0007300000000000002
57.257257200002094,0.09250000000000004,75.00000000000001,0.0007300000000000002
57.273940550002095,0.09250000000000004,75.00000000000001,0.0007300000000000002
57.290623900002096,0.09250000000000004,75.00000000000001,0.0007300000000000002
57.3073072500021,0.09250000000000004,75.00000000000001,0.0007300000000000002
57.3239906000021,0.09250000000000004,75.00000000000001,0.0007300000000000002
57.3406739500021,0.09250000000000004,75.00000000000001,0.0007300000000000002
57.3573573000021,0.09250000000000004,75.00000000000001,0.0007300000000000002
57.3740406500021,0.09250000000000004,75.00000000000001,0.0007300000000000002
57.3907240000021,0.09250000000000004,75.00000000000001,0.0007300000000000002
57.4074073500021,0.09250000000000004,75.00000000000001,0.0007300000000000002
57.424090700002104,0.09250000000000004,75.00000000000001,0.0007300000000000002
57.440774050002105,0.09250000000000004,75.00000000000001,0.0007300000000000002
57.457457400002106,0.09250000000000004,75.00000000000001,0.0007300000000000002
57.47414075000211,0.09250000000000004,75.00000000000001,0.0007300000000000002
57.49082410000211,0.09250000000000004,75.00000000000001,0.0007300000000000002
57.50750745000211,0.09250000000000004,75.00000000000001,0.0007300000000000002
57.52419080000211,0.09250000000000004,75.00000000000001,0.0007300000000000002
57.54087415000211,0.09250000000000004,75.00000000000001,0.0007300000000000002
57.55755750000211,0.09250000000000004,75.00000000000001,0.0007300000000000002
57.57424085000211,0.09250000000000004,75.00000000000001,0.0007300000000000002
57.590924200002114,0.09250000000000004,75.00000000000001,0.0007300000000000002
57.607607550002115,0.09250000000000004,75.00000000000001,0.0007300000000000002
57.624290900002116,0.09250000000000004,75.00000000000001,0.0007300000000000002
57.64097425000212,0.09250000000000004,75.00000000000001,0.0007300000000000002
57.65765760000212,0.09250000000000004,75.00000000000001,0.0007300000000000002
57.67434095000212,0.09250000000000004,75.00000000000001,0.0007300000000000002
57.69102430000212,0.09250000000000004,75.00000000000001,0.0007300000000000002
57.70770765000212,0.09250000000000004,75.00000000000001,0.0007300000000000002
57.72439100000212,0.09250000000000004,75.00000000000001,0.0007300000000000002
57.74107435000212,0.09250000000000004,75.00000000000001,0.0007300000000000002
57.757757700002124,0.09250000000000004,75.00000000000001,0.0007300000000000002
57.774441050002125,0.09250000000000004,75.00000000000001,0.0007300000000000002
57.791124400002126,0.09250000000000004,75.00000000000001,0.0007300000000000002
57.80780775000213,0.09250000000000004,75.00000000000001,0.0007300000000000002
57.82449110000213,0.09250000000000004,75.00000000000001,0.0007300000000000002
57.84117445000213,0.09250000000000004,75.00000000000001,0.0007300000000000002
57.85785780000213,0.09250000000000004,75.00000000000001,0.0007300000000000002
57.87454115000213,0.09250000000000004,75.00000000000001,0.0007300000000000002
57.89122450000213,0.09250000000000004,75.00000000000001,0.0007300000000000002
57.90790785000213,0.09250000000000004,75.00000000000001,0.0007300000000000002
57.92459120000213,0.09250000000000004,75.00000000000001,0.0007300000000000002
57.941274550002134,0.09250000000000004,75.00000000000001,0.0007300000000000002
57.957957900002135,0.09250000000000004,75.00000000000001,0.0007300000000000002
57.974641250002136,0.09250000000000004,75.00000000000001,0.0007300000000000002
57.99132460000214,0.09250000000000004,75.00000000000001,0.0007300000000000002
58.00800795000214,0.09250000000000004,75.00000000000001,0.0007300000000000002
58.02469130000214,0.09250000000000004,75.00000000000001,0.0007300000000000002
58.04137465000214,0.09250000000000004,75.00000000000001,0.0007300000000000002
58.05805800000214,0.09250000000000004,75.00000000000001,0.0007300000000000002
58.07474135000214,0.09250000000000004,75.00000000000001,0.0007300000000000002
58.09142470000214,0.09250000000000004,75.00000000000001,0.0007300000000000002
58.108108050002144,0.09250000000000004,75.00000000000001,0.0007300000000000002
58.124791400002145,0.09250000000000004,75.00000000000001,0.0007300000000000002
58.141474750002146,0.09250000000000004,75.00000000000001,0.0007300000000000002
58.15815810000215,0.09250000000000004,75.00000000000001,0.0007300000000000002
58.17484145000215,0.09250000000000004,75.00000000000001,0.0007300000000000002
58.19152480000215,0.09250000000000004,75.00000000000001,0.0007300000000000002
58.20820815000215,0.09250000000000004,75.00000000000001,0.0007300000000000002
58.22489150000215,0.09250000000000004,75.00000000000001,0.0007300000000000002
58.24157485000215,0.09250000000000004,75.00000000000001,0.0007300000000000002
58.25825820000215,0.09250000000000004,75.00000000000001,0.0007300000000000002
58.274941550002154,0.09250000000000004,75.00000000000001,0.0007300000000000002
58.291624900002155,0.09250000000000004,75.00000000000001,0.0007300000000000002
58.308308250002156,0.09250000000000004,75.00000000000001,0.0007300000000000002
58.32499160000216,0.09250000000000004,75.00000000000001,0.0007300000000000002
58.34167495000216,0.09250000000000004,75.00000000000001,0.0007300000000000002
58.35835830000216,0.09250000000000004,75.00000000000001,0.0007300000000000002
58.37504165000216,0.09250000000000004,75.00000000000001,0.0007300000000000002
58.39172500000216,0.09250000000000004,75.00000000000001,0.0007300000000000002
58.40840835000216,0.09250000000000004,75.00000000000001,0.0007300000000000002
58.42509170000216,0.09250000000000004,75.00000000000001,0.0007300000000000002
58.441775050002164,0.09250000000000004,75.00000000000001,0.0007300000000000002
58.458458400002165,0.09250000000000004,75.00000000000001,0.0007300000000000002
58.475141750002166,0.09250000000000004,75.00000000000001,0.0007300000000000002
58.49182510000217,0.09250000000000004,75.00000000000001,0.0007300000000000002
58.50850845000217,0.09250000000000004,75.00000000000001,0.0007300000000000002
58.52519180000217,0.09250000000000004,75.00000000000001,0.0007300000000000002
58.54187515000217,0.09250000000000004,75.00000000000001,0.0007300000000000002
58.55855850000217,0.09250000000000004,75.00000000000001,0.0007300000000000002
58.57524185000217,0.09250000000000004,75.00000000000001,0.0007300000000000002
58.59192520000217,0.09250000000000004,75.00000000000001,0.0007300000000000002
58.608608550002174,0.09250000000000004,75.00000000000001,0.0007300000000000002
58.625291900002175,0.09250000000000004,75.00000000000001,0.0007300000000000002
58.641975250002176,0.09250000000000004,75.00000000000001,0.0007300000000000002
58.65865860000218,0.09250000000000004,75.00000000000001,0.0007300000000000002
58.67534195000218,0.09250000000000004,75.00000000000001,0.0007300000000000002
58.69202530000218,0.09250000000000004,75.00000000000001,0.0007300000000000002
58.70870865000218,0.09250000000000004,75.00000000000001,0.0007300000000000002
58.72539200000218,0.09250000000000004,75.00000000000001,0.0007300000000000002
58.74207535000218,0.09250000000000004,75.00000000000001,0.0007300000000000002
58.75875870000218,0.09250000000000004,75.00000000000001,0.0007300000000000002
58.775442050002184,0.09250000000000004,75.00000000000001,0.0007300000000000002
58.792125400002185,0.09250000000000004,75.00000000000001,0.0007300000000000002
58.808808750002186,0.09250000000000004,75.00000000000001,0.0007300000000000002
58.82549210000219,0.09250000000000004,75.00000000000001,0.0007300000000000002
58.84217545000219,0.09250000000000004,75.00000000000001,0.0007300000000000002
58.85885880000219,0.09250000000000004,75.00000000000001,0.0007300000000000002
58.87554215000219,0.09250000000000004,75.00000000000001,0.0007300000000000002
58.89222550000219,0.09250000000000004,75.00000000000001,0.0007300000000000002
58.90890885000219,0.09250000000000004,75.00000000000001,0.0007300000000000002
58.92559220000219,0.09250000000000004,75.00000000000001,0.0007300000000000002
58.94227555000219,0.09250000000000004,75.00000000000001,0.0007300000000000002
58.958958900002195,0.09250000000000004,75.00000000000001,0.0007300000000000002
58.975642250002196,0.09250000000000004,75.00000000000001,0.0007300000000000002
58.9923256000022,0.09250000000000004,75.00000000000001,0.0007300000000000002
59.0090089500022,0.09250000000000004,75.00000000000001,0.0007300000000000002
59.0256923000022,0.09250000000000004,75.00000000000001,0.0007300000000000002
59.0423756500022,0.09250000000000004,75.00000000000001,0.0007300000000000002
59.0590590000022,0.09250000000000004,75.00000000000001,0.0007300000000000002
59.0757423500022,0.09250000000000004,75.00000000000001,0.0007300000000000002
59.0924257000022,0.09250000000000004,75.00000000000001,0.0007300000000000002
59.1091090500022,0.09250000000000004,75.00000000000001,0.0007300000000000002
59.125792400002204,0.09250000000000004,75.00000000000001,0.0007300000000000002
59.142475750002205,0.09250000000000004,75.00000000000001,0.0007300000000000002
59.159159100002206,0.09250000000000004,75.00000000000001,0.0007300000000000002
59.17584245000221,0.09250000000000004,75.00000000000001,0.0007300000000000002
59.19252580000221,0.09250000000000004,75.00000000000001,0.0007300000000000002
59.20920915000221,0.09250000000000004,75.00000000000001,0.0007300000000000002
59.22589250000221,0.09250000000000004,75.00000000000001,0.0007300000000000002
59.24257585000221,0.09250000000000004,75.00000000000001,0.0007300000000000002
59.25925920000221,0.09250000000000004,75.00000000000001,0.0007300000000000002
59.27594255000221,0.09250000000000004,75.00000000000001,0.0007300000000000002
59.292625900002214,0.09250000000000004,75.00000000000001,0.0007300000000000002
59.309309250002215,0.09250000000000004,75.00000000000001,0.0007300000000000002
59.325992600002216,0.09250000000000004,75.00000000000001,0.0007300000000000002
59.34267595000222,0.09250000000000004,75.00000000000001,0.0007300000000000002
59.35935930000222,0.09250000000000004,75.00000000000001,0.0007300000000000002
59.37604265000222,0.09250000000000004,75.00000000000001,0.0007300000000000002
59.39272600000222,0.09250000000000004,75.00000000000001,0.0007300000000000002
59.40940935000222,0.09250000000000004,75.00000000000001,0.0007300000000000002
59.42609270000222,0.09250000000000004,75.00000000000001,0.0007300000000000002
59.44277605000222,0.09250000000000004,75.00000000000001,0.0007300000000000002
59.459459400002224,0.09250000000000004,75.00000000000001,0.0007300000000000002
59.476142750002225,0.09250000000000004,75.00000000000001,0.0007300000000000002
59.492826100002226,0.09250000000000004,75.00000000000001,0.0007300000000000002
59.50950945000223,0.09250000000000004,75.00000000000001,0.0007300000000000002
59.52619280000223,0.09250000000000004,75.00000000000001,0.0007300000000000002
59.54287615000223,0.09250000000000004,75.00000000000001,0.0007300000000000002
59.55955950000223,0.09250000000000004,75.00000000000001,0.0007300000000000002
59.57624285000223,0.09250000000000004,75.00000000000001,0.0007300000000000002
59.59292620000223,0.09250000000000004,75.00000000000001,0.0007300000000000002
59.60960955000223,0.09250000000000004,75.00000000000001,0.0007300000000000002
59.626292900002234,0.09250000000000004,75.00000000000001,0.0007300000000000002
59.642976250002235,0.09250000000000004,75.00000000000001,0.0007300000000000002
59.659659600002236,0.09250000000000004,75.00000000000001,0.0007300000000000002
59.67634295000224,0.09250000000000004,75.00000000000001,0.0007300000000000002
59.69302630000224,0.09250000000000004,75.00000000000001,0.0007300000000000002
59.70970965000224,0.09250000000000004,75.00000000000001,0.0007300000000000002
59.72639300000224,0.09250000000000004,75.00000000000001,0.0007300000000000002
59.74307635000224,0.09250000000000004,75.00000000000001,0.0007300000000000002
59.75975970000224,0.09250000000000004,75.00000000000001,0.0007300000000000002
59.77644305000224,0.09250000000000004,75.00000000000001,0.0007300000000000002
59.793126400002244,0.09250000000000004,75.00000000000001,0.0007300000000000002
59.809809750002245,0.09250000000000004,75.00000000000001,0.0007300000000000002
59.826493100002246,0.09250000000000004,75.00000000000001,0.0007300000000000002
59.84317645000225,0.09250000000000004,75.00000000000001,0.0007300000000000002
59.85985980000225,0.09250000000000004,75.00000000000001,0.0007300000000000002
59.87654315000225,0.09250000000000004,75.00000000000001,0.0007300000000000002
59.89322650000225,0.09250000000000004,75.00000000000001,0.0007300000000000002
59.90990985000225,0.09250000000000004,75.00000000000001,0.0007300000000000002
59.92659320000225,0.09250000000000004,75.00000000000001,0.0007300000000000002
59.94327655000225,0.09250000000000004,75.00000000000001,0.0007300000000000002
59.959959900002254,0.09250000000000004,75.00000000000001,0.0007300000000000002
59.976643250002255,0.09250000000000004,75.00000000000001,0.0007300000000000002
59.993326600002256,0.09250000000000004,75.00000000000001,0.0007300000000000002
60.01000995000226,0.09250000000000004,75.00000000000001,0.0007300000000000002
60.02669330000226,0.09250000000000004,75.00000000000001,0.0007300000000000002
60.04337665000226,0.09250000000000004,75.00000000000001,0.0007300000000000002
60.06006000000226,0.09250000000000004,75.00000000000001,0.0007300000000000002
60.07674335000226,0.09250000000000004,75.00000000000001,0.0007300000000000002
60.09342670000226,0.09250000000000004,75.00000000000001,0.0007300000000000002
60.11011005000226,0.09250000000000004,75.00000000000001,0.0007300000000000002
60.12679340000226,0.09250000000000004,75.00000000000001,0.0007300000000000002
60.143476750002264,0.09250000000000004,75.00000000000001,0.0007300000000000002
60.160160100002265,0.09250000000000004,75.00000000000001,0.0007300000000000002
60.176843450002266,0.09250000000000004,75.00000000000001,0.0007300000000000002
60.19352680000227,0.09250000000000004,75.00000000000001,0.0007300000000000002
60.21021015000227,0.09250000000000004,75.00000000000001,0.0007300000000000002
60.22689350000227,0.09250000000000004,75.00000000000001,0.0007300000000000002
60.24357685000227,0.09250000000000004,75.00000000000001,0.0007300000000000002
60.26026020000227,0.09250000000000004,75.00000000000001,0.0007300000000000002
60.27694355000227,0.09250000000000004,75.00000000000001,0.0007300000000000002
60.29362690000227,0.09250000000000004,75.00000000000001,0.0007300000000000002
60.310310250002274,0.09250000000000004,75.00000000000001,0.0007300000000000002
60.326993600002275,0.09250000000000004,75.00000000000001,0.0007300000000000002
60.343676950002276,0.09250000000000004,75.00000000000001,0.0007300000000000002
60.36036030000228,0.09250000000000004,75.00000000000001,0.0007300000000000002
60.37704365000228,0.09250000000000004,75.00000000000001,0.0007300000000000002
60.39372700000228,0.09250000000000004,75.00000000000001,0.0007300000000000002
60.41041035000228,0.09250000000000004,75.00000000000001,0.0007300000000000002
60.42709370000228,0.09250000000000004,75.00000000000001,0.0007300000000000002
60.44377705000228,0.09250000000000004,75.00000000000001,0.0007300000000000002
60.46046040000228,0.09250000000000004,75.00000000000001,0.0007300000000000002
60.477143750002284,0.09250000000000004,75.00000000000001,0.0007300000000000002
60.493827100002285,0.09250000000000004,75.00000000000001,0.0007300000000000002
60.510510450002286,0.09250000000000004,75.00000000000001,0.0007300000000000002
60.52719380000229,0.09250000000000004,75.00000000000001,0.0007300000000000002
60.54387715000229,0.09250000000000004,75.00000000000001,0.0007300000000000002
60.56056050000229,0.09250000000000004,75.00000000000001,0.0007300000000000002
60.57724385000229,0.09250000000000004,75.00000000000001,0.0007300000000000002
60.59392720000229,0.09250000000000004,75.00000000000001,0.0007300000000000002
60.61061055000229,0.09250000000000004,75.00000000000001,0.0007300000000000002
60.62729390000229,0.09250000000000004,75.00000000000001,0.0007300000000000002
60.643977250002294,0.09250000000000004,75.00000000000001,0.0007300000000000002
60.660660600002295,0.09250000000000004,75.00000000000001,0.0007300000000000002
60.677343950002296,0.09250000000000004,75.00000000000001,0.0007300000000000002
60.6940273000023,0.09250000000000004,75.00000000000001,0.0007300000000000002
60.7107106500023,0.09250000000000004,75.00000000000001,0.0007300000000000002
60.7273940000023,0.09250000000000004,75.00000000000001,0.0007300000000000002
60.7440773500023,0.09250000000000004,75.00000000000001,0.0007300000000000002
60.7607607000023,0.09250000000000004,75.00000000000001,0.0007300000000000002
60.7774440500023,0.09250000000000004,75.00000000000001,0.0007300000000000002
60.7941274000023,0.09250000000000004,75.00000000000001,0.0007300000000000002
60.810810750002304,0.09250000000000004,75.00000000000001,0.0007300000000000002
60.827494100002305,0.09250000000000004,75.00000000000001,0.0007300000000000002
60.844177450002306,0.09250000000000004,75.00000000000001,0.0007300000000000002
60.86086080000231,0.09250000000000004,75.00000000000001,0.0007300000000000002
60.87754415000231,0.09250000000000004,75.00000000000001,0.0007300000000000002
60.89422750000231,0.09250000000000004,75.00000000000001,0.0007300000000000002
60.91091085000231,0.09250000000000004,75.00000000000001,0.0007300000000000002
60.92759420000231,0.09250000000000004,75.00000000000001,0.0007300000000000002
60.94427755000231,0.09250000000000004,75.00000000000001,0.0007300000000000002
60.96096090000231,0.09250000000000004,75.00000000000001,0.0007300000000000002
60.977644250002314,0.09250000000000004,75.00000000000001,0.0007300000000000002
60.994327600002315,0.09250000000000004,75.00000000000001,0.0007300000000000002
61.011010950002316,0.09250000000000004,75.00000000000001,0.0007300000000000002
61.02769430000232,0.09250000000000004,75.00000000000001,0.0007300000000000002
61.04437765000232,0.09250000000000004,75.00000000000001,0.0007300000000000002
61.06106100000232,0.09250000000000004,75.00000000000001,0.0007300000000000002
61.07774435000232,0.09250000000000004,75.00000000000001,0.0007300000000000002
61.09442770000232,0.09250000000000004,75.00000000000001,0.0007300000000000002
61.11111105000232,0.09250000000000004,75.00000000000001,0.0007300000000000002
61.12779440000232,0.09250000000000004,75.00000000000001,0.0007300000000000002
61.14447775000232,0.09250000000000004,75.00000000000001,0.0007300000000000002
61.161161100002325,0.09250000000000004,75.00000000000001,0.0007300000000000002
61.177844450002326,0.09250000000000004,75.00000000000001,0.0007300000000000002
61.19452780000233,0.09250000000000004,75.00000000000001,0.0007300000000000002
61.21121115000233,0.09250000000000004,75.00000000000001,0.0007300000000000002
61.22789450000233,0.09250000000000004,75.00000000000001,0.0007300000000000002
61.24457785000233,0.09250000000000004,75.00000000000001,0.0007300000000000002
61.26126120000233,0.09250000000000004,75.00000000000001,0.0007300000000000002
61.27794455000233,0.09250000000000004,75.00000000000001,0.0007300000000000002
61.29462790000233,0.09250000000000004,75.00000000000001,0.0007300000000000002
61.31131125000233,0.09250000000000004,75.00000000000001,0.0007300000000000002
61.327994600002334,0.09250000000000004,75.00000000000001,0.0007300000000000002
61.344677950002335,0.09250000000000004,75.00000000000001,0.0007300000000000002
61.361361300002336,0.09250000000000004,75.00000000000001,0.0007300000000000002
61.37804465000234,0.09250000000000004,75.00000000000001,0.0007300000000000002
61.39472800000234,0.09250000000000004,75.00000000000001,0.0007300000000000002
61.41141135000234,0.09250000000000004,75.00000000000001,0.0007300000000000002
61.42809470000234,0.09250000000000004,75.00000000000001,0.0007300000000000002
61.44477805000234,0.09250000000000004,75.00000000000001,0.0007300000000000002
61.46146140000234,0.09250000000000004,75.00000000000001,0.0007300000000000002
61.47814475000234,0.09250000000000004,75.00000000000001,0.0007300000000000002
61.494828100002344,0.09250000000000004,75.00000000000001,0.0007300000000000002
61.511511450002345,0.09250000000000004,75.00000000000001,0.0007300000000000002
61.528194800002346,0.09250000000000004,75.00000000000001,0.0007300000000000002
61.54487815000235,0.09250000000000004,75.00000000000001,0.0007300000000000002
61.56156150000235,0.09250000000000004,75.00000000000001,0.0007300000000000002
61.57824485000235,0.09250000000000004,75.00000000000001,0.0007300000000000002
61.59492820000235,0.09250000000000004,75.00000000000001,0.0007300000000000002
61.61161155000235,0.09250000000000004,75.00000000000001,0.0007300000000000002
61.62829490000235,0.09250000000000004,75.00000000000001,0.0007300000000000002
61.64497825000235,0.09250000000000004,75.00000000000001,0.0007300000000000002
61.661661600002354,0.09250000000000004,75.00000000000001,0.0007300000000000002
61.678344950002355,0.09250000000000004,75.00000000000001,0.0007300000000000002
61.695028300002356,0.09250000000000004,75.00000000000001,0.0007300000000000002
61.71171165000236,0.09250000000000004,75.00000000000001,0.0007300000000000002
61.72839500000236,0.09250000000000004,75.00000000000001,0.0007300000000000002
61.74507835000236,0.09250000000000004,75.00000000000001,0.0007300000000000002
61.76176170000236,0.09250000000000004,75.00000000000001,0.0007300000000000002
61.77844505000236,0.09250000000000004,75.00000000000001,0.0007300000000000002
61.79512840000236,0.09250000000000004,75.00000000000001,0.0007300000000000002
61.81181175000236,0.09250000000000004,75.00000000000001,0.0007300000000000002
61.828495100002364,0.09250000000000004,75.00000000000001,0.0007300000000000002
61.845178450002365,0.09250000000000004,75.00000000000001,0.0007300000000000002
61.861861800002366,0.09250000000000004,75.00000000000001,0.0007300000000000002
61.87854515000237,0.09250000000000004,75.00000000000001,0.0007300000000000002
61.89522850000237,0.09250000000000004,75.00000000000001,0.0007300000000000002
61.91191185000237,0.09250000000000004,75.00000000000001,0.0007300000000000002
61.92859520000237,0.09250000000000004,75.00000000000001,0.0007300000000000002
61.94527855000237,0.09250000000000004,75.00000000000001,0.0007300000000000002
61.96196190000237,0.09250000000000004,75.00000000000001,0.0007300000000000002
61.97864525000237,0.09250000000000004,75.00000000000001,0.0007300000000000002
61.995328600002374,0.09250000000000004,75.00000000000001,0.0007300000000000002
62.012011950002375,0.09250000000000004,75.00000000000001,0.0007300000000000002
62.028695300002376,0.09250000000000004,75.00000000000001,0.0007300000000000002
62.04537865000238,0.09250000000000004,75.00000000000001,0.0007300000000000002
62.06206200000238,0.09250000000000004,75.00000000000001,0.0007300000000000002
62.07874535000238,0.09250000000000004,75.00000000000001,0.0007300000000000002
62.09542870000238,0.09250000000000004,75.00000000000001,0.0007300000000000002
62.11211205000238,0.09250000000000004,75.00000000000001,0.0007300000000000002
62.12879540000238,0.09250000000000004,75.00000000000001,0.0007300000000000002
62.14547875000238,0.09250000000000004,75.00000000000001,0.0007300000000000002
62.162162100002384,0.09250000000000004,75.00000000000001,0.0007300000000000002
62.178845450002385,0.09250000000000004,75.00000000000001,0.0007300000000000002
62.195528800002386,0.09250000000000004,75.00000000000001,0.0007300000000000002
62.21221215000239,0.09250000000000004,75.00000000000001,0.0007300000000000002
62.22889550000239,0.09250000000000004,75.00000000000001,0.0007300000000000002
62.24557885000239,0.09250000000000004,75.00000000000001,0.0007300000000000002
62.26226220000239,0.09250000000000004,75.00000000000001,0.0007300000000000002
62.27894555000239,0.09250000000000004,75.00000000000001,0.0007300000000000002
62.29562890000239,0.09250000000000004,75.00000000000001,0.0007300000000000002
62.31231225000239,0.09250000000000004,75.00000000000001,0.0007300000000000002
62.32899560000239,0.09250000000000004,75.00000000000001,0.0007300000000000002
62.345678950002394,0.09250000000000004,75.00000000000001,0.0007300000000000002
62.362362300002395,0.09250000000000004,75.00000000000001,0.0007300000000000002
62.379045650002396,0.09250000000000004,75.00000000000001,0.0007300000000000002
62.3957290000024,0.09250000000000004,75.00000000000001,0.0007300000000000002
62.4124123500024,0.09250000000000004,75.00000000000001,0.0007300000000000002
62.4290957000024,0.09250000000000004,75.00000000000001,0.0007300000000000002
62.4457790500024,0.09250000000000004,75.00000000000001,0.0007300000000000002
62.4624624000024,0.09250000000000004,75.00000000000001,0.0007300000000000002
62.4791457500024,0.09250000000000004,75.00000000000001,0.0007300000000000002
62.4958291000024,0.09250000000000004,75.00000000000001,0.0007300000000000002
62.512512450002404,0.09250000000000004,75.00000000000001,0.0007300000000000002
62.529195800002405,0.09250000000000004,75.00000000000001,0.0007300000000000002
62.545879150002406,0.09250000000000004,75.00000000000001,0.0007300000000000002
62.56256250000241,0.09250000000000004,75.00000000000001,0.0007300000000000002
62.57924585000241,0.09250000000000004,75.00000000000001,0.0007300000000000002
62.59592920000241,0.09250000000000004,75.00000000000001,0.0007300000000000002
62.61261255000241,0.09250000000000004,75.00000000000001,0.0007300000000000002
62.62929590000241,0.09250000000000004,75.00000000000001,0.0007300000000000002
62.64597925000241,0.09250000000000004,75.00000000000001,0.0007300000000000002
62.66266260000241,0.09250000000000004,75.00000000000001,0.0007300000000000002
62.679345950002414,0.09250000000000004,75.00000000000001,0.0007300000000000002
62.696029300002415,0.09250000000000004,75.00000000000001,0.0007300000000000002
62.712712650002416,0.09250000000000004,75.00000000000001,0.0007300000000000002
62.72939600000242,0.09250000000000004,75.00000000000001,0.0007300000000000002
62.74607935000242,0.09250000000000004,75.00000000000001,0.0007300000000000002
62.76276270000242,0.09250000000000004,75.00000000000001,0.0007300000000000002
62.77944605000242,0.09250000000000004,75.00000000000001,0.0007300000000000002
62.79612940000242,0.09250000000000004,75.00000000000001,0.0007300000000000002
62.81281275000242,0.09250000000000004,75.00000000000001,0.0007300000000000002
62.82949610000242,0.09250000000000004,75.00000000000001,0.0007300000000000002
62.846179450002424,0.09250000000000004,75.00000000000001,0.0007300000000000002
62.862862800002425,0.09250000000000004,75.00000000000001,0.0007300000000000002
62.879546150002426,0.09250000000000004,75.00000000000001,0.0007300000000000002
62.89622950000243,0.09250000000000004,75.00000000000001,0.0007300000000000002
62.91291285000243,0.09250000000000004,75.00000000000001,0.0007300000000000002
62.92959620000243,0.09250000000000004,75.00000000000001,0.0007300000000000002
62.94627955000243,0.09250000000000004,75.00000000000001,0.0007300000000000002
62.96296290000243,0.09250000000000004,75.00000000000001,0.0007300000000000002
62.97964625000243,0.09250000000000004,75.00000000000001,0.0007300000000000002
62.99632960000243,0.09250000000000004,75.00000000000001,0.0007300000000000002
63.013012950002434,0.09250000000000004,75.00000000000001,0.0007300000000000002
63.029696300002435,0.09250000000000004,75.00000000000001,0.0007300000000000002
63.046379650002436,0.09250000000000004,75.00000000000001,0.0007300000000000002
63.06306300000244,0.09250000000000004,75.00000000000001,0.0007300000000000002
63.07974635000244,0.09250000000000004,75.00000000000001,0.0007300000000000002
63.09642970000244,0.09250000000000004,75.00000000000001,0.0007300000000000002
63.11311305000244,0.09250000000000004,75.00000000000001,0.0007300000000000002
63.12979640000244,0.09250000000000004,75.00000000000001,0.0007300000000000002
63.14647975000244,0.09250000000000004,75.00000000000001,0.0007300000000000002
63.16316310000244,0.09250000000000004,75.00000000000001,0.0007300000000000002
63.179846450002444,0.09250000000000004,75.00000000000001,0.0007300000000000002
63.196529800002445,0.09250000000000004,75.00000000000001,0.0007300000000000002
63.213213150002446,0.09250000000000004,75.00000000000001,0.0007300000000000002
63.22989650000245,0.09250000000000004,75.00000000000001,0.0007300000000000002
63.24657985000245,0.09250000000000004,75.00000000000001,0.0007300000000000002
63.26326320000245,0.09250000000000004,75.00000000000001,0.0007300000000000002
63.27994655000245,0.09250000000000004,75.00000000000001,0.0007300000000000002
63.29662990000245,0.09250000000000004,75.00000000000001,0.0007300000000000002
63.31331325000245,0.09250000000000004,75.00000000000001,0.0007300000000000002
63.32999660000245,0.09250000000000004,75.00000000000001,0.0007300000000000002
63.34667995000245,0.09250000000000004,75.00000000000001,0.0007300000000000002
63.363363300002455,0.09250000000000004,75.00000000000001,0.0007300000000000002
63.380046650002456,0.09250000000000004,75.00000000000001,0.0007300000000000002
63.39673000000246,0.09250000000000004,75.00000000000001,0.0007300000000000002
63.41341335000246,0.09250000000000004,75.00000000000001,0.0007300000000000002
63.43009670000246,0.09250000000000004,75.00000000000001,0.0007300000000000002
63.44678005000246,0.09250000000000004,75.00000000000001,0.0007300000000000002
63.46346340000246,0.09250000000000004,75.00000000000001,0.0007300000000000002
63.48014675000246,0.09250000000000004,75.00000000000001,0.0007300000000000002
63.49683010000246,0.09250000000000004,75.00000000000001,0.0007300000000000002
63.51351345000246,0.09250000000000004,75.00000000000001,0.0007300000000000002
63.530196800002464,0.09250000000000004,75.00000000000001,0.0007300000000000002
63.546880150002465,0.09250000000000004,75.00000000000001,0.0007300000000000002
63.563563500002466,0.09250000000000004,75.00000000000001,0.0007300000000000002
63.58024685000247,0.09250000000000004,75.00000000000001,0.0007300000000000002
63.59693020000247,0.09250000000000004,75.00000000000001,0.0007300000000000002
63.61361355000247,0.09250000000000004,75.00000000000001,0.0007300000000000002
63.63029690000247,0.09250000000000004,75.00000000000001,0.0007300000000000002
63.64698025000247,0.09250000000000004,75.00000000000001,0.0007300000000000002
63.66366360000247,0.09250000000000004,75.00000000000001,0.0007300000000000002
63.68034695000247,0.09250000000000004,75.00000000000001,0.0007300000000000002
63.697030300002474,0.09250000000000004,75.00000000000001,0.0007300000000000002
63.713713650002475,0.09250000000000004,75.00000000000001,0.0007300000000000002
63.730397000002476,0.09250000000000004,75.00000000000001,0.0007300000000000002
63.74708035000248,0.09250000000000004,75.00000000000001,0.0007300000000000002
63.76376370000248,0.09250000000000004,75.00000000000001,0.0007300000000000002
63.78044705000248,0.09250000000000004,75.00000000000001,0.0007300000000000002
63.79713040000248,0.09250000000000004,75.00000000000001,0.0007300000000000002
63.81381375000248,0.09250000000000004,75.00000000000001,0.0007300000000000002
63.83049710000248,0.09250000000000004,75.00000000000001,0.0007300000000000002
63.84718045000248,0.09250000000000004,75.00000000000001,0.0007300000000000002
63.863863800002484,0.09250000000000004,75.00000000000001,0.0007300000000000002
63.880547150002485,0.09250000000000004,75.00000000000001,0.0007300000000000002
63.897230500002486,0.09250000000000004,75.00000000000001,0.0007300000000000002
63.91391385000249,0.09250000000000004,75.00000000000001,0.0007300000000000002
63.93059720000249,0.09250000000000004,75.00000000000001,0.0007300000000000002
63.94728055000249,0.09250000000000004,75.00000000000001,0.0007300000000000002
63.96396390000249,0.09250000000000004,75.00000000000001,0.0007300000000000002
63.98064725000249,0.09250000000000004,75.00000000000001,0.0007300000000000002
63.99733060000249,0.09250000000000004,75.00000000000001,0.0007300000000000002
64.0140139500025,0.09250000000000004,75.00000000000001,0.0007300000000000002
64.03069730000249,0.09250000000000004,75.00000000000001,0.0007300000000000002
64.04738065000248,0.09250000000000004,75.00000000000001,0.0007300000000000002
64.06406400000247,0.09250000000000004,75.00000000000001,0.0007300000000000002
64.08074735000247,0.09250000000000004,75.00000000000001,0.0007300000000000002
64.09743070000246,0.09250000000000004,75.00000000000001,0.0007300000000000002
64.11411405000246,0.09250000000000004,75.00000000000001,0.0007300000000000002
64.13079740000245,0.09250000000000004,75.00000000000001,0.0007300000000000002
64.14748075000244,0.09250000000000004,75.00000000000001,0.0007300000000000002
64.16416410000244,0.09250000000000004,75.00000000000001,0.0007300000000000002
64.18084745000243,0.09250000000000004,75.00000000000001,0.0007300000000000002
64.19753080000243,0.09250000000000004,75.00000000000001,0.0007300000000000002
64.21421415000242,0.09250000000000004,75.00000000000001,0.0007300000000000002
64.23089750000241,0.09250000000000004,75.00000000000001,0.0007300000000000002
64.24758085000241,0.09250000000000004,75.00000000000001,0.0007300000000000002
64.2642642000024,0.09250000000000004,75.00000000000001,0.0007300000000000002
64.2809475500024,0.09250000000000004,75.00000000000001,0.0007300000000000002
64.29763090000239,0.09250000000000004,75.00000000000001,0.0007300000000000002
64.31431425000238,0.09250000000000004,75.00000000000001,0.0007300000000000002
64.33099760000238,0.09250000000000004,75.00000000000001,0.0007300000000000002
64.34768095000237,0.09250000000000004,75.00000000000001,0.0007300000000000002
64.36436430000236,0.09250000000000004,75.00000000000001,0.0007300000000000002
64.38104765000236,0.09250000000000004,75.00000000000001,0.0007300000000000002
64.39773100000235,0.09250000000000004,75.00000000000001,0.0007300000000000002
64.41441435000235,0.09250000000000004,75.00000000000001,0.0007300000000000002
64.43109770000234,0.09250000000000004,75.00000000000001,0.0007300000000000002
64.44778105000233,0.09250000000000004,75.00000000000001,0.0007300000000000002
64.46446440000233,0.09250000000000004,75.00000000000001,0.0007300000000000002
64.48114775000232,0.09250000000000004,75.00000000000001,0.0007300000000000002
64.49783110000232,0.09250000000000004,75.00000000000001,0.0007300000000000002
64.51451445000231,0.09250000000000004,75.00000000000001,0.0007300000000000002
64.5311978000023,0.09250000000000004,75.00000000000001,0.0007300000000000002
64.5478811500023,0.09250000000000004,75.00000000000001,0.0007300000000000002
64.56456450000229,0.09250000000000004,75.00000000000001,0.0007300000000000002
64.58124785000228,0.09250000000000004,75.00000000000001,0.0007300000000000002
64.59793120000228,0.09250000000000004,75.00000000000001,0.0007300000000000002
64.61461455000227,0.09250000000000004,75.00000000000001,0.0007300000000000002
64.63129790000227,0.09250000000000004,75.00000000000001,0.0007300000000000002
64.64798125000226,0.09250000000000004,75.00000000000001,0.0007300000000000002
64.66466460000225,0.09250000000000004,75.00000000000001,0.0007300000000000002
64.68134795000225,0.09250000000000004,75.00000000000001,0.0007300000000000002
64.69803130000224,0.09250000000000004,75.00000000000001,0.0007300000000000002
64.71471465000224,0.09250000000000004,75.00000000000001,0.0007300000000000002
64.73139800000223,0.09250000000000004,75.00000000000001,0.0007300000000000002
64.74808135000222,0.09250000000000004,75.00000000000001,0.0007300000000000002
64.76476470000222,0.09250000000000004,75.00000000000001,0.0007300000000000002
64.78144805000221,0.09250000000000004,75.00000000000001,0.0007300000000000002
64.7981314000022,0.09250000000000004,75.00000000000001,0.0007300000000000002
64.8148147500022,0.09250000000000004,75.00000000000001,0.0007300000000000002
64.8314981000022,0.09250000000000004,75.00000000000001,0.0007300000000000002
64.84818145000219,0.09250000000000004,75.00000000000001,0.0007300000000000002
64.86486480000218,0.09250000000000004,75.00000000000001,0.0007300000000000002
64.88154815000217,0.09250000000000004,75.00000000000001,0.0007300000000000002
64.89823150000217,0.09250000000000004,75.00000000000001,0.0007300000000000002
64.91491485000216,0.09250000000000004,75.00000000000001,0.0007300000000000002
64.93159820000216,0.09250000000000004,75.00000000000001,0.0007300000000000002
64.94828155000215,0.09250000000000004,75.00000000000001,0.0007300000000000002
64.96496490000214,0.09250000000000004,75.00000000000001,0.0007300000000000002
64.98164825000214,0.09250000000000004,75.00000000000001,0.0007300000000000002
64.99833160000213,0.09250000000000004,75.00000000000001,0.0007300000000000002
65.01501495000213,0.09250000000000004,75.00000000000001,0.0007300000000000002
65.03169830000212,0.09250000000000004,75.00000000000001,0.0007300000000000002
65.04838165000211,0.09250000000000004,75.00000000000001,0.0007300000000000002
65.06506500000211,0.09250000000000004,75.00000000000001,0.0007300000000000002
65.0817483500021,0.09250000000000004,75.00000000000001,0.0007300000000000002
65.0984317000021,0.09250000000000004,75.00000000000001,0.0007300000000000002
65.11511505000209,0.09250000000000004,75.00000000000001,0.0007300000000000002
65.13179840000208,0.09250000000000004,75.00000000000001,0.0007300000000000002
65.14848175000208,0.09250000000000004,75.00000000000001,0.0007300000000000002
65.16516510000207,0.09250000000000004,75.00000000000001,0.0007300000000000002
65.18184845000206,0.09250000000000004,75.00000000000001,0.0007300000000000002
65.19853180000206,0.09250000000000004,75.00000000000001,0.0007300000000000002
65.21521515000205,0.09250000000000004,75.00000000000001,0.0007300000000000002
65.23189850000205,0.09250000000000004,75.00000000000001,0.0007300000000000002
65.24858185000204,0.09250000000000004,75.00000000000001,0.0007300000000000002
65.26526520000203,0.09250000000000004,75.00000000000001,0.0007300000000000002
65.28194855000203,0.09250000000000004,75.00000000000001,0.0007300000000000002
65.29863190000202,0.09250000000000004,75.00000000000001,0.0007300000000000002
65.31531525000202,0.09250000000000004,75.00000000000001,0.0007300000000000002
65.33199860000201,0.09250000000000004,75.00000000000001,0.0007300000000000002
65.348681950002,0.09250000000000004,75.00000000000001,0.0007300000000000002
65.365365300002,0.09250000000000004,75.00000000000001,0.0007300000000000002
65.38204865000199,0.09250000000000004,75.00000000000001,0.0007300000000000002
65.39873200000198,0.09250000000000004,75.00000000000001,0.0007300000000000002
65.41541535000198,0.09250000000000004,75.00000000000001,0.0007300000000000002
65.43209870000197,0.09250000000000004,75.00000000000001,0.0007300000000000002
65.44878205000197,0.09250000000000004,75.00000000000001,0.0007300000000000002
65.46546540000196,0.09250000000000004,75.00000000000001,0.0007300000000000002
65.48214875000195,0.09250000000000004,75.00000000000001,0.0007300000000000002
65.49883210000195,0.09250000000000004,75.00000000000001,0.0007300000000000002
65.51551545000194,0.09250000000000004,75.00000000000001,0.0007300000000000002
65.53219880000194,0.09250000000000004,75.00000000000001,0.0007300000000000002
65.54888215000193,0.09250000000000004,75.00000000000001,0.0007300000000000002
65.56556550000192,0.09250000000000004,75.00000000000001,0.0007300000000000002
65.58224885000192,0.09250000000000004,75.00000000000001,0.0007300000000000002
65.59893220000191,0.09250000000000004,75.00000000000001,0.0007300000000000002
65.6156155500019,0.09250000000000004,75.00000000000001,0.0007300000000000002
65.6322989000019,0.09250000000000004,75.00000000000001,0.0007300000000000002
65.6489822500019,0.09250000000000004,75.00000000000001,0.0007300000000000002
65.66566560000189,0.09250000000000004,75.00000000000001,0.0007300000000000002
65.68234895000188,0.09250000000000004,75.00000000000001,0.0007300000000000002
65.69903230000187,0.09250000000000004,75.00000000000001,0.0007300000000000002
65.71571565000187,0.09250000000000004,75.00000000000001,0.0007300000000000002
65.73239900000186,0.09250000000000004,75.00000000000001,0.0007300000000000002
65.74908235000186,0.09250000000000004,75.00000000000001,0.0007300000000000002
65.76576570000185,0.09250000000000004,75.00000000000001,0.0007300000000000002
65.78244905000184,0.09250000000000004,75.00000000000001,0.0007300000000000002
65.79913240000184,0.09250000000000004,75.00000000000001,0.0007300000000000002
65.81581575000183,0.09250000000000004,75.00000000000001,0.0007300000000000002
65.83249910000183,0.09250000000000004,75.00000000000001,0.0007300000000000002
65.84918245000182,0.09250000000000004,75.00000000000001,0.0007300000000000002
65.86586580000181,0.09250000000000004,75.00000000000001,0.0007300000000000002
65.88254915000181,0.09250000000000004,75.00000000000001,0.0007300000000000002
65.8992325000018,0.09250000000000004,75.00000000000001,0.0007300000000000002
65.9159158500018,0.09250000000000004,75.00000000000001,0.0007300000000000002
65.93259920000179,0.09250000000000004,75.00000000000001,0.0007300000000000002
65.94928255000178,0.09250000000000004,75.00000000000001,0.0007300000000000002
65.96596590000178,0.09250000000000004,75.00000000000001,0.0007300000000000002
65.98264925000177,0.09250000000000004,75.00000000000001,0.0007300000000000002
65.99933260000176,0.09250000000000004,75.00000000000001,0.0007300000000000002
66.01601595000176,0.09250000000000004,75.00000000000001,0.0007300000000000002
66.03269930000175,0.09250000000000004,75.00000000000001,0.0007300000000000002
66.04938265000175,0.09250000000000004,75.00000000000001,0.0007300000000000002
66.06606600000174,0.09250000000000004,75.00000000000001,0.0007300000000000002
66.08274935000173,0.09250000000000004,75.00000000000001,0.0007300000000000002
66.09943270000173,0.09250000000000004,75.00000000000001,0.0007300000000000002
66.11611605000172,0.09250000000000004,75.00000000000001,0.0007300000000000002
66.13279940000172,0.09250000000000004,75.00000000000001,0.0007300000000000002
66.14948275000171,0.09250000000000004,75.00000000000001,0.0007300000000000002
66.1661661000017,0.09250000000000004,75.00000000000001,0.0007300000000000002
66.1828494500017,0.09250000000000004,75.00000000000001,0.0007300000000000002
66.19953280000169,0.09250000000000004,75.00000000000001,0.0007300000000000002
66.21621615000169,0.09250000000000004,75.00000000000001,0.0007300000000000002
66.23289950000168,0.09250000000000004,75.00000000000001,0.0007300000000000002
66.24958285000167,0.09250000000000004,75.00000000000001,0.0007300000000000002
66.26626620000167,0.09250000000000004,75.00000000000001,0.0007300000000000002
66.28294955000166,0.09250000000000004,75.00000000000001,0.0007300000000000002
66.29963290000165,0.09250000000000004,75.00000000000001,0.0007300000000000002
66.31631625000165,0.09250000000000004,75.00000000000001,0.0007300000000000002
66.33299960000164,0.09250000000000004,75.00000000000001,0.0007300000000000002
66.34968295000164,0.09250000000000004,75.00000000000001,0.0007300000000000002
66.36636630000163,0.09250000000000004,75.00000000000001,0.0007300000000000002
66.38304965000162,0.09250000000000004,75.00000000000001,0.0007300000000000002
66.39973300000162,0.09250000000000004,75.00000000000001,0.0007300000000000002
66.41641635000161,0.09250000000000004,75.00000000000001,0.0007300000000000002
66.4330997000016,0.09250000000000004,75.00000000000001,0.0007300000000000002
66.4497830500016,0.09250000000000004,75.00000000000001,0.0007300000000000002
66.4664664000016,0.09250000000000004,75.00000000000001,0.0007300000000000002
66.48314975000159,0.09250000000000004,75.00000000000001,0.0007300000000000002
66.49983310000158,0.09250000000000004,75.00000000000001,0.0007300000000000002
66.51651645000157,0.09250000000000004,75.00000000000001,0.0007300000000000002
66.53319980000157,0.09250000000000004,75.00000000000001,0.0007300000000000002
66.54988315000156,0.09250000000000004,75.00000000000001,0.0007300000000000002
66.56656650000156,0.09250000000000004,75.00000000000001,0.0007300000000000002
66.58324985000155,0.09250000000000004,75.00000000000001,0.0007300000000000002
66.59993320000154,0.09250000000000004,75.00000000000001,0.0007300000000000002
66.61661655000154,0.09250000000000004,75.00000000000001,0.0007300000000000002
66.63329990000153,0.09250000000000004,75.00000000000001,0.0007300000000000002
66.64998325000153,0.09250000000000004,75.00000000000001,0.0007300000000000002
66.66666660000152,0.09250000000000004,75.00000000000001,0.0007300000000000002
66.68334995000151,0.09250000000000004,75.00000000000001,0.0007300000000000002
66.70003330000151,0.09250000000000004,75.00000000000001,0.0007300000000000002
66.7167166500015,0.09250000000000004,75.00000000000001,0.0007300000000000002
66.7334000000015,0.09250000000000004,75.00000000000001,0.0007300000000000002
66.75008335000149,0.09250000000000004,75.00000000000001,0.0007300000000000002
66.76676670000148,0.09250000000000004,75.00000000000001,0.0007300000000000002
66.78345005000148,0.09250000000000004,75.00000000000001,0.0007300000000000002
66.80013340000147,0.09250000000000004,75.00000000000001,0.0007300000000000002
66.81681675000146,0.09250000000000004,75.00000000000001,0.0007300000000000002
66.83350010000146,0.09250000000000004,75.00000000000001,0.0007300000000000002
66.85018345000145,0.09250000000000004,75.00000000000001,0.0007300000000000002
66.86686680000145,0.09250000000000004,75.00000000000001,0.0007300000000000002
66.88355015000144,0.09250000000000004,75.00000000000001,0.0007300000000000002
66.90023350000143,0.09250000000000004,75.00000000000001,0.0007300000000000002
66.91691685000143,0.09250000000000004,75.00000000000001,0.0007300000000000002
66.93360020000142,0.09250000000000004,75.00000000000001,0.0007300000000000002
66.95028355000142,0.09250000000000004,75.00000000000001,0.0007300000000000002
66.96696690000141,0.09250000000000004,75.00000000000001,0.0007300000000000002
66.9836502500014,0.09250000000000004,75.00000000000001,0.0007300000000000002
67.0003336000014,0.09250000000000004,75.00000000000001,0.0007300000000000002
67.01701695000139,0.09250000000000004,75.00000000000001,0.0007300000000000002
67.03370030000139,0.09250000000000004,75.00000000000001,0.0007300000000000002
67.05038365000138,0.09250000000000004,75.00000000000001,0.0007300000000000002
67.06706700000137,0.09250000000000004,75.00000000000001,0.0007300000000000002
67.08375035000137,0.09250000000000004,75.00000000000001,0.0007300000000000002
67.10043370000136,0.09250000000000004,75.00000000000001,0.0007300000000000002
67.11711705000135,0.09250000000000004,75.00000000000001,0.0007300000000000002
67.13380040000135,0.09250000000000004,75.00000000000001,0.0007300000000000002
67.15048375000134,0.09250000000000004,75.00000000000001,0.0007300000000000002
67.16716710000134,0.09250000000000004,75.00000000000001,0.0007300000000000002
67.18385045000133,0.09250000000000004,75.00000000000001,0.0007300000000000002
67.20053380000132,0.09250000000000004,75.00000000000001,0.0007300000000000002
67.21721715000132,0.09250000000000004,75.00000000000001,0.0007300000000000002
67.23390050000131,0.09250000000000004,75.00000000000001,0.0007300000000000002
67.2505838500013,0.09250000000000004,75.00000000000001,0.0007300000000000002
67.2672672000013,0.09250000000000004,75.00000000000001,0.0007300000000000002
67.2839505500013,0.09250000000000004,75.00000000000001,0.0007300000000000002
67.30063390000129,0.09250000000000004,75.00000000000001,0.0007300000000000002
67.31731725000128,0.09250000000000004,75.00000000000001,0.0007300000000000002
67.33400060000127,0.09250000000000004,75.00000000000001,0.0007300000000000002
67.35068395000127,0.09250000000000004,75.00000000000001,0.0007300000000000002
67.36736730000126,0.09250000000000004,75.00000000000001,0.0007300000000000002
67.38405065000126,0.09250000000000004,75.00000000000001,0.0007300000000000002
67.40073400000125,0.09250000000000004,75.00000000000001,0.0007300000000000002
67.41741735000124,0.09250000000000004,75.00000000000001,0.0007300000000000002
67.43410070000124,0.09250000000000004,75.00000000000001,0.0007300000000000002
67.45078405000123,0.09250000000000004,75.00000000000001,0.0007300000000000002
67.46746740000123,0.09250000000000004,75.00000000000001,0.0007300000000000002
67.48415075000122,0.09250000000000004,75.00000000000001,0.0007300000000000002
67.50083410000121,0.09250000000000004,75.00000000000001,0.0007300000000000002
67.51751745000121,0.09250000000000004,75.00000000000001,0.0007300000000000002
67.5342008000012,0.09250000000000004,75.00000000000001,0.0007300000000000002
67.5508841500012,0.09250000000000004,75.00000000000001,0.0007300000000000002
67.56756750000119,0.09250000000000004,75.00000000000001,0.0007300000000000002
67.58425085000118,0.09250000000000004,75.00000000000001,0.0007300000000000002
67.60093420000118,0.09250000000000004,75.00000000000001,0.0007300000000000002
67.61761755000117,0.09250000000000004,75.00000000000001,0.0007300000000000002
67.63430090000116,0.09250000000000004,75.00000000000001,0.0007300000000000002
67.65098425000116,0.09250000000000004,75.00000000000001,0.0007300000000000002
67.66766760000115,0.09250000000000004,75.00000000000001,0.0007300000000000002
67.68435095000115,0.09250000000000004,75.00000000000001,0.0007300000000000002
67.70103430000114,0.09250000000000004,75.00000000000001,0.0007300000000000002
67.71771765000113,0.09250000000000004,75.00000000000001,0.0007300000000000002
67.73440100000113,0.09250000000000004,75.00000000000001,0.0007300000000000002
67.75108435000112,0.09250000000000004,75.00000000000001,0.0007300000000000002
67.76776770000112,0.09250000000000004,75.00000000000001,0.0007300000000000002
67.78445105000111,0.09250000000000004,75.00000000000001,0.0007300000000000002
67.8011344000011,0.09250000000000004,75.00000000000001,0.0007300000000000002
67.8178177500011,0.09250000000000004,75.00000000000001,0.0007300000000000002
67.83450110000109,0.09250000000000004,75.00000000000001,0.0007300000000000002
67.85118445000109,0.09250000000000004,75.00000000000001,0.0007300000000000002
67.86786780000108,0.09250000000000004,75.00000000000001,0.0007300000000000002
67.88455115000107,0.09250000000000004,75.00000000000001,0.0007300000000000002
67.90123450000107,0.09250000000000004,75.00000000000001,0.0007300000000000002
67.91791785000106,0.09250000000000004,75.00000000000001,0.0007300000000000002
67.93460120000105,0.09250000000000004,75.00000000000001,0.0007300000000000002
67.95128455000105,0.09250000000000004,75.00000000000001,0.0007300000000000002
67.96796790000104,0.09250000000000004,75.00000000000001,0.0007300000000000002
67.98465125000104,0.09250000000000004,75.00000000000001,0.0007300000000000002
68.00133460000103,0.09250000000000004,75.00000000000001,0.0007300000000000002
68.01801795000102,0.09250000000000004,75.00000000000001,0.0007300000000000002
68.03470130000102,0.09250000000000004,75.00000000000001,0.0007300000000000002
68.05138465000101,0.09250000000000004,75.00000000000001,0.0007300000000000002
68.068068000001,0.09250000000000004,75.00000000000001,0.0007300000000000002
68.084751350001,0.09250000000000004,75.00000000000001,0.0007300000000000002
68.101434700001,0.09250000000000004,75.00000000000001,0.0007300000000000002
68.11811805000099,0.09250000000000004,75.00000000000001,0.0007300000000000002
68.13480140000098,0.09250000000000004,75.00000000000001,0.0007300000000000002
68.15148475000098,0.09250000000000004,75.00000000000001,0.0007300000000000002
68.16816810000097,0.09250000000000004,75.00000000000001,0.0007300000000000002
68.18485145000096,0.09250000000000004,75.00000000000001,0.0007300000000000002
68.20153480000096,0.09250000000000004,75.00000000000001,0.0007300000000000002
68.21821815000095,0.09250000000000004,75.00000000000001,0.0007300000000000002
68.23490150000094,0.09250000000000004,75.00000000000001,0.0007300000000000002
68.25158485000094,0.09250000000000004,75.00000000000001,0.0007300000000000002
68.26826820000093,0.09250000000000004,75.00000000000001,0.0007300000000000002
68.28495155000093,0.09250000000000004,75.00000000000001,0.0007300000000000002
68.30163490000092,0.09250000000000004,75.00000000000001,0.0007300000000000002
68.31831825000091,0.09250000000000004,75.00000000000001,0.0007300000000000002
68.33500160000091,0.09250000000000004,75.00000000000001,0.0007300000000000002
68.3516849500009,0.09250000000000004,75.00000000000001,0.0007300000000000002
68.3683683000009,0.09250000000000004,75.00000000000001,0.0007300000000000002
68.38505165000089,0.09250000000000004,75.00000000000001,0.0007300000000000002
68.40173500000088,0.09250000000000004,75.00000000000001,0.0007300000000000002
68.41841835000088,0.09250000000000004,75.00000000000001,0.0007300000000000002
68.43510170000087,0.09250000000000004,75.00000000000001,0.0007300000000000002
68.45178505000086,0.09250000000000004,75.00000000000001,0.0007300000000000002
68.46846840000086,0.09250000000000004,75.00000000000001,0.0007300000000000002
68.48515175000085,0.09250000000000004,75.00000000000001,0.0007300000000000002
68.50183510000085,0.09250000000000004,75.00000000000001,0.0007300000000000002
68.51851845000084,0.09250000000000004,75.00000000000001,0.0007300000000000002
68.53520180000083,0.09250000000000004,75.00000000000001,0.0007300000000000002
68.55188515000083,0.09250000000000004,75.00000000000001,0.0007300000000000002
68.56856850000082,0.09250000000000004,75.00000000000001,0.0007300000000000002
68.58525185000082,0.09250000000000004,75.00000000000001,0.0007300000000000002
68.60193520000081,0.09250000000000004,75.00000000000001,0.0007300000000000002
68.6186185500008,0.09250000000000004,75.00000000000001,0.0007300000000000002
68.6353019000008,0.09250000000000004,75.00000000000001,0.0007300000000000002
68.65198525000079,0.09250000000000004,75.00000000000001,0.0007300000000000002
68.66866860000079,0.09250000000000004,75.00000000000001,0.0007300000000000002
68.68535195000078,0.09250000000000004,75.00000000000001,0.0007300000000000002
68.70203530000077,0.09250000000000004,75.00000000000001,0.0007300000000000002
68.71871865000077,0.09250000000000004,75.00000000000001,0.0007300000000000002
68.73540200000076,0.09250000000000004,75.00000000000001,0.0007300000000000002
68.75208535000075,0.09250000000000004,75.00000000000001,0.0007300000000000002
68.76876870000075,0.09250000000000004,75.00000000000001,0.0007300000000000002
68.78545205000074,0.09250000000000004,75.00000000000001,0.0007300000000000002
68.80213540000074,0.09250000000000004,75.00000000000001,0.0007300000000000002
68.81881875000073,0.09250000000000004,75.00000000000001,0.0007300000000000002
68.83550210000072,0.09250000000000004,75.00000000000001,0.0007300000000000002
68.85218545000072,0.09250000000000004,75.00000000000001,0.0007300000000000002
68.86886880000071,0.09250000000000004,75.00000000000001,0.0007300000000000002
68.8855521500007,0.09250000000000004,75.00000000000001,0.0007300000000000002
68.9022355000007,0.09250000000000004,75.00000000000001,0.0007300000000000002
68.9189188500007,0.09250000000000004,75.00000000000001,0.0007300000000000002
68.93560220000069,0.09250000000000004,75.00000000000001,0.0007300000000000002
68.95228555000068,0.09250000000000004,75.00000000000001,0.0007300000000000002
68.96896890000068,0.09250000000000004,75.00000000000001,0.0007300000000000002
68.98565225000067,0.09250000000000004,75.00000000000001,0.0007300000000000002
69.00233560000066,0.09250000000000004,75.00000000000001,0.0007300000000000002
69.01901895000066,0.09250000000000004,75.00000000000001,0.0007300000000000002
69.03570230000065,0.09250000000000004,75.00000000000001,0.0007300000000000002
69.05238565000064,0.09250000000000004,75.00000000000001,0.0007300000000000002
69.06906900000064,0.09250000000000004,75.00000000000001,0.0007300000000000002
69.08575235000063,0.09250000000000004,75.00000000000001,0.0007300000000000002
69.10243570000063,0.09250000000000004,75.00000000000001,0.0007300000000000002
69.11911905000062,0.09250000000000004,75.00000000000001,0.0007300000000000002
69.13580240000061,0.09250000000000004,75.00000000000001,0.0007300000000000002
69.15248575000061,0.09250000000000004,75.00000000000001,0.0007300000000000002
69.1691691000006,0.09250000000000004,75.00000000000001,0.0007300000000000002
69.1858524500006,0.09250000000000004,75.00000000000001,0.0007300000000000002
69.20253580000059,0.09250000000000004,75.00000000000001,0.0007300000000000002
69.21921915000058,0.09250000000000004,75.00000000000001,0.0007300000000000002
69.23590250000058,0.09250000000000004,75.00000000000001,0.0007300000000000002
69.25258585000057,0.09250000000000004,75.00000000000001,0.0007300000000000002
69.26926920000056,0.09250000000000004,75.00000000000001,0.0007300000000000002
69.28595255000056,0.09250000000000004,75.00000000000001,0.0007300000000000002
69.30263590000055,0.09250000000000004,75.00000000000001,0.0007300000000000002
69.31931925000055,0.09250000000000004,75.00000000000001,0.0007300000000000002
69.33600260000054,0.09250000000000004,75.00000000000001,0.0007300000000000002
69.35268595000053,0.09250000000000004,75.00000000000001,0.0007300000000000002
69.36936930000053,0.09250000000000004,75.00000000000001,0.0007300000000000002
69.38605265000052,0.09250000000000004,75.00000000000001,0.0007300000000000002
69.40273600000052,0.09250000000000004,75.00000000000001,0.0007300000000000002
69.41941935000051,0.09250000000000004,75.00000000000001,0.0007300000000000002
69.4361027000005,0.09250000000000004,75.00000000000001,0.0007300000000000002
69.4527860500005,0.09250000000000004,75.00000000000001,0.0007300000000000002
69.46946940000049,0.09250000000000004,75.00000000000001,0.0007300000000000002
69.48615275000049,0.09250000000000004,75.00000000000001,0.0007300000000000002
69.50283610000048,0.09250000000000004,75.00000000000001,0.0007300000000000002
69.51951945000047,0.09250000000000004,75.00000000000001,0.0007300000000000002
69.53620280000047,0.09250000000000004,75.00000000000001,0.0007300000000000002
69.55288615000046,0.09250000000000004,75.00000000000001,0.0007300000000000002
69.56956950000045,0.09250000000000004,75.00000000000001,0.0007300000000000002
69.58625285000045,0.09250000000000004,75.00000000000001,0.0007300000000000002
69.60293620000044,0.09250000000000004,75.00000000000001,0.0007300000000000002
69.61961955000044,0.09250000000000004,75.00000000000001,0.0007300000000000002
69.63630290000043,0.09250000000000004,75.00000000000001,0.0007300000000000002
69.65298625000042,0.09250000000000004,75.00000000000001,0.0007300000000000002
69.66966960000042,0.09250000000000004,75.00000000000001,0.0007300000000000002
69.68635295000041,0.09250000000000004,75.00000000000001,0.0007300000000000002
69.7030363000004,0.09250000000000004,75.00000000000001,0.0007300000000000002
69.7197196500004,0.09250000000000004,75.00000000000001,0.0007300000000000002
69.7364030000004,0.09250000000000004,75.00000000000001,0.0007300000000000002
69.75308635000039,0.09250000000000004,75.00000000000001,0.0007300000000000002
69.76976970000038,0.09250000000000004,75.00000000000001,0.0007300000000000002
69.78645305000038,0.09250000000000004,75.00000000000001,0.0007300000000000002
69.80313640000037,0.09250000000000004,75.00000000000001,0.0007300000000000002
69.81981975000036,0.09250000000000004,75.00000000000001,0.0007300000000000002
69.83650310000036,0.09250000000000004,75.00000000000001,0.0007300000000000002
69.85318645000035,0.09250000000000004,75.00000000000001,0.0007300000000000002
69.86986980000034,0.09250000000000004,75.00000000000001,0.0007300000000000002
69.88655315000034,0.09250000000000004,75.00000000000001,0.0007300000000000002
69.90323650000033,0.09250000000000004,75.00000000000001,0.0007300000000000002
69.91991985000033,0.09250000000000004,75.00000000000001,0.0007300000000000002
69.93660320000032,0.09250000000000004,75.00000000000001,0.0007300000000000002
69.95328655000031,0.09250000000000004,75.00000000000001,0.0007300000000000002
69.96996990000031,0.09250000000000004,75.00000000000001,0.0007300000000000002
69.9866532500003,0.09250000000000004,75.00000000000001,0.0007300000000000002
70.0033366000003,0.09250000000000004,75.00000000000001,0.0007300000000000002
70.02001995000029,0.09250000000000004,75.00000000000001,0.0007300000000000002
70.03670330000028,0.09250000000000004,75.00000000000001,0.0007300000000000002
70.05338665000028,0.09250000000000004,75.00000000000001,0.0007300000000000002
70.07007000000027,0.09250000000000004,75.00000000000001,0.0007300000000000002
70.08675335000027,0.09250000000000004,75.00000000000001,0.0007300000000000002
70.10343670000026,0.09250000000000004,75.00000000000001,0.0007300000000000002
70.12012005000025,0.09250000000000004,75.00000000000001,0.0007300000000000002
70.13680340000025,0.09250000000000004,75.00000000000001,0.0007300000000000002
70.15348675000024,0.09250000000000004,75.00000000000001,0.0007300000000000002
70.17017010000023,0.09250000000000004,75.00000000000001,0.0007300000000000002
70.18685345000023,0.09250000000000004,75.00000000000001,0.0007300000000000002
70.20353680000022,0.09250000000000004,75.00000000000001,0.0007300000000000002
70.22022015000022,0.09250000000000004,75.00000000000001,0.0007300000000000002
70.23690350000021,0.09250000000000004,75.00000000000001,0.0007300000000000002
70.2535868500002,0.09250000000000004,75.00000000000001,0.0007300000000000002
70.2702702000002,0.09250000000000004,75.00000000000001,0.0007300000000000002
70.28695355000019,0.09250000000000004,75.00000000000001,0.0007300000000000002
70.30363690000019,0.09250000000000004,75.00000000000001,0.0007300000000000002
70.32032025000018,0.09250000000000004,75.00000000000001,0.0007300000000000002
70.33700360000017,0.09250000000000004,75.00000000000001,0.0007300000000000002
70.35368695000017,0.09250000000000004,75.00000000000001,0.0007300000000000002
70.37037030000016,0.09250000000000004,75.00000000000001,0.0007300000000000002
70.38705365000015,0.09250000000000004,75.00000000000001,0.0007300000000000002
70.40373700000015,0.09250000000000004,75.00000000000001,0.0007300000000000002
70.42042035000014,0.09250000000000004,75.00000000000001,0.0007300000000000002
70.43710370000014,0.09250000000000004,75.00000000000001,0.0007300000000000002
70.45378705000013,0.09250000000000004,75.00000000000001,0.0007300000000000002
70.47047040000012,0.09250000000000004,75.00000000000001,0.0007300000000000002
70.48715375000012,0.09250000000000004,75.00000000000001,0.0007300000000000002
70.50383710000011,0.09250000000000004,75.00000000000001,0.0007300000000000002
70.5205204500001,0.09250000000000004,75.00000000000001,0.0007300000000000002
70.5372038000001,0.09250000000000004,75.00000000000001,0.0007300000000000002
70.5538871500001,0.09250000000000004,75.00000000000001,0.0007300000000000002
70.57057050000009,0.09250000000000004,75.00000000000001,0.0007300000000000002
70.58725385000008,0.09250000000000004,75.00000000000001,0.0007300000000000002
70.60393720000008,0.09250000000000004,75.00000000000001,0.0007300000000000002
70.62062055000007,0.09250000000000004,75.00000000000001,0.0007300000000000002
70.63730390000006,0.09250000000000004,75.00000000000001,0.0007300000000000002
70.65398725000006,0.09250000000000004,75.00000000000001,0.0007300000000000002
70.67067060000005,0.09250000000000004,75.00000000000001,0.0007300000000000002
70.68735395000004,0.09250000000000004,75.00000000000001,0.0007300000000000002
70.70403730000004,0.09250000000000004,75.00000000000001,0.0007300000000000002
70.72072065000003,0.09250000000000004,75.00000000000001,0.0007300000000000002
70.73740400000003,0.09250000000000004,75.00000000000001,0.0007300000000000002
70.75408735000002,0.09250000000000004,75.00000000000001,0.0007300000000000002
70.77077070000001,0.09250000000000004,75.00000000000001,0.0007300000000000002
70.78745405000001,0.09250000000000004,75.00000000000001,0.0007300000000000002
70.8041374,0.09250000000000004,75.00000000000001,0.0007300000000000002
70.82082075,0.09250000000000004,75.00000000000001,0.0007300000000000002
70.83750409999999,0.09250000000000004,75.00000000000001,0.0007300000000000002
70.85418744999998,0.09250000000000004,75.00000000000001,0.0007300000000000002
70.87087079999998,0.09250000000000004,75.00000000000001,0.0007300000000000002
70.88755414999997,0.09250000000000004,75.00000000000001,0.0007300000000000002
70.90423749999997,0.09250000000000004,75.00000000000001,0.0007300000000000002
70.92092084999996,0.09250000000000004,75.00000000000001,0.0007300000000000002
70.93760419999995,0.09250000000000004,75.00000000000001,0.0007300000000000002
70.95428754999995,0.09250000000000004,75.00000000000001,0.0007300000000000002
70.97097089999994,0.09250000000000004,75.00000000000001,0.0007300000000000002
70.98765424999993,0.09250000000000004,75.00000000000001,0.0007300000000000002
71.00433759999993,0.09250000000000004,75.00000000000001,0.0007300000000000002
71.02102094999992,0.09250000000000004,75.00000000000001,0.0007300000000000002
71.03770429999992,0.09250000000000004,75.00000000000001,0.0007300000000000002
71.05438764999991,0.09250000000000004,75.00000000000001,0.0007300000000000002
71.0710709999999,0.09250000000000004,75.00000000000001,0.0007300000000000002
71.0877543499999,0.09250000000000004,75.00000000000001,0.0007300000000000002
71.10443769999989,0.09250000000000004,75.00000000000001,0.0007300000000000002
71.12112104999989,0.09250000000000004,75.00000000000001,0.0007300000000000002
71.13780439999988,0.09250000000000004,75.00000000000001,0.0007300000000000002
71.15448774999987,0.09250000000000004,75.00000000000001,0.0007300000000000002
71.17117109999987,0.09250000000000004,75.00000000000001,0.0007300000000000002
71.18785444999986,0.09250000000000004,75.00000000000001,0.0007300000000000002
71.20453779999985,0.09250000000000004,75.00000000000001,0.0007300000000000002
71.22122114999985,0.09250000000000004,75.00000000000001,0.0007300000000000002
71.23790449999984,0.09250000000000004,75.00000000000001,0.0007300000000000002
71.25458784999984,0.09250000000000004,75.00000000000001,0.0007300000000000002
71.27127119999983,0.09250000000000004,75.00000000000001,0.0007300000000000002
71.28795454999982,0.09250000000000004,75.00000000000001,0.0007300000000000002
71.30463789999982,0.09250000000000004,75.00000000000001,0.0007300000000000002
71.32132124999981,0.09250000000000004,75.00000000000001,0.0007300000000000002
71.3380045999998,0.09250000000000004,75.00000000000001,0.0007300000000000002
71.3546879499998,0.09250000000000004,75.00000000000001,0.0007300000000000002
71.3713712999998,0.09250000000000004,75.00000000000001,0.0007300000000000002
71.38805464999979,0.09250000000000004,75.00000000000001,0.0007300000000000002
71.40473799999978,0.09250000000000004,75.00000000000001,0.0007300000000000002
71.42142134999978,0.09250000000000004,75.00000000000001,0.0007300000000000002
71.43810469999977,0.09250000000000004,75.00000000000001,0.0007300000000000002
71.45478804999976,0.09250000000000004,75.00000000000001,0.0007300000000000002
71.47147139999976,0.09250000000000004,75.00000000000001,0.0007300000000000002
71.48815474999975,0.09250000000000004,75.00000000000001,0.0007300000000000002
71.50483809999974,0.09250000000000004,75.00000000000001,0.0007300000000000002
71.52152144999974,0.09250000000000004,75.00000000000001,0.0007300000000000002
71.53820479999973,0.09250000000000004,75.00000000000001,0.0007300000000000002
71.55488814999973,0.09250000000000004,75.00000000000001,0.0007300000000000002
71.57157149999972,0.09250000000000004,75.00000000000001,0.0007300000000000002
71.58825484999971,0.09250000000000004,75.00000000000001,0.0007300000000000002
71.60493819999971,0.09250000000000004,75.00000000000001,0.0007300000000000002
71.6216215499997,0.09250000000000004,75.00000000000001,0.0007300000000000002
71.6383048999997,0.09250000000000004,75.00000000000001,0.0007300000000000002
71.65498824999969,0.09250000000000004,75.00000000000001,0.0007300000000000002
71.67167159999968,0.09250000000000004,75.00000000000001,0.0007300000000000002
71.68835494999968,0.09250000000000004,75.00000000000001,0.0007300000000000002
71.70503829999967,0.09250000000000004,75.00000000000001,0.0007300000000000002
71.72172164999967,0.09250000000000004,75.00000000000001,0.0007300000000000002
71.73840499999966,0.09250000000000004,75.00000000000001,0.0007300000000000002
71.75508834999965,0.09250000000000004,75.00000000000001,0.0007300000000000002
71.77177169999965,0.09250000000000004,75.00000000000001,0.0007300000000000002
71.78845504999964,0.09250000000000004,75.00000000000001,0.0007300000000000002
71.80513839999963,0.09250000000000004,75.00000000000001,0.0007300000000000002
71.82182174999963,0.09250000000000004,75.00000000000001,0.0007300000000000002
71.83850509999962,0.09250000000000004,75.00000000000001,0.0007300000000000002
71.85518844999962,0.09250000000000004,75.00000000000001,0.0007300000000000002
71.87187179999961,0.09250000000000004,75.00000000000001,0.0007300000000000002
71.8885551499996,0.09250000000000004,75.00000000000001,0.0007300000000000002
71.9052384999996,0.09250000000000004,75.00000000000001,0.0007300000000000002
71.92192184999959,0.09250000000000004,75.00000000000001,0.0007300000000000002
71.93860519999959,0.09250000000000004,75.00000000000001,0.0007300000000000002
71.95528854999958,0.09250000000000004,75.00000000000001,0.0007300000000000002
71.97197189999957,0.09250000000000004,75.00000000000001,0.0007300000000000002
71.98865524999957,0.09250000000000004,75.00000000000001,0.0007300000000000002
72.00533859999956,0.09250000000000004,75.00000000000001,0.0007300000000000002
72.02202194999956,0.09250000000000004,75.00000000000001,0.0007300000000000002
72.03870529999955,0.09250000000000004,75.00000000000001,0.0007300000000000002
72.05538864999954,0.09250000000000004,75.00000000000001,0.0007300000000000002
72.07207199999954,0.09250000000000004,75.00000000000001,0.0007300000000000002
72.08875534999953,0.09250000000000004,75.00000000000001,0.0007300000000000002
72.10543869999952,0.09250000000000004,75.00000000000001,0.0007300000000000002
72.12212204999952,0.09250000000000004,75.00000000000001,0.0007300000000000002
72.13880539999951,0.09250000000000004,75.00000000000001,0.0007300000000000002
72.1554887499995,0.09250000000000004,75.00000000000001,0.0007300000000000002
72.1721720999995,0.09250000000000004,75.00000000000001,0.0007300000000000002
72.1888554499995,0.09250000000000004,75.00000000000001,0.0007300000000000002
72.20553879999949,0.09250000000000004,75.00000000000001,0.0007300000000000002
72.22222214999948,0.09250000000000004,75.00000000000001,0.0007300000000000002
72.23890549999948,0.09250000000000004,75.00000000000001,0.0007300000000000002
72.25558884999947,0.09250000000000004,75.00000000000001,0.0007300000000000002
72.27227219999946,0.09250000000000004,75.00000000000001,0.0007300000000000002
72.28895554999946,0.09250000000000004,75.00000000000001,0.0007300000000000002
72.30563889999945,0.09250000000000004,75.00000000000001,0.0007300000000000002
72.32232224999944,0.09250000000000004,75.00000000000001,0.0007300000000000002
72.33900559999944,0.09250000000000004,75.00000000000001,0.0007300000000000002
72.35568894999943,0.09250000000000004,75.00000000000001,0.0007300000000000002
72.37237229999943,0.09250000000000004,75.00000000000001,0.0007300000000000002
72.38905564999942,0.09250000000000004,75.00000000000001,0.0007300000000000002
72.40573899999941,0.09250000000000004,75.00000000000001,0.0007300000000000002
72.42242234999941,0.09250000000000004,75.00000000000001,0.0007300000000000002
72.4391056999994,0.09250000000000004,75.00000000000001,0.0007300000000000002
72.4557890499994,0.09250000000000004,75.00000000000001,0.0007300000000000002
72.47247239999939,0.09250000000000004,75.00000000000001,0.0007300000000000002
72.48915574999938,0.09250000000000004,75.00000000000001,0.0007300000000000002
72.50583909999938,0.09250000000000004,75.00000000000001,0.0007300000000000002
72.52252244999937,0.09250000000000004,75.00000000000001,0.0007300000000000002
72.53920579999937,0.09250000000000004,75.00000000000001,0.0007300000000000002
72.55588914999936,0.09250000000000004,75.00000000000001,0.0007300000000000002
72.57257249999935,0.09250000000000004,75.00000000000001,0.0007300000000000002
72.58925584999935,0.09250000000000004,75.00000000000001,0.0007300000000000002
72.60593919999934,0.09250000000000004,75.00000000000001,0.0007300000000000002
72.62262254999933,0.09250000000000004,75.00000000000001,0.0007300000000000002
72.63930589999933,0.09250000000000004,75.00000000000001,0.0007300000000000002
72.65598924999932,0.09250000000000004,75.00000000000001,0.0007300000000000002
72.67267259999932,0.09250000000000004,75.00000000000001,0.0007300000000000002
72.68935594999931,0.09250000000000004,75.00000000000001,0.0007300000000000002
72.7060392999993,0.09250000000000004,75.00000000000001,0.0007300000000000002
72.7227226499993,0.09250000000000004,75.00000000000001,0.0007300000000000002
72.73940599999929,0.09250000000000004,75.00000000000001,0.0007300000000000002
72.75608934999929,0.09250000000000004,75.00000000000001,0.0007300000000000002
72.77277269999928,0.09250000000000004,75.00000000000001,0.0007300000000000002
72.78945604999927,0.09250000000000004,75.00000000000001,0.0007300000000000002
72.80613939999927,0.09250000000000004,75.00000000000001,0.0007300000000000002
72.82282274999926,0.09250000000000004,75.00000000000001,0.0007300000000000002
72.83950609999926,0.09250000000000004,75.00000000000001,0.0007300000000000002
72.85618944999925,0.09250000000000004,75.00000000000001,0.0007300000000000002
72.87287279999924,0.09250000000000004,75.00000000000001,0.0007300000000000002
72.88955614999924,0.09250000000000004,75.00000000000001,0.0007300000000000002
72.90623949999923,0.09250000000000004,75.00000000000001,0.0007300000000000002
72.92292284999922,0.09250000000000004,75.00000000000001,0.0007300000000000002
72.93960619999922,0.09250000000000004,75.00000000000001,0.0007300000000000002
72.95628954999921,0.09250000000000004,75.00000000000001,0.0007300000000000002
72.9729728999992,0.09250000000000004,75.00000000000001,0.0007300000000000002
72.9896562499992,0.09250000000000004,75.00000000000001,0.0007300000000000002
73.0063395999992,0.09250000000000004,75.00000000000001,0.0007300000000000002
73.02302294999919,0.09250000000000004,75.00000000000001,0.0007300000000000002
73.03970629999918,0.09250000000000004,75.00000000000001,0.0007300000000000002
73.05638964999918,0.09250000000000004,75.00000000000001,0.0007300000000000002
73.07307299999917,0.09250000000000004,75.00000000000001,0.0007300000000000002
73.08975634999916,0.09250000000000004,75.00000000000001,0.0007300000000000002
73.10643969999916,0.09250000000000004,75.00000000000001,0.0007300000000000002
73.12312304999915,0.09250000000000004,75.00000000000001,0.0007300000000000002
73.13980639999915,0.09250000000000004,75.00000000000001,0.0007300000000000002
73.15648974999914,0.09250000000000004,75.00000000000001,0.0007300000000000002
73.17317309999913,0.09250000000000004,75.00000000000001,0.0007300000000000002
73.18985644999913,0.09250000000000004,75.00000000000001,0.0007300000000000002
73.20653979999912,0.09250000000000004,75.00000000000001,0.0007300000000000002
73.22322314999911,0.09250000000000004,75.00000000000001,0.0007300000000000002
73.23990649999911,0.09250000000000004,75.00000000000001,0.0007300000000000002
73.2565898499991,0.09250000000000004,75.00000000000001,0.0007300000000000002
73.2732731999991,0.09250000000000004,75.00000000000001,0.0007300000000000002
73.28995654999909,0.09250000000000004,75.00000000000001,0.0007300000000000002
73.30663989999908,0.09250000000000004,75.00000000000001,0.0007300000000000002
73.32332324999908,0.09250000000000004,75.00000000000001,0.0007300000000000002
73.34000659999907,0.09250000000000004,75.00000000000001,0.0007300000000000002
73.35668994999907,0.09250000000000004,75.00000000000001,0.0007300000000000002
73.37337329999906,0.09250000000000004,75.00000000000001,0.0007300000000000002
73.39005664999905,0.09250000000000004,75.00000000000001,0.0007300000000000002
73.40673999999905,0.09250000000000004,75.00000000000001,0.0007300000000000002
73.42342334999904,0.09250000000000004,75.00000000000001,0.0007300000000000002
73.44010669999903,0.09250000000000004,75.00000000000001,0.0007300000000000002
73.45679004999903,0.09250000000000004,75.00000000000001,0.0007300000000000002
73.47347339999902,0.09250000000000004,75.00000000000001,0.0007300000000000002
73.49015674999902,0.09250000000000004,75.00000000000001,0.0007300000000000002
73.50684009999901,0.09250000000000004,75.00000000000001,0.0007300000000000002
73.523523449999,0.09250000000000004,75.00000000000001,0.0007300000000000002
73.540206799999,0.09250000000000004,75.00000000000001,0.0007300000000000002
73.55689014999899,0.09250000000000004,75.00000000000001,0.0007300000000000002
73.57357349999899,0.09250000000000004,75.00000000000001,0.0007300000000000002
73.59025684999898,0.09250000000000004,75.00000000000001,0.0007300000000000002
73.60694019999897,0.09250000000000004,75.00000000000001,0.0007300000000000002
73.62362354999897,0.09250000000000004,75.00000000000001,0.0007300000000000002
73.64030689999896,0.09250000000000004,75.00000000000001,0.0007300000000000002
73.65699024999896,0.09250000000000004,75.00000000000001,0.0007300000000000002
73.67367359999895,0.09250000000000004,75.00000000000001,0.0007300000000000002
73.69035694999894,0.09250000000000004,75.00000000000001,0.0007300000000000002
73.70704029999894,0.09250000000000004,75.00000000000001,0.0007300000000000002
73.72372364999893,0.09250000000000004,75.00000000000001,0.0007300000000000002
73.74040699999892,0.09250000000000004,75.00000000000001,0.0007300000000000002
73.75709034999892,0.09250000000000004,75.00000000000001,0.0007300000000000002
73.77377369999891,0.09250000000000004,75.00000000000001,0.0007300000000000002
73.7904570499989,0.09250000000000004,75.00000000000001,0.0007300000000000002
73.8071403999989,0.09250000000000004,75.00000000000001,0.0007300000000000002
73.8238237499989,0.09250000000000004,75.00000000000001,0.0007300000000000002
73.84050709999889,0.09250000000000004,75.00000000000001,0.0007300000000000002
73.85719044999888,0.09250000000000004,75.00000000000001,0.0007300000000000002
73.87387379999888,0.09250000000000004,75.00000000000001,0.0007300000000000002
73.89055714999887,0.09250000000000004,75.00000000000001,0.0007300000000000002
73.90724049999886,0.09250000000000004,75.00000000000001,0.0007300000000000002
73.92392384999886,0.09250000000000004,75.00000000000001,0.0007300000000000002
73.94060719999885,0.09250000000000004,75.00000000000001,0.0007300000000000002
73.95729054999885,0.09250000000000004,75.00000000000001,0.0007300000000000002
73.97397389999884,0.09250000000000004,75.00000000000001,0.0007300000000000002
73.99065724999883,0.09250000000000004,75.00000000000001,0.0007300000000000002
74.00734059999883,0.09250000000000004,75.00000000000001,0.0007300000000000002
74.02402394999882,0.09250000000000004,75.00000000000001,0.0007300000000000002
74.04070729999881,0.09250000000000004,75.00000000000001,0.0007300000000000002
74.05739064999881,0.09250000000000004,75.00000000000001,0.0007300000000000002
74.0740739999988,0.09250000000000004,75.00000000000001,0.0007300000000000002
74.0907573499988,0.09250000000000004,75.00000000000001,0.0007300000000000002
74.10744069999879,0.09250000000000004,75.00000000000001,0.0007300000000000002
74.12412404999878,0.09250000000000004,75.00000000000001,0.0007300000000000002
74.14080739999878,0.09250000000000004,75.00000000000001,0.0007300000000000002
74.15749074999877,0.09250000000000004,75.00000000000001,0.0007300000000000002
74.17417409999877,0.09250000000000004,75.00000000000001,0.0007300000000000002
74.19085744999876,0.09250000000000004,75.00000000000001,0.0007300000000000002
74.20754079999875,0.09250000000000004,75.00000000000001,0.0007300000000000002
74.22422414999875,0.09250000000000004,75.00000000000001,0.0007300000000000002
74.24090749999874,0.09250000000000004,75.00000000000001,0.0007300000000000002
74.25759084999873,0.09250000000000004,75.00000000000001,0.0007300000000000002
74.27427419999873,0.09250000000000004,75.00000000000001,0.0007300000000000002
74.29095754999872,0.09250000000000004,75.00000000000001,0.0007300000000000002
74.30764089999872,0.09250000000000004,75.00000000000001,0.0007300000000000002
74.32432424999871,0.09250000000000004,75.00000000000001,0.0007300000000000002
74.3410075999987,0.09250000000000004,75.00000000000001,0.0007300000000000002
74.3576909499987,0.09250000000000004,75.00000000000001,0.0007300000000000002
74.37437429999869,0.09250000000000004,75.00000000000001,0.0007300000000000002
74.39105764999869,0.09250000000000004,75.00000000000001,0.0007300000000000002
74.40774099999868,0.09250000000000004,75.00000000000001,0.0007300000000000002
74.42442434999867,0.09250000000000004,75.00000000000001,0.0007300000000000002
74.44110769999867,0.09250000000000004,75.00000000000001,0.0007300000000000002
74.45779104999866,0.09250000000000004,75.00000000000001,0.0007300000000000002
74.47447439999866,0.09250000000000004,75.00000000000001,0.0007300000000000002
74.49115774999865,0.09250000000000004,75.00000000000001,0.0007300000000000002
74.50784109999864,0.09250000000000004,75.00000000000001,0.0007300000000000002
74.52452444999864,0.09250000000000004,75.00000000000001,0.0007300000000000002
74.54120779999863,0.09250000000000004,75.00000000000001,0.0007300000000000002
74.55789114999862,0.09250000000000004,75.00000000000001,0.0007300000000000002
74.57457449999862,0.09250000000000004,75.00000000000001,0.0007300000000000002
74.59125784999861,0.09250000000000004,75.00000000000001,0.0007300000000000002
74.6079411999986,0.09250000000000004,75.00000000000001,0.0007300000000000002
74.6246245499986,0.09250000000000004,75.00000000000001,0.0007300000000000002
74.6413078999986,0.09250000000000004,75.00000000000001,0.0007300000000000002
74.65799124999859,0.09250000000000004,75.00000000000001,0.0007300000000000002
74.67467459999858,0.09250000000000004,75.00000000000001,0.0007300000000000002
74.69135794999858,0.09250000000000004,75.00000000000001,0.0007300000000000002
74.70804129999857,0.09250000000000004,75.00000000000001,0.0007300000000000002
74.72472464999856,0.09250000000000004,75.00000000000001,0.0007300000000000002
74.74140799999856,0.09250000000000004,75.00000000000001,0.0007300000000000002
74.75809134999855,0.09250000000000004,75.00000000000001,0.0007300000000000002
74.77477469999855,0.09250000000000004,75.00000000000001,0.0007300000000000002
74.79145804999854,0.09250000000000004,75.00000000000001,0.0007300000000000002
74.80814139999853,0.09250000000000004,75.00000000000001,0.0007300000000000002
74.82482474999853,0.09250000000000004,75.00000000000001,0.0007300000000000002
74.84150809999852,0.09250000000000004,75.00000000000001,0.0007300000000000002
74.85819144999851,0.09250000000000004,75.00000000000001,0.0007300000000000002
74.87487479999851,0.09250000000000004,75.00000000000001,0.0007300000000000002
74.8915581499985,0.09250000000000004,75.00000000000001,0.0007300000000000002
74.9082414999985,0.09250000000000004,75.00000000000001,0.0007300000000000002
74.92492484999849,0.09250000000000004,75.00000000000001,0.0007300000000000002
74.94160819999848,0.09250000000000004,75.00000000000001,0.0007300000000000002
74.95829154999848,0.09250000000000004,75.00000000000001,0.0007300000000000002
74.97497489999847,0.09250000000000004,75.00000000000001,0.0007300000000000002
74.99165824999847,0.09250000000000004,75.00000000000001,0.0007300000000000002
75.00834159999846,0.09250000000000004,75.00000000000001,0.0007300000000000002
75.02502494999845,0.09250000000000004,75.00000000000001,0.0007300000000000002
75.04170829999845,0.09250000000000004,75.00000000000001,0.0007300000000000002
75.05839164999844,0.09250000000000004,75.00000000000001,0.0007300000000000002
75.07507499999844,0.09250000000000004,75.00000000000001,0.0007300000000000002
75.09175834999843,0.09250000000000004,75.00000000000001,0.0007300000000000002
75.10844169999842,0.09250000000000004,75.00000000000001,0.0007300000000000002
75.12512504999842,0.09250000000000004,75.00000000000001,0.0007300000000000002
75.14180839999841,0.09250000000000004,75.00000000000001,0.0007300000000000002
75.1584917499984,0.09250000000000004,75.00000000000001,0.0007300000000000002
75.1751750999984,0.09250000000000004,75.00000000000001,0.0007300000000000002
75.19185844999839,0.09250000000000004,75.00000000000001,0.0007300000000000002
75.20854179999839,0.09250000000000004,75.00000000000001,0.0007300000000000002
75.22522514999838,0.09250000000000004,75.00000000000001,0.0007300000000000002
75.24190849999837,0.09250000000000004,75.00000000000001,0.0007300000000000002
75.25859184999837,0.09250000000000004,75.00000000000001,0.0007300000000000002
75.27527519999836,0.09250000000000004,75.00000000000001,0.0007300000000000002
75.29195854999836,0.09250000000000004,75.00000000000001,0.0007300000000000002
75.30864189999835,0.09250000000000004,75.00000000000001,0.0007300000000000002
75.32532524999834,0.09250000000000004,75.00000000000001,0.0007300000000000002
75.34200859999834,0.09250000000000004,75.00000000000001,0.0007300000000000002
75.35869194999833,0.09250000000000004,75.00000000000001,0.0007300000000000002
75.37537529999832,0.09250000000000004,75.00000000000001,0.0007300000000000002
75.39205864999832,0.09250000000000004,75.00000000000001,0.0007300000000000002
75.40874199999831,0.09250000000000004,75.00000000000001,0.0007300000000000002
75.4254253499983,0.09250000000000004,75.00000000000001,0.0007300000000000002
75.4421086999983,0.09250000000000004,75.00000000000001,0.0007300000000000002
75.4587920499983,0.09250000000000004,75.00000000000001,0.0007300000000000002
75.47547539999829,0.09250000000000004,75.00000000000001,0.0007300000000000002
75.49215874999828,0.09250000000000004,75.00000000000001,0.0007300000000000002
75.50884209999828,0.09250000000000004,75.00000000000001,0.0007300000000000002
75.52552544999827,0.09250000000000004,75.00000000000001,0.0007300000000000002
75.54220879999826,0.09250000000000004,75.00000000000001,0.0007300000000000002
75.55889214999826,0.09250000000000004,75.00000000000001,0.0007300000000000002
75.57557549999825,0.09250000000000004,75.00000000000001,0.0007300000000000002
75.59225884999825,0.09250000000000004,75.00000000000001,0.0007300000000000002
75.60894219999824,0.09250000000000004,75.00000000000001,0.0007300000000000002
75.62562554999823,0.09250000000000004,75.00000000000001,0.0007300000000000002
75.64230889999823,0.09250000000000004,75.00000000000001,0.0007300000000000002
75.65899224999822,0.09250000000000004,75.00000000000001,0.0007300000000000002
75.67567559999821,0.09250000000000004,75.00000000000001,0.0007300000000000002
75.69235894999821,0.09250000000000004,75.00000000000001,0.0007300000000000002
75.7090422999982,0.09250000000000004,75.00000000000001,0.0007300000000000002
75.7257256499982,0.09250000000000004,75.00000000000001,0.0007300000000000002
75.74240899999819,0.09250000000000004,75.00000000000001,0.0007300000000000002
75.75909234999818,0.09250000000000004,75.00000000000001,0.0007300000000000002
75.77577569999818,0.09250000000000004,75.00000000000001,0.0007300000000000002
75.79245904999817,0.09250000000000004,75.00000000000001,0.0007300000000000002
75.80914239999817,0.09250000000000004,75.00000000000001,0.0007300000000000002
75.82582574999816,0.09250000000000004,75.00000000000001,0.0007300000000000002
75.84250909999815,0.09250000000000004,75.00000000000001,0.0007300000000000002
75.85919244999815,0.09250000000000004,75.00000000000001,0.0007300000000000002
75.87587579999814,0.09250000000000004,75.00000000000001,0.0007300000000000002
75.89255914999814,0.09250000000000004,75.00000000000001,0.0007300000000000002
75.90924249999813,0.09250000000000004,75.00000000000001,0.0007300000000000002
75.92592584999812,0.09250000000000004,75.00000000000001,0.0007300000000000002
75.94260919999812,0.09250000000000004,75.00000000000001,0.0007300000000000002
75.95929254999811,0.09250000000000004,75.00000000000001,0.0007300000000000002
75.9759758999981,0.09250000000000004,75.00000000000001,0.0007300000000000002
75.9926592499981,0.09250000000000004,75.00000000000001,0.0007300000000000002
76.00934259999809,0.09250000000000004,75.00000000000001,0.0007300000000000002
76.02602594999809,0.09250000000000004,75.00000000000001,0.0007300000000000002
76.04270929999808,0.09250000000000004,75.00000000000001,0.0007300000000000002
76.05939264999807,0.09250000000000004,75.00000000000001,0.0007300000000000002
76.07607599999807,0.09250000000000004,75.00000000000001,0.0007300000000000002
76.09275934999806,0.09250000000000004,75.00000000000001,0.0007300000000000002
76.10944269999806,0.09250000000000004,75.00000000000001,0.0007300000000000002
76.12612604999805,0.09250000000000004,75.00000000000001,0.0007300000000000002
76.14280939999804,0.09250000000000004,75.00000000000001,0.0007300000000000002
76.15949274999804,0.09250000000000004,75.00000000000001,0.0007300000000000002
76.17617609999803,0.09250000000000004,75.00000000000001,0.0007300000000000002
76.19285944999802,0.09250000000000004,75.00000000000001,0.0007300000000000002
76.20954279999802,0.09250000000000004,75.00000000000001,0.0007300000000000002
76.22622614999801,0.09250000000000004,75.00000000000001,0.0007300000000000002
76.242909499998,0.09250000000000004,75.00000000000001,0.0007300000000000002
76.259592849998,0.09250000000000004,75.00000000000001,0.0007300000000000002
76.276276199998,0.09250000000000004,75.00000000000001,0.0007300000000000002
76.29295954999799,0.09250000000000004,75.00000000000001,0.0007300000000000002
76.30964289999798,0.09250000000000004,75.00000000000001,0.0007300000000000002
76.32632624999798,0.09250000000000004,75.00000000000001,0.0007300000000000002
76.34300959999797,0.09250000000000004,75.00000000000001,0.0007300000000000002
76.35969294999796,0.09250000000000004,75.00000000000001,0.0007300000000000002
76.37637629999796,0.09250000000000004,75.00000000000001,0.0007300000000000002
76.39305964999795,0.09250000000000004,75.00000000000001,0.0007300000000000002
76.40974299999795,0.09250000000000004,75.00000000000001,0.0007300000000000002
76.42642634999794,0.09250000000000004,75.00000000000001,0.0007300000000000002
76.44310969999793,0.09250000000000004,75.00000000000001,0.0007300000000000002
76.45979304999793,0.09250000000000004,75.00000000000001,0.0007300000000000002
76.47647639999792,0.09250000000000004,75.00000000000001,0.0007300000000000002
76.49315974999791,0.09250000000000004,75.00000000000001,0.0007300000000000002
76.50984309999791,0.09250000000000004,75.00000000000001,0.0007300000000000002
76.5265264499979,0.09250000000000004,75.00000000000001,0.0007300000000000002
76.5432097999979,0.09250000000000004,75.00000000000001,0.0007300000000000002
76.55989314999789,0.09250000000000004,75.00000000000001,0.0007300000000000002
76.57657649999788,0.09250000000000004,75.00000000000001,0.0007300000000000002
76.59325984999788,0.09250000000000004,75.00000000000001,0.0007300000000000002
76.60994319999787,0.09250000000000004,75.00000000000001,0.0007300000000000002
76.62662654999787,0.09250000000000004,75.00000000000001,0.0007300000000000002
76.64330989999786,0.09250000000000004,75.00000000000001,0.0007300000000000002
76.65999324999785,0.09250000000000004,75.00000000000001,0.0007300000000000002
76.67667659999785,0.09250000000000004,75.00000000000001,0.0007300000000000002
76.69335994999784,0.09250000000000004,75.00000000000001,0.0007300000000000002
76.71004329999784,0.09250000000000004,75.00000000000001,0.0007300000000000002
76.72672664999783,0.09250000000000004,75.00000000000001,0.0007300000000000002
76.74340999999782,0.09250000000000004,75.00000000000001,0.0007300000000000002
76.76009334999782,0.09250000000000004,75.00000000000001,0.0007300000000000002
76.77677669999781,0.09250000000000004,75.00000000000001,0.0007300000000000002
76.7934600499978,0.09250000000000004,75.00000000000001,0.0007300000000000002
76.8101433999978,0.09250000000000004,75.00000000000001,0.0007300000000000002
76.82682674999779,0.09250000000000004,75.00000000000001,0.0007300000000000002
76.84351009999779,0.09250000000000004,75.00000000000001,0.0007300000000000002
76.86019344999778,0.09250000000000004,75.00000000000001,0.0007300000000000002
76.87687679999777,0.09250000000000004,75.00000000000001,0.0007300000000000002
76.89356014999777,0.09250000000000004,75.00000000000001,0.0007300000000000002
76.91024349999776,0.09250000000000004,75.00000000000001,0.0007300000000000002
76.92692684999776,0.09250000000000004,75.00000000000001,0.0007300000000000002
76.94361019999775,0.09250000000000004,75.00000000000001,0.0007300000000000002
76.96029354999774,0.09250000000000004,75.00000000000001,0.0007300000000000002
76.97697689999774,0.09250000000000004,75.00000000000001,0.0007300000000000002
76.99366024999773,0.09250000000000004,75.00000000000001,0.0007300000000000002
77.01034359999773,0.09250000000000004,75.00000000000001,0.0007300000000000002
77.02702694999772,0.09250000000000004,75.00000000000001,0.0007300000000000002
77.04371029999771,0.09250000000000004,75.00000000000001,0.0007300000000000002
77.0603936499977,0.09250000000000004,75.00000000000001,0.0007300000000000002
77.0770769999977,0.09250000000000004,75.00000000000001,0.0007300000000000002
77.0937603499977,0.09250000000000004,75.00000000000001,0.0007300000000000002
77.11044369999769,0.09250000000000004,75.00000000000001,0.0007300000000000002
77.12712704999768,0.09250000000000004,75.00000000000001,0.0007300000000000002
77.14381039999768,0.09250000000000004,75.00000000000001,0.0007300000000000002
77.16049374999767,0.09250000000000004,75.00000000000001,0.0007300000000000002
77.17717709999766,0.09250000000000004,75.00000000000001,0.0007300000000000002
77.19386044999766,0.09250000000000004,75.00000000000001,0.0007300000000000002
77.21054379999765,0.09250000000000004,75.00000000000001,0.0007300000000000002
77.22722714999765,0.09250000000000004,75.00000000000001,0.0007300000000000002
77.24391049999764,0.09250000000000004,75.00000000000001,0.0007300000000000002
77.26059384999763,0.09250000000000004,75.00000000000001,0.0007300000000000002
77.27727719999763,0.09250000000000004,75.00000000000001,0.0007300000000000002
77.29396054999762,0.09250000000000004,75.00000000000001,0.0007300000000000002
77.31064389999761,0.09250000000000004,75.00000000000001,0.0007300000000000002
77.32732724999761,0.09250000000000004,75.00000000000001,0.0007300000000000002
77.3440105999976,0.09250000000000004,75.00000000000001,0.0007300000000000002
77.3606939499976,0.09250000000000004,75.00000000000001,0.0007300000000000002
77.37737729999759,0.09250000000000004,75.00000000000001,0.0007300000000000002
77.39406064999758,0.09250000000000004,75.00000000000001,0.0007300000000000002
77.41074399999758,0.09250000000000004,75.00000000000001,0.0007300000000000002
77.42742734999757,0.09250000000000004,75.00000000000001,0.0007300000000000002
77.44411069999757,0.09250000000000004,75.00000000000001,0.0007300000000000002
77.46079404999756,0.09250000000000004,75.00000000000001,0.0007300000000000002
77.47747739999755,0.09250000000000004,75.00000000000001,0.0007300000000000002
77.49416074999755,0.09250000000000004,75.00000000000001,0.0007300000000000002
77.51084409999754,0.09250000000000004,75.00000000000001,0.0007300000000000002
77.52752744999754,0.09250000000000004,75.00000000000001,0.0007300000000000002
77.54421079999753,0.09250000000000004,75.00000000000001,0.0007300000000000002
77.56089414999752,0.09250000000000004,75.00000000000001,0.0007300000000000002
77.57757749999752,0.09250000000000004,75.00000000000001,0.0007300000000000002
77.59426084999751,0.09250000000000004,75.00000000000001,0.0007300000000000002
77.6109441999975,0.09250000000000004,75.00000000000001,0.0007300000000000002
77.6276275499975,0.09250000000000004,75.00000000000001,0.0007300000000000002
77.64431089999749,0.09250000000000004,75.00000000000001,0.0007300000000000002
77.66099424999749,0.09250000000000004,75.00000000000001,0.0007300000000000002
77.67767759999748,0.09250000000000004,75.00000000000001,0.0007300000000000002
77.69436094999747,0.09250000000000004,75.00000000000001,0.0007300000000000002
77.71104429999747,0.09250000000000004,75.00000000000001,0.0007300000000000002
77.72772764999746,0.09250000000000004,75.00000000000001,0.0007300000000000002
77.74441099999746,0.09250000000000004,75.00000000000001,0.0007300000000000002
77.76109434999745,0.09250000000000004,75.00000000000001,0.0007300000000000002
77.77777769999744,0.09250000000000004,75.00000000000001,0.0007300000000000002
77.79446104999744,0.09250000000000004,75.00000000000001,0.0007300000000000002
77.81114439999743,0.09250000000000004,75.00000000000001,0.0007300000000000002
77.82782774999743,0.09250000000000004,75.00000000000001,0.0007300000000000002
77.84451109999742,0.09250000000000004,75.00000000000001,0.0007300000000000002
77.86119444999741,0.09250000000000004,75.00000000000001,0.0007300000000000002
77.8778777999974,0.09250000000000004,75.00000000000001,0.0007300000000000002
77.8945611499974,0.09250000000000004,75.00000000000001,0.0007300000000000002
77.9112444999974,0.09250000000000004,75.00000000000001,0.0007300000000000002
77.92792784999739,0.09250000000000004,75.00000000000001,0.0007300000000000002
77.94461119999738,0.09250000000000004,75.00000000000001,0.0007300000000000002
77.96129454999738,0.09250000000000004,75.00000000000001,0.0007300000000000002
77.97797789999737,0.09250000000000004,75.00000000000001,0.0007300000000000002
77.99466124999736,0.09250000000000004,75.00000000000001,0.0007300000000000002
78.01134459999736,0.09250000000000004,75.00000000000001,0.0007300000000000002
78.02802794999735,0.09250000000000004,75.00000000000001,0.0007300000000000002
78.04471129999735,0.09250000000000004,75.00000000000001,0.0007300000000000002
78.06139464999734,0.09250000000000004,75.00000000000001,0.0007300000000000002
78.07807799999733,0.09250000000000004,75.00000000000001,0.0007300000000000002
78.09476134999733,0.09250000000000004,75.00000000000001,0.0007300000000000002
78.11144469999732,0.09250000000000004,75.00000000000001,0.0007300000000000002
78.12812804999731,0.09250000000000004,75.00000000000001,0.0007300000000000002
78.14481139999731,0.09250000000000004,75.00000000000001,0.0007300000000000002
78.1614947499973,0.09250000000000004,75.00000000000001,0.0007300000000000002
78.1781780999973,0.09250000000000004,75.00000000000001,0.0007300000000000002
78.19486144999729,0.09250000000000004,75.00000000000001,0.0007300000000000002
78.21154479999728,0.09250000000000004,75.00000000000001,0.0007300000000000002
78.22822814999728,0.09250000000000004,75.00000000000001,0.0007300000000000002
78.24491149999727,0.09250000000000004,75.00000000000001,0.0007300000000000002
78.26159484999727,0.09250000000000004,75.00000000000001,0.0007300000000000002
78.27827819999726,0.09250000000000004,75.00000000000001,0.0007300000000000002
78.29496154999725,0.09250000000000004,75.00000000000001,0.0007300000000000002
78.31164489999725,0.09250000000000004,75.00000000000001,0.0007300000000000002
78.32832824999724,0.09250000000000004,75.00000000000001,0.0007300000000000002
78.34501159999724,0.09250000000000004,75.00000000000001,0.0007300000000000002
78.36169494999723,0.09250000000000004,75.00000000000001,0.0007300000000000002
78.37837829999722,0.09250000000000004,75.00000000000001,0.0007300000000000002
78.39506164999722,0.09250000000000004,75.00000000000001,0.0007300000000000002
78.41174499999721,0.09250000000000004,75.00000000000001,0.0007300000000000002
78.4284283499972,0.09250000000000004,75.00000000000001,0.0007300000000000002
78.4451116999972,0.09250000000000004,75.00000000000001,0.0007300000000000002
78.46179504999719,0.09250000000000004,75.00000000000001,0.0007300000000000002
78.47847839999719,0.09250000000000004,75.00000000000001,0.0007300000000000002
78.49516174999718,0.09250000000000004,75.00000000000001,0.0007300000000000002
78.51184509999717,0.09250000000000004,75.00000000000001,0.0007300000000000002
78.52852844999717,0.09250000000000004,75.00000000000001,0.0007300000000000002
78.54521179999716,0.09250000000000004,75.00000000000001,0.0007300000000000002
78.56189514999716,0.09250000000000004,75.00000000000001,0.0007300000000000002
78.57857849999715,0.09250000000000004,75.00000000000001,0.0007300000000000002
78.59526184999714,0.09250000000000004,75.00000000000001,0.0007300000000000002
78.61194519999714,0.09250000000000004,75.00000000000001,0.0007300000000000002
78.62862854999713,0.09250000000000004,75.00000000000001,0.0007300000000000002
78.64531189999713,0.09250000000000004,75.00000000000001,0.0007300000000000002
78.66199524999712,0.09250000000000004,75.00000000000001,0.0007300000000000002
78.67867859999711,0.09250000000000004,75.00000000000001,0.0007300000000000002
78.6953619499971,0.09250000000000004,75.00000000000001,0.0007300000000000002
78.7120452999971,0.09250000000000004,75.00000000000001,0.0007300000000000002
78.7287286499971,0.09250000000000004,75.00000000000001,0.0007300000000000002
78.74541199999709,0.09250000000000004,75.00000000000001,0.0007300000000000002
78.76209534999708,0.09250000000000004,75.00000000000001,0.0007300000000000002
78.77877869999708,0.09250000000000004,75.00000000000001,0.0007300000000000002
78.79546204999707,0.09250000000000004,75.00000000000001,0.0007300000000000002
78.81214539999706,0.09250000000000004,75.00000000000001,0.0007300000000000002
78.82882874999706,0.09250000000000004,75.00000000000001,0.0007300000000000002
78.84551209999705,0.09250000000000004,75.00000000000001,0.0007300000000000002
78.86219544999705,0.09250000000000004,75.00000000000001,0.0007300000000000002
78.87887879999704,0.09250000000000004,75.00000000000001,0.0007300000000000002
78.89556214999703,0.09250000000000004,75.00000000000001,0.0007300000000000002
78.91224549999703,0.09250000000000004,75.00000000000001,0.0007300000000000002
78.92892884999702,0.09250000000000004,75.00000000000001,0.0007300000000000002
78.94561219999702,0.09250000000000004,75.00000000000001,0.0007300000000000002
78.96229554999701,0.09250000000000004,75.00000000000001,0.0007300000000000002
78.978978899997,0.09250000000000004,75.00000000000001,0.0007300000000000002
78.995662249997,0.09250000000000004,75.00000000000001,0.0007300000000000002
79.01234559999699,0.09250000000000004,75.00000000000001,0.0007300000000000002
79.02902894999698,0.09250000000000004,75.00000000000001,0.0007300000000000002
79.04571229999698,0.09250000000000004,75.00000000000001,0.0007300000000000002
79.06239564999697,0.09250000000000004,75.00000000000001,0.0007300000000000002
79.07907899999697,0.09250000000000004,75.00000000000001,0.0007300000000000002
79.09576234999696,0.09250000000000004,75.00000000000001,0.0007300000000000002
79.11244569999695,0.09250000000000004,75.00000000000001,0.0007300000000000002
79.12912904999695,0.09250000000000004,75.00000000000001,0.0007300000000000002
79.14581239999694,0.09250000000000004,75.00000000000001,0.0007300000000000002
79.16249574999694,0.09250000000000004,75.00000000000001,0.0007300000000000002
79.17917909999693,0.09250000000000004,75.00000000000001,0.0007300000000000002
79.19586244999692,0.09250000000000004,75.00000000000001,0.0007300000000000002
79.21254579999692,0.09250000000000004,75.00000000000001,0.0007300000000000002
79.22922914999691,0.09250000000000004,75.00000000000001,0.0007300000000000002
79.2459124999969,0.09250000000000004,75.00000000000001,0.0007300000000000002
79.2625958499969,0.09250000000000004,75.00000000000001,0.0007300000000000002
79.27927919999689,0.09250000000000004,75.00000000000001,0.0007300000000000002
79.29596254999689,0.09250000000000004,75.00000000000001,0.0007300000000000002
79.31264589999688,0.09250000000000004,75.00000000000001,0.0007300000000000002
79.32932924999687,0.09250000000000004,75.00000000000001,0.0007300000000000002
79.34601259999687,0.09250000000000004,75.00000000000001,0.0007300000000000002
79.36269594999686,0.09250000000000004,75.00000000000001,0.0007300000000000002
79.37937929999686,0.09250000000000004,75.00000000000001,0.0007300000000000002
79.39606264999685,0.09250000000000004,75.00000000000001,0.0007300000000000002
79.41274599999684,0.09250000000000004,75.00000000000001,0.0007300000000000002
79.42942934999684,0.09250000000000004,75.00000000000001,0.0007300000000000002
79.44611269999683,0.09250000000000004,75.00000000000001,0.0007300000000000002
79.46279604999683,0.09250000000000004,75.00000000000001,0.0007300000000000002
79.47947939999682,0.09250000000000004,75.00000000000001,0.0007300000000000002
79.49616274999681,0.09250000000000004,75.00000000000001,0.0007300000000000002
79.5128460999968,0.09250000000000004,75.00000000000001,0.0007300000000000002
79.5295294499968,0.09250000000000004,75.00000000000001,0.0007300000000000002
79.5462127999968,0.09250000000000004,75.00000000000001,0.0007300000000000002
79.56289614999679,0.09250000000000004,75.00000000000001,0.0007300000000000002
79.57957949999678,0.09250000000000004,75.00000000000001,0.0007300000000000002
79.59626284999678,0.09250000000000004,75.00000000000001,0.0007300000000000002
79.61294619999677,0.09250000000000004,75.00000000000001,0.0007300000000000002
79.62962954999676,0.09250000000000004,75.00000000000001,0.0007300000000000002
79.64631289999676,0.09250000000000004,75.00000000000001,0.0007300000000000002
79.66299624999675,0.09250000000000004,75.00000000000001,0.0007300000000000002
79.67967959999675,0.09250000000000004,75.00000000000001,0.0007300000000000002
79.69636294999674,0.09250000000000004,75.00000000000001,0.0007300000000000002
79.71304629999673,0.09250000000000004,75.00000000000001,0.0007300000000000002
79.72972964999673,0.09250000000000004,75.00000000000001,0.0007300000000000002
79.74641299999672,0.09250000000000004,75.00000000000001,0.0007300000000000002
79.76309634999672,0.09250000000000004,75.00000000000001,0.0007300000000000002
79.77977969999671,0.09250000000000004,75.00000000000001,0.0007300000000000002
79.7964630499967,0.09250000000000004,75.00000000000001,0.0007300000000000002
79.8131463999967,0.09250000000000004,75.00000000000001,0.0007300000000000002
79.82982974999669,0.09250000000000004,75.00000000000001,0.0007300000000000002
79.84651309999668,0.09250000000000004,75.00000000000001,0.0007300000000000002
79.86319644999668,0.09250000000000004,75.00000000000001,0.0007300000000000002
79.87987979999667,0.09250000000000004,75.00000000000001,0.0007300000000000002
79.89656314999667,0.09250000000000004,75.00000000000001,0.0007300000000000002
79.91324649999666,0.09250000000000004,75.00000000000001,0.0007300000000000002
79.92992984999665,0.09250000000000004,75.00000000000001,0.0007300000000000002
79.94661319999665,0.09250000000000004,75.00000000000001,0.0007300000000000002
79.96329654999664,0.09250000000000004,75.00000000000001,0.0007300000000000002
79.97997989999664,0.09250000000000004,75.00000000000001,0.0007300000000000002
79.99666324999663,0.09250000000000004,75.00000000000001,0.0007300000000000002
80.01334659999662,0.09250000000000004,75.00000000000001,0.0007300000000000002
80.03002994999662,0.09250000000000004,75.00000000000001,0.0007300000000000002
80.04671329999661,0.09250000000000004,75.00000000000001,0.0007300000000000002
80.0633966499966,0.09250000000000004,75.00000000000001,0.0007300000000000002
80.0800799999966,0.09250000000000004,75.00000000000001,0.0007300000000000002
80.09676334999659,0.09250000000000004,75.00000000000001,0.0007300000000000002
80.11344669999659,0.09250000000000004,75.00000000000001,0.0007300000000000002
80.13013004999658,0.09250000000000004,75.00000000000001,0.0007300000000000002
80.14681339999657,0.09250000000000004,75.00000000000001,0.0007300000000000002
80.16349674999657,0.09250000000000004,75.00000000000001,0.0007300000000000002
80.18018009999656,0.09250000000000004,75.00000000000001,0.0007300000000000002
80.19686344999656,0.09250000000000004,75.00000000000001,0.0007300000000000002
80.21354679999655,0.09250000000000004,75.00000000000001,0.0007300000000000002
80.23023014999654,0.09250000000000004,75.00000000000001,0.0007300000000000002
80.24691349999654,0.09250000000000004,75.00000000000001,0.0007300000000000002
80.26359684999653,0.09250000000000004,75.00000000000001,0.0007300000000000002
80.28028019999653,0.09250000000000004,75.00000000000001,0.0007300000000000002
80.29696354999652,0.09250000000000004,75.00000000000001,0.0007300000000000002
80.31364689999651,0.09250000000000004,75.00000000000001,0.0007300000000000002
80.3303302499965,0.09250000000000004,75.00000000000001,0.0007300000000000002
80.3470135999965,0.09250000000000004,75.00000000000001,0.0007300000000000002
80.3636969499965,0.09250000000000004,75.00000000000001,0.0007300000000000002
80.38038029999649,0.09250000000000004,75.00000000000001,0.0007300000000000002
80.39706364999648,0.09250000000000004,75.00000000000001,0.0007300000000000002
80.41374699999648,0.09250000000000004,75.00000000000001,0.0007300000000000002
80.43043034999647,0.09250000000000004,75.00000000000001,0.0007300000000000002
80.44711369999646,0.09250000000000004,75.00000000000001,0.0007300000000000002
80.46379704999646,0.09250000000000004,75.00000000000001,0.0007300000000000002
80.48048039999645,0.09250000000000004,75.00000000000001,0.0007300000000000002
80.49716374999645,0.09250000000000004,75.00000000000001,0.0007300000000000002
80.51384709999644,0.09250000000000004,75.00000000000001,0.0007300000000000002
80.53053044999643,0.09250000000000004,75.00000000000001,0.0007300000000000002
80.54721379999643,0.09250000000000004,75.00000000000001,0.0007300000000000002
80.56389714999642,0.09250000000000004,75.00000000000001,0.0007300000000000002
80.58058049999642,0.09250000000000004,75.00000000000001,0.0007300000000000002
80.59726384999641,0.09250000000000004,75.00000000000001,0.0007300000000000002
80.6139471999964,0.09250000000000004,75.00000000000001,0.0007300000000000002
80.6306305499964,0.09250000000000004,75.00000000000001,0.0007300000000000002
80.64731389999639,0.09250000000000004,75.00000000000001,0.0007300000000000002
80.66399724999638,0.09250000000000004,75.00000000000001,0.0007300000000000002
80.68068059999638,0.09250000000000004,75.00000000000001,0.0007300000000000002
80.69736394999637,0.09250000000000004,75.00000000000001,0.0007300000000000002
80.71404729999637,0.09250000000000004,75.00000000000001,0.0007300000000000002
80.73073064999636,0.09250000000000004,75.00000000000001,0.0007300000000000002
80.74741399999635,0.09250000000000004,75.00000000000001,0.0007300000000000002
80.76409734999635,0.09250000000000004,75.00000000000001,0.0007300000000000002
80.78078069999634,0.09250000000000004,75.00000000000001,0.0007300000000000002
80.79746404999634,0.09250000000000004,75.00000000000001,0.0007300000000000002
80.81414739999633,0.09250000000000004,75.00000000000001,0.0007300000000000002
80.83083074999632,0.09250000000000004,75.00000000000001,0.0007300000000000002
80.84751409999632,0.09250000000000004,75.00000000000001,0.0007300000000000002
80.86419744999631,0.09250000000000004,75.00000000000001,0.0007300000000000002
80.8808807999963,0.09250000000000004,75.00000000000001,0.0007300000000000002
80.8975641499963,0.09250000000000004,75.00000000000001,0.0007300000000000002
80.91424749999629,0.09250000000000004,75.00000000000001,0.0007300000000000002
80.93093084999629,0.09250000000000004,75.00000000000001,0.0007300000000000002
80.94761419999628,0.09250000000000004,75.00000000000001,0.0007300000000000002
80.96429754999627,0.09250000000000004,75.00000000000001,0.0007300000000000002
80.98098089999627,0.09250000000000004,75.00000000000001,0.0007300000000000002
80.99766424999626,0.09250000000000004,75.00000000000001,0.0007300000000000002
81.01434759999626,0.09250000000000004,75.00000000000001,0.0007300000000000002
81.03103094999625,0.09250000000000004,75.00000000000001,0.0007300000000000002
81.04771429999624,0.09250000000000004,75.00000000000001,0.0007300000000000002
81.06439764999624,0.09250000000000004,75.00000000000001,0.0007300000000000002
81.08108099999623,0.09250000000000004,75.00000000000001,0.0007300000000000002
81.09776434999623,0.09250000000000004,75.00000000000001,0.0007300000000000002
81.11444769999622,0.09250000000000004,75.00000000000001,0.0007300000000000002
81.13113104999621,0.09250000000000004,75.00000000000001,0.0007300000000000002
81.14781439999621,0.09250000000000004,75.00000000000001,0.0007300000000000002
81.1644977499962,0.09250000000000004,75.00000000000001,0.0007300000000000002
81.1811810999962,0.09250000000000004,75.00000000000001,0.0007300000000000002
81.19786444999619,0.09250000000000004,75.00000000000001,0.0007300000000000002
81.21454779999618,0.09250000000000004,75.00000000000001,0.0007300000000000002
81.23123114999618,0.09250000000000004,75.00000000000001,0.0007300000000000002
81.24791449999617,0.09250000000000004,75.00000000000001,0.0007300000000000002
81.26459784999616,0.09250000000000004,75.00000000000001,0.0007300000000000002
81.28128119999616,0.09250000000000004,75.00000000000001,0.0007300000000000002
81.29796454999615,0.09250000000000004,75.00000000000001,0.0007300000000000002
81.31464789999615,0.09250000000000004,75.00000000000001,0.0007300000000000002
81.33133124999614,0.09250000000000004,75.00000000000001,0.0007300000000000002
81.34801459999613,0.09250000000000004,75.00000000000001,0.0007300000000000002
81.36469794999613,0.09250000000000004,75.00000000000001,0.0007300000000000002
81.38138129999612,0.09250000000000004,75.00000000000001,0.0007300000000000002
81.39806464999612,0.09250000000000004,75.00000000000001,0.0007300000000000002
81.41474799999611,0.09250000000000004,75.00000000000001,0.0007300000000000002
81.4314313499961,0.09250000000000004,75.00000000000001,0.0007300000000000002
81.4481146999961,0.09250000000000004,75.00000000000001,0.0007300000000000002
81.46479804999609,0.09250000000000004,75.00000000000001,0.0007300000000000002
81.48148139999608,0.09250000000000004,75.00000000000001,0.0007300000000000002
81.49816474999608,0.09250000000000004,75.00000000000001,0.0007300000000000002
81.51484809999607,0.09250000000000004,75.00000000000001,0.0007300000000000002
81.53153144999607,0.09250000000000004,75.00000000000001,0.0007300000000000002
81.54821479999606,0.09250000000000004,75.00000000000001,0.0007300000000000002
81.56489814999605,0.09250000000000004,75.00000000000001,0.0007300000000000002
81.58158149999605,0.09250000000000004,75.00000000000001,0.0007300000000000002
81.59826484999604,0.09250000000000004,75.00000000000001,0.0007300000000000002
81.61494819999604,0.09250000000000004,75.00000000000001,0.0007300000000000002
81.63163154999603,0.09250000000000004,75.00000000000001,0.0007300000000000002
81.64831489999602,0.09250000000000004,75.00000000000001,0.0007300000000000002
81.66499824999602,0.09250000000000004,75.00000000000001,0.0007300000000000002
81.68168159999601,0.09250000000000004,75.00000000000001,0.0007300000000000002
81.698364949996,0.09250000000000004,75.00000000000001,0.0007300000000000002
81.715048299996,0.09250000000000004,75.00000000000001,0.0007300000000000002
81.731731649996,0.09250000000000004,75.00000000000001,0.0007300000000000002
81.74841499999599,0.09250000000000004,75.00000000000001,0.0007300000000000002
81.76509834999598,0.09250000000000004,75.00000000000001,0.0007300000000000002
81.78178169999597,0.09250000000000004,75.00000000000001,0.0007300000000000002
81.79846504999597,0.09250000000000004,75.00000000000001,0.0007300000000000002
81.81514839999596,0.09250000000000004,75.00000000000001,0.0007300000000000002
81.83183174999596,0.09250000000000004,75.00000000000001,0.0007300000000000002
81.84851509999595,0.09250000000000004,75.00000000000001,0.0007300000000000002
81.86519844999594,0.09250000000000004,75.00000000000001,0.0007300000000000002
81.88188179999594,0.09250000000000004,75.00000000000001,0.0007300000000000002
81.89856514999593,0.09250000000000004,75.00000000000001,0.0007300000000000002
81.91524849999593,0.09250000000000004,75.00000000000001,0.0007300000000000002
81.93193184999592,0.09250000000000004,75.00000000000001,0.0007300000000000002
81.94861519999591,0.09250000000000004,75.00000000000001,0.0007300000000000002
81.96529854999591,0.09250000000000004,75.00000000000001,0.0007300000000000002
81.9819818999959,0.09250000000000004,75.00000000000001,0.0007300000000000002
81.9986652499959,0.09250000000000004,75.00000000000001,0.0007300000000000002
82.01534859999589,0.09250000000000004,75.00000000000001,0.0007300000000000002
82.03203194999588,0.09250000000000004,75.00000000000001,0.0007300000000000002
82.04871529999588,0.09250000000000004,75.00000000000001,0.0007300000000000002
82.06539864999587,0.09250000000000004,75.00000000000001,0.0007300000000000002
82.08208199999586,0.09250000000000004,75.00000000000001,0.0007300000000000002
82.09876534999586,0.09250000000000004,75.00000000000001,0.0007300000000000002
82.11544869999585,0.09250000000000004,75.00000000000001,0.0007300000000000002
82.13213204999585,0.09250000000000004,75.00000000000001,0.0007300000000000002
82.14881539999584,0.09250000000000004,75.00000000000001,0.0007300000000000002
82.16549874999583,0.09250000000000004,75.00000000000001,0.0007300000000000002
82.18218209999583,0.09250000000000004,75.00000000000001,0.0007300000000000002
82.19886544999582,0.09250000000000004,75.00000000000001,0.0007300000000000002
82.21554879999582,0.09250000000000004,75.00000000000001,0.0007300000000000002
82.23223214999581,0.09250000000000004,75.00000000000001,0.0007300000000000002
82.2489154999958,0.09250000000000004,75.00000000000001,0.0007300000000000002
82.2655988499958,0.09250000000000004,75.00000000000001,0.0007300000000000002
82.28228219999579,0.09250000000000004,75.00000000000001,0.0007300000000000002
82.29896554999578,0.09250000000000004,75.00000000000001,0.0007300000000000002
82.31564889999578,0.09250000000000004,75.00000000000001,0.0007300000000000002
82.33233224999577,0.09250000000000004,75.00000000000001,0.0007300000000000002
82.34901559999577,0.09250000000000004,75.00000000000001,0.0007300000000000002
82.36569894999576,0.09250000000000004,75.00000000000001,0.0007300000000000002
82.38238229999575,0.09250000000000004,75.00000000000001,0.0007300000000000002
82.39906564999575,0.09250000000000004,75.00000000000001,0.0007300000000000002
82.41574899999574,0.09250000000000004,75.00000000000001,0.0007300000000000002
82.43243234999574,0.09250000000000004,75.00000000000001,0.0007300000000000002
82.44911569999573,0.09250000000000004,75.00000000000001,0.0007300000000000002
82.46579904999572,0.09250000000000004,75.00000000000001,0.0007300000000000002
82.48248239999572,0.09250000000000004,75.00000000000001,0.0007300000000000002
82.49916574999571,0.09250000000000004,75.00000000000001,0.0007300000000000002
82.5158490999957,0.09250000000000004,75.00000000000001,0.0007300000000000002
82.5325324499957,0.09250000000000004,75.00000000000001,0.0007300000000000002
82.5492157999957,0.09250000000000004,75.00000000000001,0.0007300000000000002
82.56589914999569,0.09250000000000004,75.00000000000001,0.0007300000000000002
82.58258249999568,0.09250000000000004,75.00000000000001,0.0007300000000000002
82.59926584999567,0.09250000000000004,75.00000000000001,0.0007300000000000002
82.61594919999567,0.09250000000000004,75.00000000000001,0.0007300000000000002
82.63263254999566,0.09250000000000004,75.00000000000001,0.0007300000000000002
82.64931589999566,0.09250000000000004,75.00000000000001,0.0007300000000000002
82.66599924999565,0.09250000000000004,75.00000000000001,0.0007300000000000002
82.68268259999564,0.09250000000000004,75.00000000000001,0.0007300000000000002
82.69936594999564,0.09250000000000004,75.00000000000001,0.0007300000000000002
82.71604929999563,0.09250000000000004,75.00000000000001,0.0007300000000000002
82.73273264999563,0.09250000000000004,75.00000000000001,0.0007300000000000002
82.74941599999562,0.09250000000000004,75.00000000000001,0.0007300000000000002
82.76609934999561,0.09250000000000004,75.00000000000001,0.0007300000000000002
82.78278269999561,0.09250000000000004,75.00000000000001,0.0007300000000000002
82.7994660499956,0.09250000000000004,75.00000000000001,0.0007300000000000002
82.8161493999956,0.09250000000000004,75.00000000000001,0.0007300000000000002
82.83283274999559,0.09250000000000004,75.00000000000001,0.0007300000000000002
82.84951609999558,0.09250000000000004,75.00000000000001,0.0007300000000000002
82.86619944999558,0.09250000000000004,75.00000000000001,0.0007300000000000002
82.88288279999557,0.09250000000000004,75.00000000000001,0.0007300000000000002
82.89956614999556,0.09250000000000004,75.00000000000001,0.0007300000000000002
82.91624949999556,0.09250000000000004,75.00000000000001,0.0007300000000000002
82.93293284999555,0.09250000000000004,75.00000000000001,0.0007300000000000002
82.94961619999555,0.09250000000000004,75.00000000000001,0.0007300000000000002
82.96629954999554,0.09250000000000004,75.00000000000001,0.0007300000000000002
82.98298289999553,0.09250000000000004,75.00000000000001,0.0007300000000000002
82.99966624999553,0.09250000000000004,75.00000000000001,0.0007300000000000002
83.01634959999552,0.09250000000000004,75.00000000000001,0.0007300000000000002
83.03303294999552,0.09250000000000004,75.00000000000001,0.0007300000000000002
83.04971629999551,0.09250000000000004,75.00000000000001,0.0007300000000000002
83.0663996499955,0.09250000000000004,75.00000000000001,0.0007300000000000002
83.0830829999955,0.09250000000000004,75.00000000000001,0.0007300000000000002
83.09976634999549,0.09250000000000004,75.00000000000001,0.0007300000000000002
83.11644969999548,0.09250000000000004,75.00000000000001,0.0007300000000000002
83.13313304999548,0.09250000000000004,75.00000000000001,0.0007300000000000002
83.14981639999547,0.09250000000000004,75.00000000000001,0.0007300000000000002
83.16649974999547,0.09250000000000004,75.00000000000001,0.0007300000000000002
83.18318309999546,0.09250000000000004,75.00000000000001,0.0007300000000000002
83.19986644999545,0.09250000000000004,75.00000000000001,0.0007300000000000002
83.21654979999545,0.09250000000000004,75.00000000000001,0.0007300000000000002
83.23323314999544,0.09250000000000004,75.00000000000001,0.0007300000000000002
83.24991649999544,0.09250000000000004,75.00000000000001,0.0007300000000000002
83.26659984999543,0.09250000000000004,75.00000000000001,0.0007300000000000002
83.28328319999542,0.09250000000000004,75.00000000000001,0.0007300000000000002
83.29996654999542,0.09250000000000004,75.00000000000001,0.0007300000000000002
83.31664989999541,0.09250000000000004,75.00000000000001,0.0007300000000000002
83.3333332499954,0.09250000000000004,75.00000000000001,0.0007300000000000002
83.3500165999954,0.09250000000000004,75.00000000000001,0.0007300000000000002
83.3666999499954,0.09250000000000004,75.00000000000001,0.0007300000000000002
83.38338329999539,0.09250000000000004,75.00000000000001,0.0007300000000000002
83.40006664999538,0.09250000000000004,75.00000000000001,0.0007300000000000002
83.41674999999537,0.09250000000000004,75.00000000000001,0.0007300000000000002
83.43343334999537,0.09250000000000004,75.00000000000001,0.0007300000000000002
83.45011669999536,0.09250000000000004,75.00000000000001,0.0007300000000000002
83.46680004999536,0.09250000000000004,75.00000000000001,0.0007300000000000002
83.48348339999535,0.09250000000000004,75.00000000000001,0.0007300000000000002
83.50016674999534,0.09250000000000004,75.00000000000001,0.0007300000000000002
83.51685009999534,0.09250000000000004,75.00000000000001,0.0007300000000000002
83.53353344999533,0.09250000000000004,75.00000000000001,0.0007300000000000002
83.55021679999533,0.09250000000000004,75.00000000000001,0.0007300000000000002
83.56690014999532,0.09250000000000004,75.00000000000001,0.0007300000000000002
83.58358349999531,0.09250000000000004,75.00000000000001,0.0007300000000000002
83.60026684999531,0.09250000000000004,75.00000000000001,0.0007300000000000002
83.6169501999953,0.09250000000000004,75.00000000000001,0.0007300000000000002
83.6336335499953,0.09250000000000004,75.00000000000001,0.0007300000000000002
83.65031689999529,0.09250000000000004,75.00000000000001,0.0007300000000000002
83.66700024999528,0.09250000000000004,75.00000000000001,0.0007300000000000002
83.68368359999528,0.09250000000000004,75.00000000000001,0.0007300000000000002
83.70036694999527,0.09250000000000004,75.00000000000001,0.0007300000000000002
83.71705029999526,0.09250000000000004,75.00000000000001,0.0007300000000000002
83.73373364999526,0.09250000000000004,75.00000000000001,0.0007300000000000002
83.75041699999525,0.09250000000000004,75.00000000000001,0.0007300000000000002
83.76710034999525,0.09250000000000004,75.00000000000001,0.0007300000000000002
83.78378369999524,0.09250000000000004,75.00000000000001,0.0007300000000000002
83.80046704999523,0.09250000000000004,75.00000000000001,0.0007300000000000002
83.81715039999523,0.09250000000000004,75.00000000000001,0.0007300000000000002
83.83383374999522,0.09250000000000004,75.00000000000001,0.0007300000000000002
83.85051709999522,0.09250000000000004,75.00000000000001,0.0007300000000000002
83.86720044999521,0.09250000000000004,75.00000000000001,0.0007300000000000002
83.8838837999952,0.09250000000000004,75.00000000000001,0.0007300000000000002
83.9005671499952,0.09250000000000004,75.00000000000001,0.0007300000000000002
83.91725049999519,0.09250000000000004,75.00000000000001,0.0007300000000000002
83.93393384999519,0.09250000000000004,75.00000000000001,0.0007300000000000002
83.95061719999518,0.09250000000000004,75.00000000000001,0.0007300000000000002
83.96730054999517,0.09250000000000004,75.00000000000001,0.0007300000000000002
83.98398389999517,0.09250000000000004,75.00000000000001,0.0007300000000000002
84.00066724999516,0.09250000000000004,75.00000000000001,0.0007300000000000002
84.01735059999515,0.09250000000000004,75.00000000000001,0.0007300000000000002
84.03403394999515,0.09250000000000004,75.00000000000001,0.0007300000000000002
84.05071729999514,0.09250000000000004,75.00000000000001,0.0007300000000000002
84.06740064999514,0.09250000000000004,75.00000000000001,0.0007300000000000002
84.08408399999513,0.09250000000000004,75.00000000000001,0.0007300000000000002
84.10076734999512,0.09250000000000004,75.00000000000001,0.0007300000000000002
84.11745069999512,0.09250000000000004,75.00000000000001,0.0007300000000000002
84.13413404999511,0.09250000000000004,75.00000000000001,0.0007300000000000002
84.1508173999951,0.09250000000000004,75.00000000000001,0.0007300000000000002
84.1675007499951,0.09250000000000004,75.00000000000001,0.0007300000000000002
