Time,Model_1
0.0,-3.0946986
0.01668335,-11.9431186
0.0333667,-17.6816086
0.05005005,-18.6606486
0.0667334,-15.6362286
0.08341675,-9.5729986
0.1001001,-0.4750386
0.11678345,8.5652314
0.1334668,14.9458314
0.15015014999999998,18.1514614
0.16683349999999997,16.8382914
0.18351684999999995,11.0482814
0.20020019999999994,3.3335914
0.21688354999999993,-5.8674286
0.2335668999999999,-13.2812486
0.2502502499999999,-18.0591386
0.2669335999999999,-18.3785086
0.28361694999999987,-14.1623686
0.30030029999999985,-7.1170086
0.31698364999999984,0.9790614
0.3336669999999998,10.0080614
0.3503503499999998,15.9392114
0.3670336999999998,18.3999914
0.3837170499999998,16.0349714
0.40040039999999977,9.7743514
0.41708374999999975,0.7479814
0.43376709999999974,-8.3063686
0.4504504499999997,-15.4871686
0.4671337999999997,-19.0130686
0.4838171499999997,-18.0094886
0.5005004999999997,-12.9404286
0.5171838499999997,-5.2422186
0.5338671999999997,3.6120614
0.5505505499999996,11.5719614
0.5672338999999996,16.8900114
0.5839172499999996,18.1300014
0.6006005999999996,14.4201914
0.6172839499999996,8.0713514
0.6339672999999996,-1.3254686
0.6506506499999996,-10.4634386
0.6673339999999995,-16.2136886
0.6840173499999995,-18.6905686
0.7007006999999995,-16.6520986
0.7173840499999995,-11.1774286
0.7340673999999995,-2.4738186
0.7507507499999995,6.0568814
0.7674340999999995,13.2197314
0.7841174499999994,17.3479314
0.8008007999999994,17.4738114
0.8174841499999994,13.2198514
0.8341674999999994,5.7982814
0.8508508499999994,-2.8847386
0.8675341999999994,-11.7776486
0.8842175499999994,-17.0856286
0.9009008999999993,-18.4221686
0.9175842499999993,-15.5769686
0.9342675999999993,-9.7118486
0.9509509499999993,-0.7171986
0.9676342999999993,7.9462914
0.9843176499999993,14.3957814
1.0010009999999994,17.7597314
1.0176843499999995,16.7255514
1.0343676999999996,11.2036714
1.0510510499999997,3.2672114
1.0677343999999998,-5.8953886
1.0844177499999998,-13.2105686
1.1011011,-18.2297986
1.11778445,-18.5639686
1.1344678000000001,-14.5365886
1.1511511500000002,-7.5654886
1.1678345000000003,1.0869114
1.1845178500000004,9.6864914
1.2012012000000005,15.5246614
1.2178845500000006,17.8679314
1.2345679000000007,15.8338614
1.2512512500000008,9.6428814
1.267934600000001,0.9741314
1.284617950000001,-7.6921986
1.301301300000001,-14.5183086
1.3179846500000012,-18.2506386
1.3346680000000013,-17.4776686
1.3513513500000014,-12.4581286
1.3680347000000015,-5.2687986
1.3847180500000016,3.4769914
1.4014014000000017,10.6459914
1.4180847500000018,16.3710314
1.4347681000000019,17.6249314
1.451451450000002,14.4061914
1.468134800000002,7.9719314
1.4848181500000022,-1.0472986
1.5015015000000023,-9.8947186
1.5181848500000024,-15.5771486
1.5348682000000025,-18.1940886
1.5515515500000026,-16.7757686
1.5682349000000027,-11.3993486
1.5849182500000027,-2.9165086
1.6016016000000028,5.4616114
1.618284950000003,12.1022614
1.634968300000003,16.8011314
1.6516516500000031,17.0303914
1.6683350000000032,12.9315314
1.6850183500000033,5.7349814
1.7017017000000034,-2.8288286
1.7183850500000035,-11.5338186
1.7350684000000036,-17.0235686
1.7517517500000037,-18.6467286
1.7684351000000038,-15.9351186
1.785118450000004,-9.7261386
1.801801800000004,-1.1584186
1.818485150000004,7.3714014
1.8351685000000042,13.9065314
1.8518518500000043,17.4212014
1.8685352000000044,16.4881014
1.8852185500000045,11.2886314
1.9019019000000046,3.5157514
1.9185852500000047,-5.3361686
1.9352686000000048,-12.6478886
1.9519519500000049,-17.7060686
1.968635300000005,-18.0779986
1.985318650000005,-14.1606486
2.002002000000005,-7.5979686
2.018685350000005,0.2030914
2.035368700000005,9.2507314
2.0520520500000052,14.9946914
2.0687354000000053,17.4400614
2.0854187500000054,15.4777514
2.1021021000000055,9.6482814
2.1187854500000056,1.5439314
2.1354688000000057,-7.1353686
2.152152150000006,-13.7833286
2.168835500000006,-17.7630686
2.185518850000006,-17.4038086
2.202202200000006,-12.5225186
2.218885550000006,-5.4131486
2.2355689000000063,2.9419314
2.2522522500000064,10.3118314
2.2689356000000065,15.8173814
2.2856189500000066,17.1897014
2.3023023000000067,14.2839014
2.318985650000007,8.3466314
2.335669000000007,-0.6658286
2.352352350000007,-9.3634986
2.369035700000007,-15.6836686
2.385719050000007,-18.4133286
2.4024024000000073,-16.7145686
2.4190857500000074,-11.3601986
2.4357691000000075,-3.5975386
2.4524524500000076,4.9041314
2.4691358000000077,11.9256614
2.4858191500000077,16.6481314
2.502502500000008,17.0328714
2.519185850000008,13.0104714
2.535869200000008,5.9235814
2.552552550000008,-2.3091086
2.5692359000000082,-11.0542686
2.5859192500000083,-16.5144686
2.6026026000000084,-18.1599686
2.6192859500000085,-15.7376986
2.6359693000000086,-10.2055686
2.6526526500000087,-1.2817086
2.669336000000009,6.8443614
2.686019350000009,13.3530914
2.702702700000009,16.8095114
2.719386050000009,16.1888314
2.736069400000009,10.9888314
2.7527527500000093,4.0270314
2.7694361000000094,-4.4134486
2.7861194500000095,-12.1228286
2.8028028000000096,-16.7164886
2.8194861500000097,-17.5628686
2.83616950000001,-13.9822386
2.85285285000001,-7.6093486
2.86953620000001,-0.0696986
2.88621955000001,8.9250514
2.90290290000001,14.4042614
2.9195862500000103,16.9288314
2.9362696000000104,15.3342914
2.9529529500000105,9.7165514
2.9696363000000106,1.6322614
2.9863196500000107,-6.8985886
3.0030030000000107,-13.6825686
3.019686350000011,-17.8151886
3.036369700000011,-17.5543186
3.053053050000011,-12.7697486
3.069736400000011,-5.9864686
3.0864197500000112,2.5014614
3.1031031000000113,10.1895714
3.1197864500000114,15.5882614
3.1364698000000115,17.2452314
3.1531531500000116,14.3109314
3.1698365000000117,8.5188614
3.186519850000012,-0.2925386
3.203203200000012,-8.8223286
3.219886550000012,-14.9921886
3.236569900000012,-17.8566886
3.253253250000012,-16.6235386
3.2699366000000123,-11.4836386
3.2866199500000124,-3.8278486
3.3033033000000125,4.3670614
3.3199866500000126,11.0205114
3.3366700000000127,15.9863614
3.353353350000013,16.4327114
3.370036700000013,13.0031714
3.386720050000013,6.4242514
3.403403400000013,-1.7881686
3.420086750000013,-10.6475186
3.4367701000000133,-15.4017986
3.4534534500000134,-17.5006086
3.4701368000000135,-15.0803186
3.4868201500000136,-10.0915186
3.5035035000000136,-1.4946286
3.5201868500000137,6.5020114
3.536870200000014,12.6660114
3.553553550000014,16.3991114
3.570236900000014,15.9917614
3.586920250000014,11.3029314
3.6036036000000142,4.0496314
3.6202869500000143,-4.2742286
3.6369703000000144,-11.9741186
3.6536536500000145,-16.8900186
3.6703370000000146,-17.8013886
3.6870203500000147,-14.4941386
3.703703700000015,-8.1285686
3.720387050000015,-0.1481886
3.737070400000015,8.1169714
3.753753750000015,14.0653114
3.770437100000015,16.8389014
3.7871204500000153,15.2958714
3.8038038000000154,10.0336914
3.8204871500000155,2.0509014
3.8371705000000156,-6.3500986
3.8538538500000157,-12.9750686
3.8705372000000158,-17.3198886
3.887220550000016,-17.2245686
3.903903900000016,-12.7991986
3.920587250000016,-6.1822686
3.937270600000016,1.8683514
3.9539539500000163,9.6522814
3.9706373000000164,14.7858314
3.9873206500000165,16.4295314
4.004004000000016,14.1873314
4.020687350000016,8.6804314
4.037370700000016,-0.1478286
4.054054050000016,-7.7725686
4.0707374000000165,-13.7977286
4.087420750000017,-17.0318686
4.104104100000017,-15.8144486
4.120787450000017,-11.5024386
4.137470800000017,-3.8269086
4.154154150000017,4.0072614
4.170837500000017,10.5205114
4.187520850000017,15.6997114
4.204204200000017,16.2885714
4.220887550000017,12.8323314
4.2375709000000175,6.4542814
4.254254250000018,-1.6989486
4.270937600000018,-10.3427686
4.287620950000018,-15.6103186
4.304304300000018,-17.7210086
4.320987650000018,-15.6471286
4.337671000000018,-10.3079686
4.354354350000018,-2.1075486
4.371037700000018,5.7802714
4.387721050000018,12.2998314
4.404404400000018,16.2963914
4.4210877500000185,16.0457314
4.437771100000019,11.5771514
4.454454450000019,4.5586314
4.471137800000019,-3.7571386
4.487821150000019,-11.5215486
4.504504500000019,-16.4040186
4.521187850000019,-17.5127886
4.537871200000019,-14.3764386
4.554554550000019,-8.3229386
4.571237900000019,-0.5283686
4.5879212500000195,7.6195114
4.60460460000002,13.5289314
4.62128795000002,16.1922014
4.63797130000002,15.1111314
4.65465465000002,10.0217914
4.67133800000002,2.5764114
4.68802135000002,-5.4197986
4.70470470000002,-12.3684086
4.72138805000002,-16.3870286
4.73807140000002,-16.5331086
4.7547547500000205,-12.6008686
4.7714381000000206,-6.2305286
4.788121450000021,1.5311314
4.804804800000021,9.3426514
4.821488150000021,14.5218514
4.838171500000021,16.3494914
4.854854850000021,14.1796914
4.871538200000021,8.8018514
4.888221550000021,0.2377914
4.904904900000021,-7.6351886
4.921588250000021,-13.9101886
4.9382716000000215,-17.3616986
4.954954950000022,-16.4487286
4.971638300000022,-11.7149086
4.988321650000022,-4.6313486
5.005005000000022,3.4206514
5.021688350000022,10.5918014
5.038371700000022,15.4611514
5.055055050000022,16.3619314
5.071738400000022,13.1025314
5.088421750000022,6.8670014
5.1051051000000225,-1.3981286
5.121788450000023,-9.6079986
5.138471800000023,-15.2170986
5.155155150000023,-17.4154686
5.171838500000023,-15.6978186
5.188521850000023,-10.5711686
5.205205200000023,-2.2603186
5.221888550000023,5.1872514
5.238571900000023,11.4759514
5.255255250000023,15.6366014
5.2719386000000235,15.6438014
5.2886219500000236,11.1289014
5.305305300000024,5.0523314
5.321988650000024,-2.8113386
5.338672000000024,-11.0531686
5.355355350000024,-15.3490886
5.372038700000024,-16.7916286
5.388722050000024,-13.8330986
5.405405400000024,-8.1100686
5.422088750000024,-0.7963686
5.438772100000024,7.2428014
5.4554554500000245,13.0240514
5.472138800000025,16.0164814
5.488822150000025,15.0426014
5.505505500000025,10.0297814
5.522188850000025,2.8499714
5.538872200000025,-5.3530886
5.555555550000025,-12.2603686
5.572238900000025,-16.4834686
5.588922250000025,-16.8910186
5.605605600000025,-12.8851886
5.6222889500000255,-6.8307486
5.638972300000026,0.9542314
5.655655650000026,8.9102814
5.672339000000026,14.1061314
5.689022350000026,16.2283914
5.705705700000026,14.1194314
5.722389050000026,8.9117314
5.739072400000026,0.8439314
5.755755750000026,-7.1533186
5.772439100000026,-13.3578186
5.7891224500000265,-17.0118686
5.8058058000000266,-16.2553686
5.822489150000027,-11.7747186
5.839172500000027,-5.0421686
5.855855850000027,3.0384314
5.872539200000027,10.0816014
5.889222550000027,14.6303714
5.905905900000027,15.7758314
5.922589250000027,12.8101814
5.939272600000027,7.1231714
5.955955950000027,-1.0268286
5.9726393000000275,-8.8743886
5.989322650000028,-14.0902986
6.006006000000028,-16.4669186
6.022689350000028,-14.7316886
6.039372700000028,-10.5941686
6.056056050000028,-2.4722286
6.072739400000028,5.0740014
6.089422750000028,10.8895914
6.106106100000028,15.4680814
6.122789450000028,15.6394314
6.1394728000000285,11.3900114
6.156156150000029,5.2327614
6.172839500000029,-2.5738486
6.189522850000029,-10.8605386
6.206206200000029,-15.5068386
6.222889550000029,-16.9627986
6.239572900000029,-14.3857386
6.256256250000029,-8.8988086
6.272939600000029,-0.9970686
6.289622950000029,6.5538914
6.3063063000000295,12.5303014
6.3229896500000295,15.8622314
6.33967300000003,14.9622314
6.35635635000003,10.4021014
6.37303970000003,3.0577314
6.38972305000003,-4.9581686
6.40640640000003,-11.7784086
6.42308975000003,-16.1507686
6.43977310000003,-16.5618286
6.45645645000003,-12.9077686
6.47313980000003,-7.0570086
6.4898231500000305,0.3107014
6.506506500000031,8.5480014
6.523189850000031,13.6231114
6.539873200000031,15.6664314
6.556556550000031,13.9790014
6.573239900000031,9.0639614
6.589923250000031,0.7951614
6.606606600000031,-6.5015886
6.623289950000031,-12.4490986
6.639973300000031,-16.0263386
6.6566566500000315,-15.5140386
6.673340000000032,-11.6418186
6.690023350000032,-4.7548186
6.706706700000032,2.7813114
6.723390050000032,9.7108114
6.740073400000032,14.3669314
6.756756750000032,15.7293114
6.773440100000032,12.9702114
6.790123450000032,7.4563014
6.806806800000032,-0.8435686
6.8234901500000325,-8.5556986
6.8401735000000325,-13.9371386
6.856856850000033,-16.5813686
6.873540200000033,-15.3355986
6.890223550000033,-10.8454686
6.906906900000033,-3.1388886
6.923590250000033,4.3834314
6.940273600000033,10.8048314
6.956956950000033,15.1393314
6.973640300000033,15.4942614
6.990323650000033,11.7951014
7.0070070000000335,5.4843114
7.023690350000034,-2.3936686
7.040373700000034,-10.1770986
7.057057050000034,-15.1784686
7.073740400000034,-16.5462986
7.090423750000034,-14.4169686
7.107107100000034,-9.2149086
7.123790450000034,-1.3800086
7.140473800000034,6.1651614
7.157157150000034,12.0293614
7.1738405000000345,15.7347314
7.190523850000035,14.9912114
7.207207200000035,10.3904314
7.223890550000035,3.5633514
7.240573900000035,-4.0999186
7.257257250000035,-11.4327686
7.273940600000035,-15.4995086
7.290623950000035,-16.1213386
7.307307300000035,-12.8638886
7.323990650000035,-7.0818486
7.3406740000000354,-0.1053486
7.3573573500000355,8.0907914
7.374040700000036,13.3919114
7.390724050000036,15.7570314
7.407407400000036,14.1459914
7.424090750000036,9.3214714
7.440774100000036,1.6104114
7.457457450000036,-6.0307686
7.474140800000036,-12.2532386
7.490824150000036,-16.1370286
7.507507500000036,-16.0238686
7.5241908500000365,-12.0323186
7.540874200000037,-5.6617386
7.557557550000037,1.9466314
7.574240900000037,9.3306314
7.590924250000037,14.0640914
7.607607600000037,15.6784014
7.624290950000037,13.1370314
7.640974300000037,7.8874314
7.657657650000037,0.0167314
7.674341000000037,-8.0554186
7.6910243500000375,-13.5712886
7.707707700000038,-16.3486286
7.724391050000038,-15.3474086
7.741074400000038,-10.8625186
7.757757750000038,-3.7792986
7.774441100000038,3.7163114
7.791124450000038,10.2944314
7.807807800000038,14.3755314
7.824491150000038,14.9121314
7.841174500000038,11.2875314
7.8578578500000384,5.5623814
7.8745412000000385,-1.7528086
7.891224550000039,-9.7843686
7.907907900000039,-14.2063286
7.924591250000039,-15.9376186
7.941274600000039,-13.8171686
7.957957950000039,-8.9865686
7.974641300000039,-1.4358486
7.991324650000039,5.8862314
8.00800800000004,11.1194314
8.024691350000039,14.8462514
8.041374700000038,14.4344314
8.058058050000037,10.2303314
8.074741400000036,3.8280614
8.091424750000035,-3.6828686
8.108108100000035,-11.0711686
8.124791450000034,-15.0806286
8.141474800000033,-16.0159886
8.158158150000032,-12.7781386
8.174841500000031,-7.3396686
8.19152485000003,-0.3657686
8.20820820000003,7.3892314
8.224891550000029,12.8850114
8.241574900000028,15.5983614
8.258258250000027,14.1120914
8.274941600000027,9.3332514
8.291624950000026,1.8668814
8.308308300000025,-5.7974886
8.324991650000024,-12.2647686
8.341675000000023,-16.0579686
8.358358350000023,-15.8733486
8.375041700000022,-12.1091286
8.391725050000021,-5.8401186
8.40840840000002,1.5452314
8.42509175000002,8.9940814
8.441775100000019,13.6758314
8.458458450000018,15.2938814
8.475141800000017,13.0324114
8.491825150000016,7.9768114
8.508508500000016,0.0704314
8.525191850000015,-7.1529286
8.541875200000014,-12.6031486
8.558558550000013,-15.6345686
8.575241900000012,-14.6716286
8.591925250000012,-10.8781686
8.60860860000001,-3.5753686
8.62529195000001,3.9297314
8.64197530000001,10.1097714
8.658658650000008,14.5170914
8.675342000000008,15.1405614
8.692025350000007,11.5295114
8.708708700000006,6.1920314
8.725392050000005,-1.2826886
8.742075400000004,-8.9420186
8.758758750000004,-13.7261386
8.775442100000003,-15.7841486
8.792125450000002,-13.8240686
8.808808800000001,-9.3607186
8.82549215,-1.5583186
8.8421755,5.3931014
8.858858849999999,11.0560914
8.875542199999998,14.8350814
8.892225549999997,14.5809614
8.908908899999997,10.7244314
8.925592249999996,4.2127114
8.942275599999995,-3.3127686
8.958958949999994,-10.3991086
8.975642299999993,-14.7597086
8.992325649999993,-15.6520086
9.009008999999992,-12.8958486
9.025692349999991,-7.3805886
9.04237569999999,-0.2183886
9.05905904999999,7.0894814
9.075742399999989,12.3884314
9.092425749999988,15.0035314
9.109109099999987,13.8498514
9.125792449999986,9.4136314
9.142475799999985,2.3761314
9.159159149999985,-5.0087886
9.175842499999984,-11.4163186
9.192525849999983,-14.8460686
9.209209199999982,-14.9838886
9.225892549999982,-11.4050286
9.24257589999998,-5.3657186
9.25925924999998,1.5169714
9.27594259999998,8.8289314
9.292625949999978,13.3295314
9.309309299999978,15.0264314
9.325992649999977,12.8392314
9.342675999999976,7.9407314
9.359359349999975,0.0359314
9.376042699999974,-6.7146286
9.392726049999974,-12.2236686
9.409409399999973,-15.2999286
9.426092749999972,-14.4342686
9.442776099999971,-10.7392686
9.45945944999997,-3.7370686
9.47614279999997,3.4779014
9.492826149999969,10.0877114
9.509509499999968,14.1192614
9.526192849999967,14.7703314
9.542876199999967,11.6025314
9.559559549999966,6.1002814
9.576242899999965,-1.1946986
9.592926249999964,-8.7539386
9.609609599999963,-13.6880486
9.626292949999963,-15.6441686
9.642976299999962,-13.9504386
9.659659649999961,-9.3883086
9.67634299999996,-2.0258686
9.69302634999996,5.2720914
9.709709699999959,10.9534914
9.726393049999958,14.5871614
9.743076399999957,14.3656314
9.759759749999956,10.4890714
9.776443099999955,4.1717314
9.793126449999955,-2.8733486
9.809809799999954,-10.2977886
9.826493149999953,-14.0673686
9.843176499999952,-15.2940086
9.859859849999951,-12.3959986
9.87654319999995,-7.1693686
9.89322654999995,-0.4011186
9.909909899999949,6.8099314
9.926593249999948,11.6221914
9.943276599999948,14.8812314
9.959959949999947,13.7282114
9.976643299999946,9.5209314
9.993326649999945,2.6209314
10.010009999999944,-4.5979686
10.026693349999944,-11.2264386
10.043376699999943,-14.4961686
10.060060049999942,-14.7315086
10.076743399999941,-11.4326186
10.09342674999994,-5.6215686
10.11011009999994,0.9117314
10.126793449999939,8.5775714
10.143476799999938,13.0773914
10.160160149999937,14.8737814
10.176843499999936,12.8910514
10.193526849999936,7.9967914
10.210210199999935,0.6398314
10.226893549999934,-6.5890686
10.243576899999933,-12.0691686
10.260260249999932,-15.2162186
10.276943599999932,-14.5288086
10.29362694999993,-10.6704686
10.31031029999993,-4.0664086
10.32699364999993,3.1240314
10.343676999999929,10.0275914
10.360360349999928,13.8675514
10.377043699999927,14.6948814
10.393727049999926,11.7209514
10.410410399999925,6.1555314
10.427093749999925,-0.9748686
10.443777099999924,-8.0460486
10.460460449999923,-12.8924886
10.477143799999922,-15.0125686
10.493827149999921,-13.3373986
10.51051049999992,-9.2702986
10.52719384999992,-1.8373086
10.543877199999919,4.9342614
10.560560549999918,10.4425014
10.577243899999917,14.3901314
10.593927249999917,14.3463114
10.610610599999916,10.4652714
10.627293949999915,4.8576014
10.643977299999914,-2.3157386
10.660660649999913,-9.6739186
10.677343999999913,-13.4669186
10.694027349999912,-14.7380986
10.710710699999911,-12.2327886
10.72739404999991,-7.1323886
10.74407739999991,-0.4631986
10.760760749999909,6.5046314
10.777444099999908,11.3876914
10.794127449999907,14.6989114
10.810810799999906,13.8108814
10.827494149999906,9.6127014
10.844177499999905,2.9346914
10.860860849999904,-4.5414386
10.877544199999903,-10.7736686
10.894227549999902,-14.5375686
10.910910899999902,-14.8591286
10.9275942499999,-11.4721686
10.9442775999999,-5.6703186
10.9609609499999,0.9867514
10.977644299999898,8.0320114
10.994327649999898,12.7707814
11.011010999999897,14.8035614
11.027694349999896,12.8906814
11.044377699999895,8.3866614
11.061061049999894,0.8626714
11.077744399999894,-6.1127886
11.094427749999893,-11.6833686
11.111111099999892,-14.6076386
11.127794449999891,-13.9779086
11.14447779999989,-10.7252486
11.16116114999989,-3.9564486
11.177844499999889,2.9799314
11.194527849999888,9.5524314
11.211211199999887,13.5242014
11.227894549999887,14.6696814
11.244577899999886,11.5189814
11.261261249999885,6.6829814
11.277944599999884,-0.6414686
11.294627949999883,-7.2800886
11.311311299999883,-12.2083086
11.327994649999882,-14.4809686
11.344677999999881,-13.0571286
11.36136134999988,-9.1861686
11.37804469999988,-2.0769086
11.394728049999879,4.6614314
11.411411399999878,10.3523314
11.428094749999877,14.0618314
11.444778099999876,14.2371314
11.461461449999875,10.6496614
11.478144799999875,4.9425014
11.494828149999874,-2.0359186
11.511511499999873,-9.3091386
11.528194849999872,-13.2617686
11.544878199999872,-14.9117386
11.56156154999987,-12.4976686
11.57824489999987,-7.7273286
11.59492824999987,-0.5602386
11.611611599999868,6.2057314
11.628294949999868,11.6457814
11.644978299999867,14.4198314
11.661661649999866,13.6726714
11.678344999999865,9.7540914
11.695028349999864,3.1207314
11.711711699999864,-4.0252686
11.728395049999863,-10.6262186
11.745078399999862,-13.8991386
11.761761749999861,-14.4181686
11.77844509999986,-11.3895286
11.79512844999986,-5.8635286
11.811811799999859,0.4071614
11.828495149999858,7.7936314
11.845178499999857,11.9671614
11.861861849999856,14.5977314
11.878545199999856,12.5338714
11.895228549999855,8.4722914
11.911911899999854,1.2748314
11.928595249999853,-5.2208286
11.945278599999853,-11.3647186
11.961961949999852,-13.9700286
11.978645299999851,-13.5826686
11.99532864999985,-10.7011686
12.01201199999985,-4.1486686
12.028695349999849,2.7059914
12.045378699999848,9.3841514
12.062062049999847,13.0844714
12.078745399999846,14.3491314
12.095428749999845,11.5818514
12.112112099999845,6.7359314
12.128795449999844,-0.4207686
12.145478799999843,-7.2564086
12.162162149999842,-12.2224386
12.178845499999841,-14.6786686
12.19552884999984,-13.3212886
12.21221219999984,-9.3494886
12.228895549999839,-2.6188386
12.245578899999838,4.3940314
12.262262249999837,10.3705314
12.278945599999837,13.8616314
12.295628949999836,14.0346714
12.312312299999835,10.8456314
12.328995649999834,5.2423714
12.345678999999834,-1.8388986
12.362362349999833,-8.8317886
12.379045699999832,-12.8828686
12.395729049999831,-14.5230086
12.41241239999983,-12.3346286
12.42909574999983,-7.5117686
12.445779099999829,-0.7523186
12.462462449999828,5.8778714
12.479145799999827,10.8266314
12.495829149999826,14.1276314
12.512512499999826,13.5215314
12.529195849999825,9.7719714
12.545879199999824,3.4612314
12.562562549999823,-3.3719486
12.579245899999822,-10.2523186
12.595929249999822,-13.2678686
12.61261259999982,-14.0252086
12.62929594999982,-11.4041186
12.64597929999982,-5.7380986
12.662662649999818,0.2316014
12.679345999999818,7.3372814
12.696029349999817,11.6081514
12.712712699999816,14.2460914
12.729396049999815,12.4472614
12.746079399999815,8.5410114
12.762762749999814,1.4205314
12.779446099999813,-5.3349686
12.796129449999812,-11.2073386
12.812812799999811,-14.1346086
12.82949614999981,-13.7391986
12.84617949999981,-10.6705886
12.862862849999809,-4.4823286
12.879546199999808,2.3182114
12.896229549999807,8.8631614
12.912912899999807,12.9221314
12.929596249999806,14.2603114
12.946279599999805,11.7413914
12.962962949999804,6.6927514
12.979646299999803,-0.0518686
12.996329649999803,-6.9797086
13.013012999999802,-11.8461886
13.029696349999801,-14.3366386
13.0463796999998,-13.1158486
13.0630630499998,-9.3711686
13.079746399999799,-2.6095286
13.096429749999798,4.1001614
13.113113099999797,10.0636614
13.129796449999796,13.3100614
13.146479799999796,13.7962314
13.163163149999795,10.5034314
13.179846499999794,5.4163814
13.196529849999793,-1.3350186
13.213213199999792,-7.9971286
13.229896549999792,-12.2730086
13.24657989999979,-13.7755086
13.26326324999979,-11.9936486
13.27994659999979,-7.2955286
13.296629949999788,-0.9139386
13.313313299999788,5.6657314
13.329996649999787,10.5201714
13.346679999999786,13.8291614
13.363363349999785,13.2608014
13.380046699999784,9.7527814
13.396730049999784,3.5911314
13.413413399999783,-3.0924986
13.430096749999782,-9.9659986
13.446780099999781,-13.2259686
13.46346344999978,-13.9645086
13.48014679999978,-11.3738686
13.496830149999779,-6.1152986
13.513513499999778,0.1839014
13.530196849999777,7.0751314
13.546880199999777,11.7308314
13.563563549999776,14.0696314
13.580246899999775,12.5693314
13.596930249999774,8.5087014
13.613613599999773,1.6813314
13.630296949999773,-4.9686286
13.646980299999772,-10.8450886
13.663663649999771,-13.5811186
13.68034699999977,-13.3890386
13.69703034999977,-10.7963686
13.713713699999769,-4.6837686
13.730397049999768,2.0198014
13.747080399999767,8.7454314
13.763763749999766,12.2490814
13.780447099999765,13.8961514
13.797130449999765,11.2534314
13.813813799999764,6.9462914
13.830497149999763,-0.1525286
13.847180499999762,-6.2335686
13.863863849999762,-11.5018686
13.88054719999976,-13.5481686
13.89723054999976,-12.4974386
13.91391389999976,-9.0440686
13.930597249999758,-2.7332686
13.947280599999758,3.9059314
13.963963949999757,9.7186914
13.980647299999756,12.8101514
13.997330649999755,13.5644314
14.014013999999754,10.4642914
14.030697349999754,5.4102314
14.047380699999753,-1.2900986
14.064064049999752,-7.8919986
14.080747399999751,-12.1900686
14.09743074999975,-14.0046386
14.11411409999975,-12.2110886
14.130797449999749,-7.7703886
14.147480799999748,-1.1315886
14.164164149999747,5.3560814
14.180847499999746,10.5654314
14.197530849999746,13.6688814
14.214214199999745,13.2995014
14.230897549999744,9.9038314
14.247580899999743,3.7194314
14.264264249999743,-3.0095186
14.280947599999742,-9.5653086
14.297630949999741,-13.1232886
14.31431429999974,-13.7488986
14.33099764999974,-11.3106086
14.347680999999739,-6.2314486
14.364364349999738,-0.1165186
14.381047699999737,6.6534114
14.397731049999736,10.9580114
14.414414399999735,13.6762114
14.431097749999735,12.1861314
14.447781099999734,8.5938714
14.464464449999733,1.8201914
14.481147799999732,-4.6149686
14.497831149999731,-10.6919686
14.51451449999973,-13.0524886
14.53119784999973,-13.0498686
14.547881199999729,-10.5630486
14.564564549999728,-4.4594386
14.581247899999727,1.8352014
14.597931249999727,8.2846314
14.614614599999726,11.9440914
14.631297949999725,13.7669714
14.647981299999724,11.2718814
14.664664649999724,6.9488514
14.681347999999723,0.0983914
14.698031349999722,-6.1243886
14.714714699999721,-11.3516886
14.73139804999972,-13.6019286
14.74808139999972,-12.6705286
14.764764749999719,-9.4422886
14.781448099999718,-3.1864686
14.798131449999717,3.4043614
14.814814799999716,9.5773914
14.831498149999716,12.8933714
14.848181499999715,13.5468314
14.864864849999714,10.9052314
14.881548199999713,5.7086314
14.898231549999712,-1.0374686
14.914914899999712,-7.7233286
14.93159824999971,-11.9315186
14.94828159999971,-13.9503186
14.96496494999971,-12.0787986
14.981648299999708,-7.9743086
14.998331649999708,-1.4083286
15.015014999999707,4.9512914
15.031698349999706,10.2800914
15.048381699999705,13.2418314
15.065065049999705,12.9121714
15.081748399999704,9.8268714
15.098431749999703,3.9198014
15.115115099999702,-2.5690686
15.131798449999701,-8.9712486
15.1484817999997,-12.2551286
15.1651651499997,-13.2355986
15.181848499999699,-11.3071886
15.198531849999698,-6.0082086
15.215215199999697,-0.2863186
15.231898549999697,6.5470014
15.248581899999696,10.7669314
15.265265249999695,13.4230914
15.281948599999694,11.8971314
15.298631949999693,8.6957314
15.315315299999693,1.9764114
15.331998649999692,-4.3858686
15.348681999999691,-10.4354686
15.36536534999969,-12.9111686
15.38204869999969,-12.9932686
15.398732049999689,-10.6987886
15.415415399999688,-4.8807986
15.432098749999687,1.3103614
15.448782099999686,7.9346914
15.465465449999686,11.8181114
15.482148799999685,13.5288114
15.498832149999684,11.6404114
15.515515499999683,7.1134614
15.532198849999682,0.6186814
15.548882199999682,-5.7191186
15.56556554999968,-11.0233686
15.58224889999968,-13.6209086
15.59893224999968,-12.8376486
15.615615599999678,-9.5131486
15.632298949999678,-3.2644086
15.648982299999677,3.1105314
15.665665649999676,9.1566814
15.682348999999675,12.4151014
15.699032349999674,13.1865814
15.715715699999674,10.4253514
15.732399049999673,5.6959314
15.749082399999672,-0.8397686
15.765765749999671,-7.0423686
15.78244909999967,-11.5909386
15.79913244999967,-13.1294686
15.815815799999669,-11.7347386
15.832499149999668,-7.4532686
15.849182499999667,-1.3939686
15.865865849999667,4.8615314
15.882549199999666,9.9935914
15.899232549999665,12.7065314
15.915915899999664,12.5642714
15.932599249999663,9.7868314
15.949282599999663,4.1579614
15.965965949999662,-2.2060286
15.982649299999661,-8.7421686
15.99933264999966,-12.0525486
16.01601599999966,-13.0530386
16.03269934999966,-11.1973886
16.04938269999966,-6.3043186
16.066066049999662,-0.3625486
16.082749399999663,6.0334514
16.099432749999664,10.7186914
16.116116099999665,13.2084314
16.132799449999666,12.1928714
16.149482799999667,8.7092014
16.16616614999967,2.3222614
16.18284949999967,-4.1787086
16.19953284999967,-10.1061986
16.21621619999967,-13.0139186
16.232899549999672,-13.1433086
16.249582899999673,-10.5906986
16.266266249999674,-5.0631986
16.282949599999675,1.0112314
16.299632949999676,7.5451614
16.316316299999677,11.3237914
16.332999649999678,13.1927514
16.34968299999968,11.0006114
16.36636634999968,7.1730914
16.38304969999968,0.4864514
16.399733049999682,-5.3688386
16.416416399999683,-10.8945886
16.433099749999684,-12.7803986
16.449783099999685,-12.1323886
16.466466449999686,-9.2715486
16.483149799999687,-3.1287886
16.499833149999688,3.1615014
16.51651649999969,8.9599614
16.53319984999969,11.9596314
16.54988319999969,12.9325914
16.566566549999692,10.3669314
16.583249899999693,5.7601314
16.599933249999694,-0.6984886
16.616616599999695,-6.8367286
16.633299949999696,-11.4001486
16.649983299999697,-13.0463886
16.666666649999698,-11.7449086
16.6833499999997,-7.7326686
16.7000333499997,-1.6381686
16.7167166999997,4.3949314
16.7334000499997,9.9077314
16.750083399999703,12.6866314
16.766766749999704,12.6669914
16.783450099999705,9.8106114
16.800133449999706,4.1198114
16.816816799999707,-2.1688686
16.833500149999708,-8.5393086
16.85018349999971,-11.9096686
16.86686684999971,-13.2617186
16.88355019999971,-11.1181686
16.90023354999971,-6.3872086
16.916916899999713,-0.3541286
16.933600249999714,5.8372814
16.950283599999715,10.4656314
16.966966949999716,12.9281914
16.983650299999717,11.8764614
17.000333649999718,8.7228114
17.01701699999972,2.6065314
17.03370034999972,-3.7325486
17.05038369999972,-9.9431486
17.06706704999972,-12.1759686
17.083750399999722,-12.4584986
17.100433749999723,-10.5539686
17.117117099999724,-4.8230686
17.133800449999725,0.7777314
17.150483799999726,7.3297114
17.167167149999727,10.9443314
17.18385049999973,12.8847014
17.20053384999973,10.8609014
17.21721719999973,7.3127314
17.23390054999973,0.5193514
17.250583899999732,-5.1830486
17.267267249999733,-10.7641686
17.283950599999734,-12.5149686
17.300633949999735,-12.0495286
17.317317299999736,-9.4924286
17.334000649999737,-3.3871186
17.350683999999738,2.7594614
17.36736734999974,8.7056914
17.38405069999974,11.7888314
17.40073404999974,12.8790314
17.417417399999742,10.5546314
17.434100749999743,5.8171314
17.450784099999744,-0.4899886
17.467467449999745,-6.7289086
17.484150799999746,-11.2555886
17.500834149999747,-13.1929886
17.517517499999748,-11.7291286
17.53420084999975,-8.0450486
17.55088419999975,-1.8697486
17.56756754999975,4.2555514
17.584250899999752,9.6803014
17.600934249999753,12.2966314
17.617617599999754,12.4272314
17.634300949999755,9.6681314
17.650984299999756,4.1365614
17.667667649999757,-1.8312986
17.684350999999758,-7.9183686
17.70103434999976,-11.6683686
17.71771769999976,-12.5858686
17.73440104999976,-11.1798086
17.751084399999762,-6.3772886
17.767767749999763,-0.6127886
17.784451099999764,5.6711714
17.801134449999765,10.1477314
17.817817799999766,12.5762314
17.834501149999767,11.4819314
17.851184499999768,8.7294014
17.86786784999977,2.7493014
17.88455119999977,-3.3737186
17.90123454999977,-9.3135986
17.91791789999977,-11.9625686
17.934601249999773,-12.3353686
17.951284599999774,-10.5077186
17.967967949999775,-5.0340886
17.984651299999776,0.4410314
18.001334649999777,7.0501114
18.018017999999778,10.7979714
18.03470134999978,12.8501014
18.05138469999978,11.0834314
18.06806804999978,7.2518914
18.08475139999978,0.9778714
18.101434749999783,-5.0574686
18.118118099999784,-10.3809686
18.134801449999784,-12.6117286
18.151484799999785,-12.1328686
18.168168149999786,-9.3903186
18.184851499999787,-3.6552086
18.20153484999979,2.4582814
18.21821819999979,8.1580314
18.23490154999979,11.7495714
18.25158489999979,12.6658314
18.268268249999792,10.4180914
18.284951599999793,5.8465614
18.301634949999794,-0.4902386
18.318318299999795,-6.5147086
18.335001649999796,-11.0601686
18.351684999999797,-12.3969686
18.3683683499998,-11.4720486
18.3850516999998,-7.6832686
18.4017350499998,-1.7361486
18.4184183999998,4.1208514
18.435101749999802,9.5502914
18.451785099999803,11.8585814
18.468468449999804,12.0755914
18.485151799999805,9.6518314
18.501835149999806,4.5043914
18.518518499999807,-1.4848686
18.535201849999808,-7.5454686
18.55188519999981,-11.4992386
18.56856854999981,-12.2855686
18.58525189999981,-11.1459986
18.601935249999812,-6.4196686
18.618618599999813,-0.5297686
18.635301949999814,5.4111014
18.651985299999815,10.1984814
18.668668649999816,12.2907114
18.685351999999817,11.5507814
18.702035349999818,8.5632314
18.71871869999982,2.7291514
18.73540204999982,-3.3439686
18.75208539999982,-9.1632386
18.768768749999822,-11.9568686
18.785452099999823,-12.4771086
18.802135449999824,-10.4278686
18.818818799999825,-5.1449686
18.835502149999826,0.6327814
18.852185499999827,6.6999514
18.868868849999828,10.8095714
18.88555219999983,12.4012114
18.90223554999983,10.9994514
18.91891889999983,7.2700814
18.93560224999983,1.0659514
18.952285599999833,-4.7804686
18.968968949999834,-10.4139386
18.985652299999835,-12.1545386
19.002335649999836,-11.8408186
19.019018999999837,-9.4326486
19.035702349999838,-3.7298686
19.05238569999984,2.0770914
19.06906904999984,7.9753314
19.08575239999984,10.9543714
19.10243574999984,12.1661314
19.119119099999843,10.2207614
19.135802449999844,5.9918314
19.152485799999845,-0.4452686
19.169169149999846,-5.8958086
19.185852499999847,-10.9343886
19.202535849999848,-12.1600386
19.21921919999985,-11.4550686
19.23590254999985,-7.6873686
19.25258589999985,-1.8580286
19.26926924999985,3.8486014
19.285952599999852,9.1514914
19.302635949999853,11.5621314
19.319319299999854,11.8963614
19.336002649999855,9.6437114
19.352685999999856,4.3478314
19.369369349999857,-1.5637186
19.38605269999986,-7.5660386
19.40273604999986,-11.3249486
19.41941939999986,-12.4865686
19.43610274999986,-10.9800986
19.452786099999862,-6.5036886
19.469469449999863,-0.5707386
19.486152799999864,5.3068314
19.502836149999865,10.1722314
19.519519499999866,12.1455314
19.536202849999867,11.6703814
19.552886199999868,8.6073614
19.56956954999987,3.0146514
19.58625289999987,-2.9022686
19.60293624999987,-8.7351086
19.619619599999872,-11.6946386
19.636302949999873,-12.1623186
19.652986299999874,-10.4963986
19.669669649999875,-5.1776086
19.686352999999876,0.1407514
19.703036349999877,6.4689014
19.719719699999878,10.3656614
19.73640304999988,11.9847714
19.75308639999988,10.7170314
19.76976974999988,7.4443314
19.786453099999882,1.4413714
19.803136449999883,-4.2352886
19.819819799999884,-9.6890286
19.836503149999885,-11.8171986
19.853186499999886,-11.6622686
19.869869849999887,-9.0347286
19.886553199999888,-3.7372086
19.90323654999989,1.8266014
19.91991989999989,7.6823714
19.93660324999989,10.8358114
19.953286599999892,11.9548614
19.969969949999893,10.2963314
19.986653299999894,5.9820514
20.003336649999895,-0.1697686
20.020019999999896,-5.9661886
20.036703349999897,-10.7283986
20.053386699999898,-12.2405386
20.0700700499999,-11.3524686
20.0867533999999,-8.0306386
20.1034367499999,-2.3333686
20.1201200999999,3.5232514
20.136803449999903,9.0546914
20.153486799999904,11.6300614
20.170170149999905,11.9707914
20.186853499999906,9.7344714
20.203536849999907,4.7138314
20.220220199999908,-1.2835686
20.23690354999991,-7.1428686
20.25358689999991,-11.1750486
20.27027024999991,-12.1413686
20.28695359999991,-11.0000686
20.303636949999913,-6.5804486
20.320320299999914,-0.7243086
20.337003649999915,5.0045314
20.353686999999915,9.9049114
20.370370349999916,11.4959714
20.387053699999917,11.1855514
20.40373704999992,8.7708114
20.42042039999992,3.3153114
20.43710374999992,-2.4180286
20.45378709999992,-7.8876386
20.470470449999922,-11.4751686
20.487153799999923,-11.7916286
20.503837149999924,-10.1808186
20.520520499999925,-5.0206286
20.537203849999926,0.0253914
20.553887199999927,6.2438314
20.57057054999993,10.3140914
20.58725389999993,11.6997114
20.60393724999993,10.6744314
20.62062059999993,7.3113314
20.637303949999932,1.3107914
20.653987299999933,-4.4673486
20.670670649999934,-9.6421486
20.687353999999935,-11.7935686
20.704037349999936,-11.6906086
20.720720699999937,-9.1920686
20.737404049999938,-3.9080686
20.75408739999994,1.8629714
20.77077074999994,7.6296114
20.78745409999994,11.0745814
20.804137449999942,12.1046714
20.820820799999943,10.4542314
20.837504149999944,6.0827614
20.854187499999945,0.1209114
20.870870849999946,-5.5416286
20.887554199999947,-10.4591086
20.904237549999948,-11.9434686
20.92092089999995,-11.2492686
20.93760424999995,-7.7097686
20.95428759999995,-1.9886186
20.970970949999952,3.4691114
20.987654299999953,8.7834514
21.004337649999954,11.1722314
21.021020999999955,11.4826614
21.037704349999956,9.6983614
21.054387699999957,4.9305314
21.071071049999958,-1.0518486
21.08775439999996,-6.4385986
21.10443774999996,-10.9959986
21.12112109999996,-11.7866686
21.13780444999996,-10.8644386
21.154487799999963,-6.2211286
21.171171149999964,-0.8446086
21.187854499999965,4.8840614
21.204537849999966,9.7276914
21.221221199999967,11.3358714
21.237904549999968,11.1226814
21.25458789999997,8.8550714
21.27127124999997,3.3432014
21.28795459999997,-2.3197986
21.30463794999997,-8.0187986
21.321321299999973,-11.3272686
21.338004649999974,-11.8289686
21.354687999999975,-10.2634886
21.371371349999976,-5.2814986
21.388054699999977,0.1164514
21.404738049999978,6.0773914
21.42142139999998,10.3649914
21.43810474999998,11.9817314
21.45478809999998,11.0485314
21.47147144999998,7.5444914
21.488154799999982,1.6284814
21.504838149999983,-4.1354986
21.521521499999984,-9.2726186
21.538204849999985,-11.6358686
21.554888199999986,-11.6122486
21.571571549999987,-9.1201186
21.58825489999999,-3.9849886
21.60493824999999,1.4298114
21.62162159999999,7.2118514
21.63830494999999,10.5191014
21.654988299999992,11.4589814
21.671671649999993,10.1868314
21.688354999999994,6.0802014
21.705038349999995,-0.0918686
21.721721699999996,-5.1795986
21.738405049999997,-10.2143686
21.755088399999998,-11.6954386
21.77177175,-11.2499086
21.7884551,-7.4815086
21.80513845,-2.1654686
21.821821800000002,3.3436314
21.838505150000003,8.5565314
21.855188500000004,10.9080314
21.871871850000005,11.2478914
21.888555200000006,9.6665314
21.905238550000007,4.8694314
21.921921900000008,-1.0371086
21.93860525000001,-6.6189686
21.95528860000001,-10.9345086
21.97197195000001,-11.8054686
21.988655300000012,-10.8832386
22.005338650000013,-6.6065686
22.022022000000014,-0.9688086
22.038705350000015,4.7029114
22.055388700000016,9.5689714
22.072072050000017,11.6203914
22.088755400000018,11.3648714
22.10543875000002,8.6564914
22.12212210000002,3.3884614
22.13880545000002,-2.3755486
22.155488800000022,-7.9499486
22.172172150000023,-11.1938486
22.188855500000024,-11.6495386
22.205538850000025,-10.1353186
22.222222200000026,-5.3933686
22.238905550000027,-0.1714486
22.255588900000028,5.7734714
22.27227225000003,10.1519814
22.28895560000003,11.2424914
22.30563895000003,10.6118314
22.32232230000003,7.3603814
22.339005650000033,1.6451314
22.355689000000034,-3.6047986
22.372372350000035,-8.6148986
22.389055700000036,-11.4189486
22.405739050000037,-11.4408886
22.422422400000038,-8.5236186
22.43910575000004,-3.7014186
22.45578910000004,1.5202014
22.47247245000004,7.1731914
22.48915580000004,10.3723114
22.505839150000043,11.2673314
22.522522500000044,10.2058714
22.539205850000045,6.1234714
22.555889200000045,0.1921314
22.572572550000046,-5.0126986
22.589255900000047,-9.9913286
22.60593925000005,-11.5423286
22.62262260000005,-11.1042686
22.63930595000005,-7.7692886
22.65598930000005,-2.5347286
22.672672650000052,2.9545914
22.689356000000053,8.0699114
22.706039350000054,11.0124314
22.722722700000055,11.7296714
22.739406050000056,9.7048314
22.756089400000057,5.1240314
22.77277275000006,-0.7927286
22.78945610000006,-6.3481486
22.80613945000006,-10.6270186
22.82282280000006,-11.6049686
22.839506150000062,-10.7520486
22.856189500000063,-6.5252686
22.872872850000064,-1.1187686
22.889556200000065,4.3627014
22.906239550000066,9.0997314
22.922922900000067,10.9845014
22.939606250000068,10.8283114
22.95628960000007,8.6485014
22.97297295000007,3.5710314
22.98965630000007,-1.9040486
23.006339650000072,-7.2441986
23.023023000000073,-10.9958486
23.039706350000074,-11.4229386
23.056389700000075,-9.6952686
23.073073050000076,-5.1558186
23.089756400000077,-0.3163686
23.106439750000078,5.5820314
23.12312310000008,9.7928114
23.13980645000008,10.8699314
23.15648980000008,10.3380114
23.173173150000082,7.1562514
23.189856500000083,1.4620314
23.206539850000084,-3.7584186
23.223223200000085,-8.6782186
23.239906550000086,-11.2673986
23.256589900000087,-11.3122286
23.273273250000088,-8.9282186
23.28995660000009,-4.2167386
23.30663995000009,1.0622514
23.32332330000009,6.6994914
23.340006650000092,10.3574814
23.356690000000093,11.4293814
23.373373350000094,10.1272614
23.390056700000095,6.0534714
23.406740050000096,0.4224314
23.423423400000097,-5.0780686
23.440106750000098,-9.8303686
23.4567901000001,-11.4808386
23.4734734500001,-11.0476086
23.4901568000001,-7.9308486
23.5068401500001,-2.7120986
23.523523500000103,2.8092614
23.540206850000104,7.9224814
23.556890200000105,10.5164314
23.573573550000106,10.9214514
23.590256900000107,9.3417314
23.606940250000108,4.8088314
23.62362360000011,-0.8420386
23.64030695000011,-6.2180686
23.65699030000011,-10.6203686
23.67367365000011,-11.5142686
23.690357000000112,-10.7895486
23.707040350000113,-6.2317486
23.723723700000114,-1.0724486
23.740407050000115,4.3687114
23.757090400000116,9.0236314
23.773773750000117,10.6676614
23.79045710000012,10.5969814
23.80714045000012,8.5860314
23.82382380000012,3.5292314
23.84050715000012,-1.9670086
23.857190500000122,-7.2668186
23.873873850000123,-10.9633186
23.890557200000124,-11.4892686
23.907240550000125,-10.1892086
23.923923900000126,-5.5489486
23.940607250000127,-0.3837886
23.957290600000128,5.1946114
23.97397395000013,9.6221914
23.99065730000013,11.1231314
24.00734065000013,10.5600014
24.024024000000132,7.3789714
24.040707350000133,2.0126314
24.057390700000134,-3.4402486
24.074074050000135,-8.3975686
24.090757400000136,-11.0527086
24.107440750000137,-11.2439886
24.124124100000138,-9.0831286
24.14080745000014,-4.4313086
24.15749080000014,0.6626014
24.17417415000014,6.2432314
24.190857500000142,10.1583814
24.207540850000143,10.8348714
24.224224200000144,9.9648714
24.240907550000145,6.0975014
24.257590900000146,0.5150714
24.274274250000147,-4.6596086
24.290957600000148,-9.2740486
24.30764095000015,-11.3157386
24.32432430000015,-11.0230086
24.34100765000015,-7.5881986
24.357691000000152,-2.6285686
24.374374350000153,2.6471514
24.391057700000154,7.5028114
24.407741050000155,10.2437714
24.424424400000156,10.6662314
24.441107750000157,9.4218114
24.457791100000158,4.9293814
24.47447445000016,-0.6138286
24.49115780000016,-5.9312686
24.50784115000016,-10.3649686
24.52452450000016,-11.2721886
24.541207850000163,-10.7206986
24.557891200000164,-6.6694386
24.574574550000165,-1.3964886
24.591257900000166,3.7815814
24.607941250000167,8.3633114
24.624624600000168,10.6831614
24.64130795000017,10.7268714
24.65799130000017,8.2458514
24.67467465000017,3.5435814
24.69135800000017,-1.8347186
24.708041350000173,-7.2472886
24.724724700000174,-10.7149686
24.741408050000175,-11.2797286
24.758091400000175,-9.7326086
24.774774750000176,-5.4562086
24.791458100000177,-0.3771086
24.80814145000018,5.0191314
24.82482480000018,9.3914814
24.84150815000018,10.7710914
24.85819150000018,10.3265114
24.874874850000182,7.1479514
24.891558200000183,1.9191014
24.908241550000184,-3.2903486
24.924924900000185,-8.2154686
24.941608250000186,-11.0869186
24.958291600000187,-11.2127086
24.97497495000019,-8.8371286
24.99165830000019,-3.9604186
25.00834165000019,0.6678314
25.02502500000019,6.4403114
25.041708350000192,10.0121714
25.058391700000193,10.6727314
25.075075050000194,9.8208914
25.091758400000195,6.1164514
25.108441750000196,0.3654314
25.125125100000197,-4.6586886
25.141808450000198,-9.4152686
25.1584918000002,-11.1856686
25.1751751500002,-11.0079386
25.1918585000002,-7.7830686
25.208541850000202,-2.8575486
25.225225200000203,2.2885114
25.241908550000204,7.3006614
25.258591900000205,10.3579714
25.275275250000206,10.8255914
25.291958600000207,9.3870314
25.308641950000208,5.1131614
25.32532530000021,-0.5455286
25.34200865000021,-5.7894286
25.35869200000021,-10.0032686
25.375375350000212,-11.2597686
25.392058700000213,-10.6044886
25.408742050000214,-6.6541686
25.425425400000215,-1.5724486
25.442108750000216,3.6085814
25.458792100000217,8.2640314
25.475475450000218,10.5828314
25.49215880000022,10.5222314
25.50884215000022,8.4516014
25.52552550000022,3.5979014
25.542208850000222,-1.6318386
25.558892200000223,-6.7856686
25.575575550000224,-10.6646086
25.592258900000225,-11.2422486
25.608942250000226,-9.9050886
25.625625600000227,-5.3168986
25.642308950000228,-0.5647686
25.65899230000023,5.0066814
25.67567565000023,9.2143814
25.69235900000023,10.4982014
25.70904235000023,10.1227314
25.725725700000233,7.2901014
25.742409050000234,2.2662914
25.759092400000235,-2.9827886
25.775775750000236,-7.8113986
25.792459100000237,-10.9404286
25.809142450000238,-11.0489186
25.82582580000024,-8.9622686
25.84250915000024,-4.2458486
25.85919250000024,0.3421614
25.87587585000024,5.9588614
25.892559200000242,9.7924314
25.909242550000243,10.6602314
25.925925900000244,9.8163314
25.942609250000245,5.9635014
25.959292600000246,0.6525914
25.975975950000247,-4.5525486
25.99265930000025,-9.0998686
26.00934265000025,-11.0050986
26.02602600000025,-10.7871086
26.04270935000025,-7.9500086
26.059392700000252,-2.9860186
26.076076050000253,2.1084014
26.092759400000254,7.1335114
26.109442750000255,10.2404314
26.126126100000256,10.6441314
26.142809450000257,9.2209314
26.15949280000026,4.9954814
26.17617615000026,-0.5456686
26.19285950000026,-5.6140686
26.20954285000026,-10.1356686
26.226226200000262,-11.1111486
26.242909550000263,-10.5930186
26.259592900000264,-6.4820686
26.276276250000265,-1.3055086
26.292959600000266,3.7293714
26.309642950000267,8.2411514
26.326326300000268,10.3601314
26.34300965000027,10.3291614
26.35969300000027,8.2972314
26.37637635000027,3.8312314
26.393059700000272,-1.4063686
26.409743050000273,-6.4713686
26.426426400000274,-10.5017086
26.443109750000275,-11.1683386
26.459793100000276,-9.8417986
26.476476450000277,-5.4474486
26.493159800000278,-0.4498286
26.50984315000028,4.8238514
26.52652650000028,9.0184314
26.54320985000028,10.4931014
26.559893200000282,10.2233314
26.576576550000283,7.2242314
26.593259900000284,2.1495314
26.609943250000285,-2.9969686
26.626626600000286,-7.9283186
26.643309950000287,-10.7443886
26.659993300000288,-10.9525186
26.67667665000029,-8.7861286
26.69336000000029,-4.4760686
26.71004335000029,0.6677514
26.72672670000029,5.9353614
26.743410050000293,9.6890914
26.760093400000294,10.7077314
26.776776750000295,9.7484114
26.793460100000296,6.0308314
26.810143450000297,0.4985314
26.826826800000298,-4.3343486
26.8435101500003,-8.7185386
26.8601935000003,-10.9910686
26.8768768500003,-10.8041986
26.8935602000003,-7.5283686
26.910243550000303,-2.8879386
26.926926900000304,1.8475914
26.943610250000305,6.9769914
26.960293600000306,10.0073814
26.976976950000306,10.3812914
26.993660300000307,9.1956314
27.01034365000031,5.1286614
27.02702700000031,-0.5139486
27.04371035000031,-5.1908686
27.06039370000031,-9.4680686
27.077077050000312,-11.0631386
27.093760400000313,-10.3082286
27.110443750000314,-6.4670986
27.127127100000315,-1.4342986
27.143810450000316,3.3803714
27.160493800000317,7.9883114
27.17717715000032,10.3028514
27.19386050000032,10.3194614
27.21054385000032,8.2948014
27.22722720000032,3.6090714
27.243910550000322,-1.4712486
27.260593900000323,-6.5637186
27.277277250000324,-10.1585086
27.293960600000325,-11.0018886
27.310643950000326,-9.6152986
27.327327300000327,-5.4172986
27.344010650000328,-0.4322686
27.36069400000033,4.8363314
27.37737735000033,8.9337114
27.39406070000033,10.5531614
27.410744050000332,10.2137714
27.427427400000333,7.1644914
27.444110750000334,2.2772314
27.460794100000335,-2.7683686
27.477477450000336,-7.4132086
27.494160800000337,-10.6112086
27.510844150000338,-10.9198286
27.52752750000034,-8.5744686
27.54421085000034,-4.2673386
27.56089420000034,0.3399014
27.577577550000342,5.7155714
27.594260900000343,9.6358014
27.610944250000344,10.3824314
27.627627600000345,9.6637314
27.644310950000346,6.2536614
27.660994300000347,0.6428314
27.677677650000348,-3.9180286
27.69436100000035,-8.1419086
27.71104435000035,-10.8458886
27.72772770000035,-10.6072386
27.744411050000352,-7.2789286
27.761094400000353,-2.9057886
27.777777750000354,1.7644314
27.794461100000355,6.7830314
27.811144450000356,10.0234314
27.827827800000357,10.3637714
27.844511150000358,9.0425314
27.86119450000036,4.9683814
27.87787785000036,-0.3491686
27.89456120000036,-5.3059686
27.91124455000036,-9.3458286
27.927927900000363,-10.8913286
27.944611250000364,-10.0418686
27.961294600000365,-6.4754686
27.977977950000366,-1.5793486
27.994661300000367,3.1952814
28.011344650000368,7.7182014
28.02802800000037,10.3387314
28.04471135000037,10.4143714
28.06139470000037,8.0773914
28.07807805000037,3.6764514
28.094761400000372,-1.2795386
28.111444750000373,-6.3838486
28.128128100000374,-10.0230686
28.144811450000375,-10.9122286
28.161494800000376,-9.5082386
28.178178150000377,-5.3817686
28.19486150000038,-0.4983486
28.21154485000038,4.5148914
28.22822820000038,8.7808814
28.24491155000038,10.2548314
28.261594900000382,9.9717114
28.278278250000383,7.1714514
28.294961600000384,2.6619314
28.311644950000385,-2.3833686
28.328328300000386,-6.8769186
28.345011650000387,-10.3764386
28.36169500000039,-10.7306186
28.37837835000039,-8.3238186
28.39506170000039,-4.1832286
28.41174505000039,0.2249314
28.428428400000392,5.5644814
28.445111750000393,9.3139614
28.461795100000394,10.3605914
28.478478450000395,9.6112314
28.495161800000396,5.9781514
28.511845150000397,0.7098714
28.528528500000398,-3.9999086
28.5452118500004,-8.3368486
28.5618952000004,-10.7448686
28.5785785500004,-10.5833086
28.595261900000402,-7.7062986
28.611945250000403,-3.0381486
28.628628600000404,1.7696514
28.645311950000405,6.6325714
28.661995300000406,10.0299714
28.678678650000407,10.4937714
28.695362000000408,9.0261314
28.71204535000041,5.1126714
28.72872870000041,-0.2651386
28.74541205000041,-5.2708686
28.762095400000412,-9.1920686
28.778778750000413,-10.8622486
28.795462100000414,-10.1510286
28.812145450000415,-6.4069186
28.828828800000416,-1.5739186
28.845512150000417,3.1819314
28.862195500000418,7.4185814
28.87887885000042,10.1528914
28.89556220000042,10.1391614
28.91224555000042,8.0932914
28.92892890000042,3.8590114
28.945612250000423,-1.1459386
28.962295600000424,-5.8648686
28.978978950000425,-9.5287486
28.995662300000426,-10.7966286
29.012345650000427,-9.0248086
29.029029000000428,-5.2156986
29.04571235000043,-0.6776086
29.06239570000043,4.3896314
29.07907905000043,8.6053314
29.09576240000043,10.2317514
29.112445750000433,9.9851114
29.129129100000434,7.0750114
29.145812450000435,2.4654314
29.162495800000436,-2.3615086
29.179179150000436,-7.1934686
29.195862500000437,-10.3608686
29.21254585000044,-10.7803986
29.22922920000044,-8.4783986
29.24591255000044,-4.4580086
29.26259590000044,0.2626614
29.279279250000442,5.5143114
29.295962600000443,9.2774914
29.312645950000444,10.4055314
29.329329300000445,9.5987514
29.346012650000446,6.0559714
29.362696000000447,0.9630714
29.37937935000045,-3.8655386
29.39606270000045,-8.1039086
29.41274605000045,-10.6274386
29.42942940000045,-10.5115986
29.446112750000452,-7.4740686
29.462796100000453,-3.0737286
29.479479450000454,1.3284914
29.496162800000455,6.3718314
29.512846150000456,9.6901314
29.529529500000457,10.2476514
29.546212850000458,8.9202314
29.56289620000046,5.1543914
29.57957955000046,-0.3097186
29.59626290000046,-4.7987686
29.612946250000462,-8.6394086
29.629629600000463,-10.6700086
29.646312950000464,-9.6668686
29.662996300000465,-6.1432486
29.679679650000466,-1.5411986
29.696363000000467,3.0975614
29.713046350000468,7.2749914
29.72972970000047,10.0720814
29.74641305000047,10.1314114
29.76309640000047,8.1237314
29.779779750000472,3.8022114
29.796463100000473,-1.1372686
29.813146450000474,-6.0812986
29.829829800000475,-9.6081686
29.846513150000476,-10.7780486
29.863196500000477,-9.2633086
29.879879850000478,-5.4714386
29.89656320000048,-0.6185286
29.91324655000048,4.2322314
29.92992990000048,8.1093114
29.946613250000482,10.2619614
29.963296600000483,10.0063514
29.979979950000484,6.9745814
29.996663300000485,2.3751814
30.013346650000486,-2.4688986
30.030030000000487,-7.0038686
30.046713350000488,-10.1027686
30.06339670000049,-10.6338486
30.08008005000049,-8.3320886
30.09676340000049,-4.4188886
30.11344675000049,0.0802014
30.130130100000493,5.2879014
30.146813450000494,9.1553914
30.163496800000495,10.2363914
30.180180150000496,9.4956314
30.196863500000497,5.9928014
30.213546850000498,0.9640814
30.2302302000005,-3.4855986
30.2469135500005,-7.5182686
30.2635969000005,-10.3556186
30.2802802500005,-10.1890886
30.296963600000502,-6.9860686
30.313646950000503,-2.8662386
30.330330300000504,1.6041314
30.347013650000505,6.2808314
30.363697000000506,9.6212114
30.380380350000507,10.1776114
30.39706370000051,8.7987714
30.41374705000051,4.9380814
30.43043040000051,-0.2364486
30.44711375000051,-4.8414686
30.463797100000512,-8.6787086
30.480480450000513,-10.6845386
30.497163800000514,-9.7787686
30.513847150000515,-6.5086686
30.530530500000516,-1.9013086
30.547213850000517,2.8360914
30.56389720000052,7.1665914
30.58058055000052,9.9934714
30.59726390000052,10.1776714
30.61394725000052,7.8083814
30.630630600000522,3.7893714
30.647313950000523,-0.9942686
30.663997300000524,-5.7914386
30.680680650000525,-9.4937086
30.697364000000526,-10.6628386
30.714047350000527,-9.2066686
30.730730700000528,-5.5316686
30.74741405000053,-0.7064186
30.76409740000053,3.9424714
30.78078075000053,8.0979614
30.797464100000532,10.0856914
30.814147450000533,9.8213314
30.830830800000534,6.9471114
30.847514150000535,2.4938314
30.864197500000536,-2.0870986
30.880880850000537,-6.5425986
30.897564200000538,-9.8194686
30.91424755000054,-10.3890986
30.93093090000054,-7.8815686
30.94761425000054,-4.1525886
30.964297600000542,-0.0655486
30.980980950000543,5.1659514
30.997664300000544,8.7581314
31.014347650000545,10.1118814
31.031031000000546,9.3902014
31.047714350000547,5.8843114
31.064397700000548,0.7285114
31.08108105000055,-3.4717386
31.09776440000055,-7.5802286
31.11444775000055,-10.3734686
31.13113110000055,-10.3780486
31.147814450000553,-7.4139986
31.164497800000554,-3.1856986
31.181181150000555,1.1989714
31.197864500000556,5.9934114
31.214547850000557,9.4206514
31.231231200000558,10.1856114
31.24791455000056,8.6913114
31.26459790000056,5.1959814
31.28128125000056,0.1040614
31.29796460000056,-4.7289386
31.314647950000563,-8.5669286
31.331331300000564,-10.4380686
31.348014650000565,-9.7891886
31.364698000000566,-6.4777186
31.381381350000566,-1.9605986
31.398064700000567,2.6952814
31.41474805000057,6.9884614
31.43143140000057,9.6582914
31.44811475000057,9.9371914
31.46479810000057,7.7133814
31.481481450000572,3.9019314
31.498164800000573,-0.9514186
31.514848150000574,-5.4478186
31.531531500000575,-8.9846686
31.548214850000576,-10.4330686
31.564898200000577,-8.7033086
31.58158155000058,-5.1680286
31.59826490000058,-0.7871086
31.61494825000058,4.0263014
31.63163160000058,7.8706014
31.648314950000582,9.8952014
31.664998300000583,9.7102014
31.681681650000584,6.9417114
31.698365000000585,2.6972014
31.715048350000586,-1.8938686
31.731731700000587,-6.4940486
31.748415050000588,-9.7041886
31.76509840000059,-10.4946286
31.78178175000059,-8.1381186
31.79846510000059,-4.5593286
31.815148450000592,-0.1312286
31.831831800000593,4.8612714
31.848515150000594,8.3967914
31.865198500000595,10.1323314
31.881881850000596,9.1958614
31.898565200000597,5.9644514
31.915248550000598,1.1912814
31.9319319000006,-3.4462886
31.9486152500006,-7.5987286
31.9652986000006,-9.8604086
31.981981950000602,-9.9667986
31.998665300000603,-7.5107986
32.015348650000604,-3.1944886
32.032032000000605,1.0369614
32.048715350000606,5.7363914
32.06539870000061,9.0992314
32.08208205000061,9.9335314
32.09876540000061,8.4545014
32.11544875000061,4.8840914
32.13213210000061,-0.1079686
32.14881545000061,-4.5858186
32.16549880000061,-8.3736886
32.182182150000614,-10.2412086
32.198865500000615,-9.3809486
32.215548850000616,-6.0369286
32.23223220000062,-1.7324686
32.24891555000062,2.6862314
32.26559890000062,6.9152814
32.28228225000062,9.4501914
32.29896560000062,9.7518314
32.31564895000062,7.6715114
32.33233230000062,3.8753614
32.349015650000624,-0.8438086
32.365699000000625,-5.3619386
32.382382350000626,-9.0231286
32.39906570000063,-10.3990486
32.41574905000063,-8.8167686
32.43243240000063,-5.4526386
32.44911575000063,-0.8845186
32.46579910000063,3.6634314
32.48248245000063,7.6478914
32.49916580000063,9.7371514
32.51584915000063,9.5642714
32.532532500000634,6.8206314
32.549215850000635,2.3911314
32.565899200000636,-2.0557286
32.58258255000064,-6.4815986
32.59926590000064,-9.5785486
32.61594925000064,-9.9844386
32.63263260000064,-8.1770286
32.64931595000064,-4.5868186
32.66599930000064,-0.1477686
32.68268265000064,4.5595114
32.699366000000644,8.2796014
32.716049350000645,9.7771614
32.732732700000646,9.1163614
32.74941605000065,5.7590914
32.76609940000065,0.8917814
32.78278275000065,-3.1386386
32.79946610000065,-7.0124486
32.81614945000065,-9.8389886
32.83283280000065,-9.7466386
32.84951615000065,-6.8831186
32.866199500000654,-3.0486186
32.882882850000655,0.8986314
32.899566200000656,5.8053614
32.91624955000066,8.8975814
32.93293290000066,9.7100814
32.94961625000066,8.3507714
32.96629960000066,4.9540314
32.98298295000066,-0.1142686
32.99966630000066,-4.4519086
33.01634965000066,-7.8861386
33.033033000000664,-10.1489886
33.049716350000665,-9.3797686
33.066399700000666,-6.3212886
33.08308305000067,-1.7739286
33.09976640000067,2.3035914
33.11644975000067,6.3893114
33.13313310000067,9.4871314
33.14981645000067,9.5656714
33.16649980000067,7.3197614
33.18318315000067,3.8192114
33.199866500000674,-0.9224886
33.216549850000675,-5.4536086
33.233233200000676,-8.7495086
33.24991655000068,-9.9373686
33.26659990000068,-8.8610186
33.28328325000068,-5.3185386
33.29996660000068,-0.7701686
33.31664995000068,3.5880114
33.33333330000068,7.4326314
33.35001665000068,9.6436114
33.366700000000684,9.3671914
33.383383350000685,6.6672014
33.400066700000686,2.4573014
33.41675005000069,-1.8294686
33.43343340000069,-6.2695286
33.45011675000069,-9.4319486
33.46680010000069,-10.0315886
33.48348345000069,-7.8688386
33.50016680000069,-4.2545686
33.51685015000069,-0.2249686
33.53353350000069,4.7653514
33.550216850000695,8.2769314
33.566900200000696,9.6809114
33.5835835500007,8.9516014
33.6002669000007,5.8634014
33.6169502500007,1.1191114
33.6336336000007,-3.0846886
33.6503169500007,-7.0436986
33.6670003000007,-9.7861286
33.6836836500007,-9.8093886
33.7003670000007,-7.0769686
33.717050350000704,-3.2610486
33.733733700000705,0.7182014
33.750417050000706,5.5191614
33.76710040000071,8.6279014
33.78378375000071,9.6636014
33.80046710000071,8.1503314
33.81715045000071,5.0417314
33.83383380000071,0.1524614
33.85051715000071,-4.4371686
33.86720050000071,-8.0352686
33.883883850000714,-9.8183686
33.900567200000715,-9.3822686
33.917250550000716,-6.2865686
33.93393390000072,-2.1997686
33.95061725000072,2.2121014
33.96730060000072,6.4191314
33.98398395000072,9.2047714
34.00066730000072,9.5900314
34.01735065000072,7.6496614
34.03403400000072,3.7609514
34.050717350000724,-0.7406886
34.067400700000725,-5.2143286
34.084084050000726,-8.5838686
34.10076740000073,-10.0503686
34.11745075000073,-8.6957386
34.13413410000073,-5.3138386
34.15081745000073,-0.9445686
34.16750080000073,3.5936614
34.18418415000073,7.2959614
34.20086750000073,9.4345114
34.217550850000734,9.3131314
34.234234200000735,6.8458314
34.250917550000736,2.6448314
34.26760090000074,-1.7031886
34.28428425000074,-6.1059286
34.30096760000074,-9.2617686
34.31765095000074,-10.0353986
34.33433430000074,-7.9122286
34.35101765000074,-4.2507886
34.36770100000074,-0.2368186
34.384384350000744,4.5891114
34.401067700000745,8.1180114
34.417751050000746,9.5609114
34.43443440000075,8.7037314
34.45111775000075,5.7097814
34.46780110000075,1.1864314
34.48448445000075,-3.1578386
34.50116780000075,-7.1859086
34.51785115000075,-9.6287186
34.53453450000075,-9.6711086
34.551217850000754,-7.2335486
34.567901200000755,-3.3169886
34.584584550000756,0.9339614
34.60126790000076,5.5123914
34.61795125000076,8.4970114
34.63463460000076,9.6303114
34.65131795000076,8.3793314
34.66800130000076,4.9384814
34.68468465000076,0.0473914
34.70136800000076,-4.2318386
34.71805135000076,-7.7918086
34.734734700000764,-9.9154686
34.751418050000765,-9.2729186
34.768101400000766,-6.2441386
34.78478475000077,-1.8940386
34.80146810000077,2.1656514
34.81815145000077,6.2988614
34.83483480000077,9.1166314
34.85151815000077,9.4456314
34.86820150000077,7.4836314
34.88488485000077,3.8929314
34.901568200000774,-0.8013286
34.918251550000775,-4.9894686
34.934934900000776,-8.1379386
34.95161825000078,-9.7673386
34.96830160000078,-8.6228986
34.98498495000078,-5.2465186
35.00166830000078,-0.8950686
35.01835165000078,3.3098114
35.03503500000078,7.0958314
35.05171835000078,9.2778314
35.068401700000784,9.0827314
35.085085050000785,6.5155914
35.101768400000786,2.4613014
35.11845175000079,-1.8407686
35.13513510000079,-5.9952986
35.15181845000079,-9.1260386
35.16850180000079,-9.7708686
35.18518515000079,-7.9970986
35.20186850000079,-4.4986886
35.21855185000079,-0.1761486
35.235235200000794,4.4674714
35.251918550000795,7.6813914
35.268601900000796,9.4826314
35.2852852500008,8.6295814
35.3019686000008,5.7323014
35.3186519500008,1.2028814
35.3353353000008,-2.8546686
35.3520186500008,-6.8536686
35.3687020000008,-9.5238086
35.3853853500008,-9.6364686
35.402068700000804,-6.9175386
35.418752050000805,-3.2885486
35.435435400000806,0.5126914
35.45211875000081,5.3711514
35.46880210000081,8.4220014
35.48548545000081,9.4001314
35.50216880000081,8.1079714
35.51885215000081,4.9354314
35.53553550000081,-0.0757186
35.55221885000081,-3.8021286
35.568902200000814,-7.3511686
35.585585550000815,-9.4689986
35.602268900000816,-8.9073186
35.61895225000082,-6.0977686
35.63563560000082,-1.9241986
35.65231895000082,1.8804614
35.66900230000082,6.1503314
35.68568565000082,8.9124714
35.70236900000082,9.1839014
35.71905235000082,7.2116714
35.735735700000824,3.6788314
35.752419050000825,-0.7437686
35.769102400000826,-5.0718986
35.78578575000083,-8.3043686
35.80246910000083,-9.7596686
35.81915245000083,-8.5288686
35.83583580000083,-5.3073086
35.85251915000083,-0.9744886
35.86920250000083,3.1641814
35.88588585000083,7.0142314
35.90256920000083,9.2280914
35.919252550000834,9.0526114
35.935935900000835,6.5623314
35.952619250000836,2.5742314
35.96930260000084,-1.6997086
35.98598595000084,-5.9198886
36.00266930000084,-8.7592186
36.01935265000084,-9.5621386
36.03603600000084,-7.6717486
36.05271935000084,-4.4191886
36.06940270000084,-0.3139686
36.086086050000844,4.2548314
36.102769400000845,7.5217014
36.119452750000846,9.3316914
36.13613610000085,8.5780914
36.15281945000085,5.7603714
36.16950280000085,1.4018514
36.18618615000085,-2.5966686
36.20286950000085,-6.4584386
36.21955285000085,-8.9121686
36.23623620000085,-9.0381686
36.252919550000854,-6.6235386
36.269602900000855,-3.2214986
36.286286250000856,0.4857314
36.30296960000086,5.2091014
36.31965295000086,8.2227514
36.33633630000086,9.1738314
36.35301965000086,8.0695814
36.36970300000086,4.6091314
36.38638635000086,0.0447114
36.40306970000086,-4.0551486
36.419753050000864,-7.5856886
36.436436400000865,-9.4349386
36.453119750000866,-8.9368886
36.46980310000087,-6.1670686
36.48648645000087,-2.1752886
36.50316980000087,1.9487614
36.51985315000087,6.0586814
36.53653650000087,8.6827314
36.55321985000087,9.2420614
36.56990320000087,7.2459714
36.586586550000874,3.7284514
36.603269900000875,-0.6896986
36.619953250000876,-4.9933486
36.63663660000088,-8.0133986
36.65331995000088,-9.5062286
36.67000330000088,-8.1779686
36.68668665000088,-5.2993186
36.70337000000088,-0.9829686
36.72005335000088,3.1348314
36.73673670000088,6.6758314
36.753420050000884,9.0475814
36.770103400000885,8.9415314
36.786786750000886,6.4923114
36.80347010000089,2.7028814
36.82015345000089,-1.4022186
36.83683680000089,-5.4526986
36.85352015000089,-8.2733486
36.87020350000089,-9.1488686
36.88688685000089,-7.2471286
36.90357020000089,-4.1108986
36.92025355000089,-0.3941386
36.936936900000894,4.1805314
36.953620250000895,7.4177314
36.970303600000896,9.0528314
36.9869869500009,8.6055314
37.0036703000009,5.6408114
37.0203536500009,1.1666914
37.0370370000009,-2.7669986
37.0537203500009,-6.6187086
37.0704037000009,-9.1085686
37.0870870500009,-9.1849086
37.103770400000904,-6.9524186
37.120453750000905,-3.2402386
37.137137100000906,0.7139614
37.15382045000091,5.2393314
37.17050380000091,7.9739314
37.18718715000091,9.2231714
37.20387050000091,7.9429314
37.22055385000091,4.8496314
37.23723720000091,0.2482314
37.25392055000091,-3.9323686
37.270603900000914,-7.3318486
37.287287250000915,-9.2251686
37.303970600000916,-8.8018686
37.32065395000092,-6.0478486
37.33733730000092,-1.9549686
37.35402065000092,1.5201114
37.37070400000092,5.8149314
37.38738735000092,8.5669514
37.40407070000092,9.0723914
37.42075405000092,7.1174314
37.437437400000924,3.8304314
37.454120750000925,-0.6646986
37.470804100000926,-4.6615886
37.48748745000093,-7.5718986
37.50417080000093,-8.9956686
37.52085415000093,-7.8353686
37.53753750000093,-4.9475086
37.55422085000093,-0.9301686
37.57090420000093,3.1444114
37.58758755000093,6.6099814
37.604270900000934,8.8886114
37.620954250000935,8.7976114
37.637637600000936,6.4113114
37.65432095000094,2.6468514
37.67100430000094,-1.4712186
37.68768765000094,-5.6954986
37.70437100000094,-8.4173886
37.72105435000094,-9.2517686
37.73773770000094,-7.6599086
37.75442105000094,-4.4608186
37.771104400000944,-0.2962386
37.787787750000945,4.0183314
37.804471100000946,7.3536314
37.82115445000095,9.0069014
37.83783780000095,8.0986914
37.85452115000095,5.6045514
37.87120450000095,1.3363014
37.88788785000095,-2.8400886
37.90457120000095,-6.6403686
37.92125455000095,-8.9200686
37.937937900000954,-9.0143686
37.954621250000955,-6.7717886
37.971304600000956,-3.1877186
37.98798795000096,0.3529614
38.00467130000096,5.0389314
38.02135465000096,7.8757014
38.03803800000096,9.1047714
38.05472135000096,7.6857914
38.07140470000096,4.7911314
38.08808805000096,-0.0405886
38.10477140000096,-3.5836686
38.121454750000964,-6.8367886
38.138138100000965,-8.8114686
38.154821450000966,-8.2324686
38.17150480000097,-5.7600086
38.18818815000097,-1.8598686
38.20487150000097,1.8421014
38.22155485000097,5.8541514
38.23823820000097,8.4661814
38.25492155000097,8.9224814
38.27160490000097,7.0886814
38.288288250000974,3.7647114
38.304971600000975,-0.6132686
38.321654950000976,-4.7989486
38.33833830000098,-7.6760886
38.35502165000098,-9.2720986
38.37170500000098,-8.0911886
38.38838835000098,-5.2845686
38.40507170000098,-1.0844086
38.42175505000098,2.8217814
38.43843840000098,6.4689914
38.455121750000984,8.5961914
38.471805100000985,8.4825314
38.488488450000986,6.3161314
38.50517180000099,2.5175314
38.52185515000099,-1.3884286
38.53853850000099,-5.5381686
38.55522185000099,-8.3323686
38.57190520000099,-9.1354986
38.58858855000099,-7.5227686
38.60527190000099,-4.3104886
38.621955250000994,-0.3784186
38.638638600000995,3.9061314
38.655321950000996,7.1812714
38.672005300001,8.9205914
38.688688650001,8.1194314
38.705372000001,5.5821514
38.722055350001,1.2785914
38.738738700001,-2.3911086
38.755422050001,-6.1853986
38.772105400001,-8.3782986
38.788788750001004,-8.5036686
38.805472100001005,-6.4772986
38.822155450001006,-3.0318686
38.83883880000101,0.3408814
38.85552215000101,4.9611314
38.87220550000101,7.7558014
38.88888885000101,9.0089114
38.90557220000101,7.5682114
38.92225555000101,4.6682114
38.93893890000101,0.1055014
38.955622250001014,-3.5292986
38.972305600001015,-6.9064686
38.988988950001016,-8.9227886
39.00567230000102,-8.4113186
39.02235565000102,-5.9976186
39.03903900000102,-2.2550986
39.05572235000102,1.5698314
39.07240570000102,5.6311014
39.08908905000102,8.0709814
39.10577240000102,8.7647114
39.12245575000102,6.9401814
39.139139100001024,3.6514314
39.155822450001025,-0.4819386
39.172505800001026,-4.7004386
39.18918915000103,-7.6996186
39.20587250000103,-9.1124286
39.22255585000103,-8.0738686
39.23923920000103,-5.2279086
39.25592255000103,-1.0892286
39.27260590000103,2.8442314
39.28928925000103,6.4219314
39.305972600001034,8.6111314
39.322655950001035,8.4783914
39.339339300001036,6.1743514
39.35602265000104,2.3529614
39.37270600000104,-1.2692886
39.38938935000104,-5.2812686
39.40607270000104,-7.8734086
39.42275605000104,-8.6341286
39.43943940000104,-6.9834286
39.45612275000104,-4.0146486
39.472806100001044,-0.4866286
39.489489450001045,4.0505114
39.506172800001046,7.1658314
39.52285615000105,8.7753914
39.53953950000105,8.1340914
39.55622285000105,5.5311914
39.57290620000105,1.2053814
39.58958955000105,-2.3820186
39.60627290000105,-5.9971286
39.62295625000105,-8.3968486
39.639639600001054,-8.6747486
39.656322950001055,-6.5725086
39.673006300001056,-3.1613186
39.68968965000106,0.3272714
39.70637300000106,4.7856114
39.72305635000106,7.7168014
39.73973970000106,8.6129114
39.75642305000106,7.5889914
39.77310640000106,4.8168314
39.78978975000106,0.3720114
39.806473100001064,-3.6711086
39.823156450001065,-6.9855086
39.839839800001066,-8.7808686
39.85652315000107,-8.4587986
39.87320650000107,-5.8925486
39.88988985000107,-2.1863986
39.90657320000107,1.5455914
39.92325655000107,5.6585114
39.93993990000107,8.1785914
39.95662325000107,8.7050314
39.973306600001074,6.8717314
39.989989950001075,3.7266314
40.006673300001076,-0.5363186
40.02335665000108,-4.5716686
40.04004000000108,-7.3333086
40.05672335000108,-8.6418686
40.07340670000108,-7.5960686
40.09009005000108,-4.9275186
40.10677340000108,-1.0046386
40.12345675000108,2.9700314
40.140140100001084,6.3739914
40.156823450001085,8.4263314
40.173506800001086,8.3088714
40.19019015000109,6.1477014
40.20687350000109,2.8019714
40.22355685000109,-1.1934186
40.24024020000109,-5.1623686
40.25692355000109,-7.8322486
40.27360690000109,-8.6449886
40.29029025000109,-7.1590686
40.30697360000109,-4.2403886
40.323656950001094,-0.4049086
40.340340300001095,3.7141314
40.357023650001096,6.8756714
40.3737070000011,8.4012314
40.3903903500011,7.9105314
40.4070737000011,5.4769914
40.4237570500011,1.2880514
40.4404404000011,-2.6193686
40.4571237500011,-6.0107986
40.4738071000011,-8.4143686
40.490490450001104,-8.6125486
40.507173800001105,-6.6228686
40.523857150001106,-3.1332986
40.54054050000111,0.3432614
40.55722385000111,4.4563014
40.57390720000111,7.5261514
40.59059055000111,8.7691614
40.60727390000111,7.3356014
40.62395725000111,4.7341914
40.64064060000111,0.2096514
40.657323950001114,-3.4728086
40.674007300001115,-6.5447686
40.690690650001116,-8.4931686
40.70737400000112,-8.0183086
40.72405735000112,-5.6305286
40.74074070000112,-1.9032686
40.75742405000112,1.6989714
40.77410740000112,5.6491314
40.79079075000112,7.9353314
40.80747410000112,8.5325614
40.824157450001124,6.8551014
40.840840800001125,3.8146714
40.857524150001126,-0.4614286
40.87420750000113,-4.3418886
40.89089085000113,-7.1682086
40.90757420000113,-8.6296986
40.92425755000113,-7.5307686
40.94094090000113,-5.0611286
40.95762425000113,-1.1000086
40.97430760000113,2.7388014
40.990990950001134,6.0707314
41.007674300001135,8.0253914
41.024357650001136,8.0104314
41.04104100000114,6.0590514
41.05772435000114,2.5350014
41.07440770000114,-1.2665686
41.09109105000114,-5.1941186
41.10777440000114,-7.9977986
41.12445775000114,-8.7112086
41.14114110000114,-7.2964486
41.157824450001144,-4.2734686
41.174507800001145,-0.3756386
41.191191150001146,3.7017814
41.20787450000115,6.8194614
41.22455785000115,8.6116014
41.24124120000115,7.9546814
41.25792455000115,5.4720714
41.27460790000115,1.2008714
41.29129125000115,-2.2543686
41.30797460000115,-5.8579086
41.32465795000115,-8.1563686
41.341341300001154,-8.5000686
41.358024650001155,-6.3209886
41.37470800000116,-3.0177886
41.39139135000116,0.1373014
41.40807470000116,4.6572314
41.42475805000116,7.3205614
41.44144140000116,8.4317314
41.45812475000116,7.3347314
41.47480810000116,4.6921714
41.49149145000116,0.1008014
41.508174800001164,-3.2676986
41.524858150001165,-6.5004886
41.541541500001166,-8.2949186
41.55822485000117,-8.0070486
41.57490820000117,-5.6874986
41.59159155000117,-1.7881486
41.60827490000117,1.3168314
41.62495825000117,5.3210314
41.64164160000117,7.8383514
41.65832495000117,8.2886914
41.675008300001174,6.6325314
41.691691650001175,3.6535614
41.708375000001176,-0.3767986
41.72505835000118,-4.4272486
41.74174170000118,-7.2324486
41.75842505000118,-8.5495286
41.77510840000118,-7.7385886
41.79179175000118,-5.0897486
41.80847510000118,-1.1087086
41.82515845000118,2.6685814
41.841841800001184,6.0856914
41.858525150001185,8.0046714
41.875208500001186,8.2390114
41.89189185000119,6.0585014
41.90857520000119,2.6068114
41.92525855000119,-1.1984686
41.94194190000119,-5.1335486
41.95862525000119,-7.6243286
41.97530860000119,-8.6809686
41.99199195000119,-6.8668186
42.008675300001194,-4.0825686
42.025358650001195,-0.5346386
42.042042000001196,3.7951914
42.0587253500012,6.7146314
42.0754087000012,8.2987714
42.0920920500012,7.7430314
42.1087754000012,5.4346914
42.1254587500012,1.4187314
42.1421421000012,-1.9449486
42.1588254500012,-5.6339986
42.175508800001204,-7.8202686
42.192192150001205,-8.1270186
42.208875500001206,-6.3231686
42.22555885000121,-3.0914286
42.24224220000121,0.1656314
42.25892555000121,4.6005814
42.27560890000121,7.1702614
42.29229225000121,8.2912614
42.30897560000121,7.2697714
42.32565895000121,4.4794314
42.342342300001214,0.3216314
42.359025650001215,-3.3881486
42.375709000001216,-6.5655486
42.39239235000122,-8.4562086
42.40907570000122,-8.1329386
42.42575905000122,-5.6563686
42.44244240000122,-2.3264186
42.45912575000122,1.5383614
42.47580910000122,5.4529314
42.49249245000122,7.8115314
42.50917580000122,8.1701014
42.525859150001224,6.6978714
42.542542500001225,3.5699114
42.559225850001226,-0.4641986
42.57590920000123,-4.2319386
42.59259255000123,-7.0569486
42.60927590000123,-8.4927686
42.62595925000123,-7.3632686
42.64264260000123,-4.8936686
42.65932595000123,-1.0395186
42.67600930000123,2.7440814
42.692692650001234,6.0889914
42.709376000001235,8.0333314
42.726059350001236,8.1250914
42.74274270000124,6.2009914
42.75942605000124,2.8374914
42.77610940000124,-1.0548686
42.79279275000124,-4.8526886
42.80947610000124,-7.1958286
42.82615945000124,-8.3584286
42.84284280000124,-6.6411086
42.859526150001244,-4.0434686
42.876209500001245,-0.4058186
42.892892850001246,3.5957014
42.90957620000125,6.6963514
42.92625955000125,8.3775014
42.94294290000125,7.7693514
42.95962625000125,5.3361814
42.97630960000125,1.4519614
42.99299295000125,-2.2650186
43.00967630000125,-5.6915886
43.026359650001254,-8.0651886
43.043043000001255,-8.2635686
43.059726350001256,-6.3637986
43.07640970000126,-3.0859986
43.09309305000126,0.3786014
43.10977640000126,4.3454614
43.12645975000126,7.1972014
43.14314310000126,8.1225314
43.15982645000126,7.2664814
43.17650980000126,4.3492314
43.193193150001264,0.4289814
43.209876500001265,-3.1550686
43.226559850001266,-6.3648686
43.24324320000127,-8.1458086
43.25992655000127,-7.8141486
43.27660990000127,-5.6134686
43.29329325000127,-1.8667686
43.30997660000127,1.2590314
43.32665995000127,5.3247714
43.34334330000127,7.5014914
43.360026650001274,8.1101714
43.376710000001275,6.5892314
43.393393350001276,3.7243914
43.41007670000128,-0.4970086
43.42676005000128,-3.8985886
43.44344340000128,-6.6194486
43.46012675000128,-7.9473286
43.47681010000128,-7.0978986
43.49349345000128,-4.7734086
43.51017680000128,-0.9264186
43.52686015000128,2.6590014
43.543543500001284,5.8695114
43.560226850001285,7.9211714
43.57691020000129,7.9678914
43.59359355000129,5.8341014
43.61027690000129,2.5142514
43.62696025000129,-1.1621686
43.64364360000129,-5.0358686
43.66032695000129,-7.5909686
43.67701030000129,-8.3405686
43.69369365000129,-7.0603686
43.710377000001294,-4.1671486
43.727060350001295,-0.3225686
43.743743700001296,3.5095314
43.7604270500013,6.5783714
43.7771104000013,8.1767614
43.7937937500013,7.8282514
43.8104771000013,5.4165614
43.8271604500013,1.5104314
43.8438438000013,-1.9166886
43.8605271500013,-5.6903686
43.877210500001304,-7.7919286
43.893893850001305,-8.1079386
43.910577200001306,-6.3472286
43.92726055000131,-3.3355686
43.94394390000131,0.1810014
43.96062725000131,4.4497114
43.97731060000131,7.1215514
43.99399395000131,8.2692314
44.01067730000131,7.2464614
44.02736065000131,4.6830314
44.044044000001314,0.1954014
44.060727350001315,-2.9224286
44.077410700001316,-6.0401286
44.09409405000132,-7.7602686
44.11077740000132,-7.5179486
44.12746075000132,-5.4747286
44.14414410000132,-1.8963686
44.16082745000132,1.1133314
44.17751080000132,5.1221914
44.19419415000132,7.4180914
44.210877500001324,8.2107514
44.227560850001325,6.5718714
44.244244200001326,3.6151114
44.26092755000133,-0.4233386
44.27761090000133,-4.0563386
44.29429425000133,-6.8705186
44.31097760000133,-8.2254986
44.32766095000133,-7.5024686
44.34434430000133,-5.0428686
44.36102765000133,-1.1648686
44.377711000001334,2.4430514
44.394394350001335,5.8665814
44.411077700001336,7.7974314
44.42776105000134,7.7368314
44.44444440000134,6.0141614
44.46112775000134,2.6384914
44.47781110000134,-1.0769686
44.49449445000134,-4.8433186
44.51117780000134,-7.2041686
44.52786115000134,-8.0552986
44.544544500001344,-6.7044086
44.561227850001345,-4.1827986
44.577911200001346,-0.4675286
44.59459455000135,3.4346914
44.61127790000135,6.3360614
44.62796125000135,7.9381714
44.64464460000135,7.5512114
44.66132795000135,5.3913614
44.67801130000135,1.6276814
44.69469465000135,-1.7669686
44.71137800000135,-5.2364686
44.728061350001354,-7.3260486
44.744744700001355,-7.6492286
44.761428050001356,-5.9262686
44.77811140000136,-2.9799686
44.79479475000136,0.0777614
44.81147810000136,4.2931514
44.82816145000136,6.9057614
44.84484480000136,8.0460314
44.86152815000136,7.0731814
44.87821150000136,4.2660514
44.894894850001364,0.2818314
44.911578200001365,-2.8893686
44.928261550001366,-6.2172886
44.94494490000137,-7.9215686
44.96162825000137,-7.7673686
44.97831160000137,-5.5516986
44.99499495000137,-2.1627186
45.01167830000137,1.2751314
45.02836165000137,5.1391014
45.04504500000137,7.3778714
45.061728350001374,7.8353914
45.078411700001375,6.5450314
45.095095050001376,3.5935014
45.11177840000138,-0.2441386
45.12846175000138,-4.0032986
45.14514510000138,-6.7562286
45.16182845000138,-7.9890686
45.17851180000138,-7.2318986
45.19519515000138,-4.8971886
45.21187850000138,-1.1489286
45.228561850001384,2.3801314
45.245245200001385,5.6788314
45.261928550001386,7.6024314
45.27861190000139,7.7159714
45.29529525000139,5.9448314
45.31197860000139,2.6596114
45.32866195000139,-1.0460486
45.34534530000139,-4.6273186
45.36202865000139,-6.8600686
45.37871200000139,-7.5645186
45.395395350001394,-6.3709086
45.412078700001395,-3.8167986
45.428762050001396,-0.5132186
45.4454454000014,3.4717114
45.4621287500014,6.3016314
45.4788121000014,7.7390114
45.4954954500014,7.3573614
45.5121788000014,5.2814914
45.5288621500014,1.4057014
45.5455455000014,-1.8751186
45.562228850001404,-5.4736986
45.578912200001405,-7.6707686
45.595595550001406,-7.8888886
45.61227890000141,-6.2016686
45.62896225000141,-3.1115686
45.64564560000141,0.1752314
45.66232895000141,4.2438314
45.67901230000141,6.8230614
45.69569565000141,7.7985814
45.71237900000141,6.9760314
45.72906235000141,4.4408614
45.745745700001414,0.5496814
45.762429050001415,-2.8465686
45.77911240000142,-6.2498186
45.79579575000142,-7.7966286
45.81247910000142,-7.5865486
45.82916245000142,-5.5364386
45.84584580000142,-1.9178186
45.86252915000142,0.9451614
45.87921250000142,5.0396714
45.89589585000142,7.1557614
45.912579200001424,7.7022314
45.929262550001425,6.3993514
45.945945900001426,3.5820914
45.96262925000143,-0.4455286
45.97931260000143,-3.7824686
45.99599595000143,-6.3576086
46.01267930000143,-7.5525486
46.02936265000143,-6.8173686
46.04604600000143,-4.4913986
46.06272935000143,-1.0107386
46.079412700001434,2.3219614
46.096096050001435,5.7095914
46.112779400001436,7.4433614
46.12946275000144,7.5534314
46.14614610000144,5.7950314
46.16282945000144,2.6762714
46.17951280000144,-0.9745486
46.19619615000144,-4.6975686
46.21287950000144,-7.0495686
46.22956285000144,-7.8332186
46.246246200001444,-6.6409286
46.262929550001445,-4.0033686
46.279612900001446,-0.4350686
46.29629625000145,3.1186514
46.31297960000145,6.1871314
46.32966295000145,7.6862514
46.34634630000145,7.2765814
46.36302965000145,5.3555314
46.37971300000145,1.5094014
46.39639635000145,-1.9552886
46.413079700001454,-5.3312986
46.429763050001455,-7.5151386
46.446446400001456,-7.7891286
46.46312975000146,-6.1839686
46.47981310000146,-3.0282686
46.49649645000146,0.1559314
46.51317980000146,4.1637614
46.52986315000146,6.7554614
46.54654650000146,7.8482714
46.56322985000146,6.8674914
46.579913200001464,4.4612114
46.596596550001465,0.1587814
46.613279900001466,-2.7276686
46.62996325000147,-5.7719086
46.64664660000147,-7.4066686
46.66332995000147,-7.0842286
46.68001330000147,-5.1809086
46.69669665000147,-1.7691686
46.71338000000147,1.3007814
46.73006335000147,4.9926714
46.746746700001474,7.1808514
46.763430050001475,7.6705914
46.780113400001476,6.2901014
46.79679675000148,3.5730314
46.81348010000148,-0.3674686
46.83016345000148,-3.6968086
46.84684680000148,-6.3937386
46.86353015000148,-7.7095986
46.88021350000148,-7.0527386
46.89689685000148,-4.8983486
46.91358020000148,-1.1643686
46.930263550001484,2.3206814
46.946946900001485,5.4992314
46.963630250001486,7.4543314
46.98031360000149,7.5997314
46.99699695000149,5.7763014
47.01368030000149,2.5031314
47.03036365000149,-0.9686286
47.04704700000149,-4.6880486
47.06373035000149,-7.0201386
47.08041370000149,-7.8617886
47.097097050001494,-6.6455986
47.113780400001495,-4.0304886
47.130463750001496,-0.4434186
47.1471471000015,3.2454314
47.1638304500015,6.1030014
47.1805138000015,7.5989114
47.1971971500015,7.1156014
47.2138805000015,5.1419714
47.2305638500015,1.2212514
47.2472472000015,-1.6673686
47.263930550001504,-5.0936286
47.280613900001505,-7.1126686
47.297297250001506,-7.3461886
47.31398060000151,-5.7667286
47.33066395000151,-2.9249686
47.34734730000151,0.0590314
47.36403065000151,4.1834114
47.38071400000151,6.6961014
47.39739735000151,7.6431914
47.41408070000151,6.7615314
47.430764050001514,4.4007314
47.447447400001515,0.3430814
47.464130750001516,-2.7231686
47.48081410000152,-5.7882386
47.49749745000152,-7.4128386
47.51418080000152,-7.3016986
47.53086415000152,-5.4300686
47.54754750000152,-2.0601686
47.56423085000152,1.0266714
47.58091420000152,4.8600314
47.597597550001524,6.9920014
47.614280900001525,7.6752314
47.630964250001526,6.2382314
47.64764760000153,3.4621014
47.66433095000153,-0.2205686
47.68101430000153,-3.7610186
47.69769765000153,-6.5271686
47.71438100000153,-7.8193986
47.73106435000153,-6.9982686
47.74774770000153,-4.8518986
47.764431050001534,-1.1370286
47.781114400001535,2.2523814
47.797797750001536,5.5451014
47.81448110000154,7.2512314
47.83116445000154,7.3670614
47.84784780000154,5.6657114
47.86453115000154,2.5584714
47.88121450000154,-0.9606286
47.89789785000154,-4.5009486
47.91458120000154,-6.6517286
47.93126455000154,-7.3690186
47.947947900001544,-6.2266886
47.964631250001545,-3.6799886
47.98131460000155,-0.5484886
47.99799795000155,3.3240014
48.01468130000155,6.1571914
48.03136465000155,7.5259314
48.04804800000155,7.1188014
48.06473135000155,5.1603714
48.08141470000155,1.3123814
48.09809805000155,-1.5253286
48.114781400001554,-5.1286286
48.131464750001555,-7.0901486
48.148148100001556,-7.3522986
48.16483145000156,-5.8401486
48.18151480000156,-2.9165686
48.19819815000156,0.0224014
48.21488150000156,3.9994514
48.23156485000156,6.4781514
48.24824820000156,7.6293914
48.26493155000156,6.5881014
48.281614900001564,4.2309914
48.298298250001565,0.5147714
48.314981600001566,-2.7380986
48.33166495000157,-5.7071686
48.34834830000157,-7.5390686
48.36503165000157,-7.2950486
48.38171500000157,-5.3416686
48.39839835000157,-2.0666486
48.41508170000157,1.0734314
48.43176505000157,4.8569614
48.448448400001574,6.9513814
48.465131750001575,7.5254514
48.481815100001576,6.1111114
48.49849845000158,3.4196314
48.51518180000158,-0.3386186
48.53186515000158,-3.7089886
48.54854850000158,-6.1275286
48.56523185000158,-7.3272686
48.58191520000158,-6.6790186
48.59859855000158,-4.4249286
48.615281900001584,-1.0362686
48.631965250001585,2.3976314
48.648648600001586,5.5659314
48.66533195000159,7.2971314
48.68201530000159,7.3515614
48.69869865000159,5.6518314
48.71538200000159,2.3443014
48.73206535000159,-0.7994686
48.74874870000159,-4.3913286
48.76543205000159,-6.4681686
48.782115400001594,-7.3117086
48.798798750001595,-6.2974886
48.815482100001596,-3.7350186
48.8321654500016,-0.4797986
48.8488488000016,3.1066314
48.8655321500016,5.8365814
48.8822155000016,7.4384814
48.8988988500016,6.9364614
48.9155822000016,5.0562314
48.9322655500016,1.4478314
48.948948900001604,-1.8059086
48.965632250001605,-5.1372686
48.982315600001606,-7.1035186
48.99899895000161,-7.4152186
49.01568230000161,-5.8124386
49.03236565000161,-2.9799186
49.04904900000161,0.1378314
49.06573235000161,3.9149314
49.08241570000161,6.4118014
49.09909905000161,7.4541614
49.11578240000161,6.6667814
49.132465750001614,4.2215014
49.149149100001615,0.3824314
49.165832450001616,-2.6394686
49.18251580000162,-5.6594886
49.19919915000162,-7.1785286
49.21588250000162,-6.9437686
49.23256585000162,-5.1126086
49.24924920000162,-1.8587086
49.26593255000162,0.9566614
49.28261590000162,4.8274814
49.299299250001624,6.8408314
49.315982600001625,7.4384814
49.332665950001626,6.1907014
49.34934930000163,3.4713114
49.36603265000163,-0.3492386
49.38271600000163,-3.4857486
49.39939935000163,-6.1176686
49.41608270000163,-7.1524086
49.43276605000163,-6.5454386
49.44944940000163,-4.4294386
49.466132750001634,-1.0901486
49.482816100001635,2.1698014
49.499499450001636,5.2256514
49.51618280000164,7.0661914
49.53286615000164,7.1840814
49.54954950000164,5.4627114
49.56623285000164,2.3814114
49.58291620000164,-0.8698386
49.59959955000164,-4.4818686
49.61628290000164,-6.7083086
49.632966250001644,-7.4818086
49.649649600001645,-6.2769686
49.666332950001646,-3.8483286
49.68301630000165,-0.4092986
49.69969965000165,3.0082714
49.71638300000165,5.7847914
49.73306635000165,7.3417614
49.74974970000165,6.9968914
49.76643305000165,5.0537114
49.78311640000165,1.3804314
49.799799750001654,-1.5790386
49.816483100001655,-5.0601186
49.833166450001656,-6.8107286
49.84984980000166,-7.2031886
49.86653315000166,-5.6843286
49.88321650000166,-2.8107286
49.89989985000166,-0.0442486
49.91658320000166,3.9676814
49.93326655000166,6.4329814
49.94994990000166,7.3578314
49.966633250001664,6.6063314
49.983316600001665,4.2566314
49.999999950001666,0.2802114
50.01668330000167,-2.4552686
50.03336665000167,-5.4106486
50.05005000000167,-6.8035886
50.06673335000167,-6.7180686
50.08341670000167,-5.1056686
50.10010005000167,-1.7669086
50.11678340000167,0.8204914
50.13346675000167,4.6138314
50.150150100001675,6.6233814
50.166833450001675,7.2365114
50.18351680000168,5.8830614
50.20020015000168,3.2911714
50.21688350000168,-0.2914686
50.23356685000168,-3.5471686
50.25025020000168,-6.0941486
50.26693355000168,-7.3874186
50.28361690000168,-6.7033686
50.30030025000168,-4.6318386
50.316983600001684,-1.1076086
50.333666950001685,2.1502714
50.350350300001686,5.3220814
50.36703365000169,7.0900614
50.38371700000169,7.1353714
50.40040035000169,5.5542014
50.41708370000169,2.4260514
50.43376705000169,-0.9233386
50.45045040000169,-4.3162886
50.46713375000169,-6.4690686
50.483817100001694,-7.1957386
50.500500450001695,-6.2131386
50.517183800001696,-3.8102686
50.5338671500017,-0.5485186
50.5505505000017,3.0669514
50.5672338500017,5.7995614
50.5839172000017,7.2264314
50.6006005500017,6.8594014
50.6172839000017,4.9966314
50.6339672500017,1.5341314
50.650650600001704,-1.4023486
50.667333950001705,-4.7835086
50.684017300001706,-6.5223386
50.70070065000171,-6.7729486
50.71738400000171,-5.5854186
50.73406735000171,-2.7064686
50.75075070000171,0.0137614
50.76743405000171,3.8775914
50.78411740000171,6.2136814
50.80080075000171,7.2244314
50.817484100001714,6.3650314
50.834167450001715,4.0358314
50.850850800001716,0.3584314
50.86753415000172,-2.6459086
50.88421750000172,-5.4829086
50.90090085000172,-7.1842686
50.91758420000172,-6.9689986
50.93426755000172,-5.1237486
50.95095090000172,-2.0607886
50.96763425000172,1.0157514
50.984317600001724,4.4370114
51.001000950001725,6.6573514
51.017684300001726,7.2068814
51.03436765000173,5.9790014
51.05105100000173,3.3503314
51.06773435000173,-0.2909286
51.08441770000173,-3.4154086
51.10110105000173,-5.8957486
51.11778440000173,-7.1420886
51.13446775000173,-6.4271286
51.151151100001734,-4.5032986
51.167834450001735,-1.0625686
51.184517800001736,1.9504114
51.20120115000174,5.2818914
51.21788450000174,6.8618814
51.23456785000174,6.9668014
51.25125120000174,5.5819114
51.26793455000174,2.5585914
51.28461790000174,-0.8926986
51.30130125000174,-3.9822386
51.31798460000174,-6.1354986
51.334667950001744,-6.8215986
51.351351300001745,-5.9349986
51.368034650001746,-3.5692186
51.38471800000175,-0.4401686
51.40140135000175,3.0227014
51.41808470000175,5.7188714
51.43476805000175,7.1101314
51.45145140000175,6.7078814
51.46813475000175,4.7465314
51.48481810000175,1.3166514
51.501501450001754,-1.7131386
51.518184800001755,-5.0279286
51.534868150001756,-6.8066086
51.55155150000176,-7.1442686
51.56823485000176,-5.6258686
51.58491820000176,-2.8926386
51.60160155000176,0.1376614
51.61828490000176,3.7453614
51.63496825000176,6.2075814
51.65165160000176,7.2040714
51.668334950001764,6.3316014
51.685018300001765,3.8992614
51.701701650001766,0.3978914
51.71838500000177,-2.4623986
51.73506835000177,-5.4401286
51.75175170000177,-6.9179086
51.76843505000177,-6.7324686
51.78511840000177,-5.0639386
51.80180175000177,-1.7971686
51.81848510000177,0.7007314
51.835168450001774,4.5425314
51.851851800001775,6.5863014
51.868535150001776,7.0756314
51.88521850000178,5.9675914
51.90190185000178,3.3353914
51.91858520000178,-0.3871486
51.93526855000178,-3.2225386
51.95195190000178,-5.7087386
51.96863525000178,-6.7092686
51.98531860000178,-6.2245486
52.002001950001784,-4.2522686
52.018685300001785,-0.9299286
52.035368650001786,1.8412314
52.05205200000179,5.0852014
52.06873535000179,6.7988914
52.08541870000179,6.8812514
52.10210205000179,5.3477314
52.11878540000179,2.5243314
52.13546875000179,-0.9243186
52.15215210000179,-4.1608286
52.168835450001794,-6.3917886
52.185518800001795,-7.2087986
52.202202150001796,-5.9711886
52.2188855000018,-3.6570486
52.2355688500018,-0.4089986
52.2522522000018,2.7970014
52.2689355500018,5.6870114
52.2856189000018,7.0022014
52.3023022500018,6.6505714
52.3189856000018,4.9038714
52.3356689500018,1.4210314
52.352352300001805,-1.6145686
52.369035650001805,-4.8345686
52.38571900000181,-6.6256986
52.40240235000181,-6.9546486
52.41908570000181,-5.5097686
52.43576905000181,-2.8327686
52.45245240000181,-0.0097686
52.46913575000181,3.7978514
52.48581910000181,6.0798314
52.50250245000181,6.9708314
52.519185800001814,6.2641014
52.535869150001815,3.9923114
52.552552500001816,0.1750514
52.56923585000182,-2.3814686
52.58591920000182,-5.0569486
52.60260255000182,-6.5457186
52.61928590000182,-6.3634386
52.63596925000182,-4.8118886
52.65265260000182,-1.5317986
52.66933595000182,0.7909514
52.686019300001824,4.3822014
52.702702650001825,6.4277914
52.719386000001826,6.9864814
52.73606935000183,5.7716714
52.75275270000183,3.2324814
52.76943605000183,-0.3700686
52.78611940000183,-3.2346186
52.80280275000183,-5.9737686
52.81948610000183,-6.9675286
52.83616945000183,-6.2995886
52.852852800001834,-4.4796686
52.869536150001835,-1.0740686
52.886219500001836,2.0191614
52.90290285000184,5.1233814
52.91958620000184,6.6555314
52.93626955000184,6.8621814
52.95295290000184,5.4470314
52.96963625000184,2.3567314
52.98631960000184,-0.8226686
53.00300295000184,-4.1101686
53.019686300001844,-6.3751186
53.036369650001845,-6.8928686
53.053053000001846,-5.7899686
53.06973635000185,-3.6310086
53.08641970000185,-0.4407386
53.10310305000185,2.8558014
53.11978640000185,5.5668314
53.13646975000185,6.7789014
53.15315310000185,6.5913114
53.16983645000185,4.8156114
53.186519800001854,1.3809814
53.203203150001855,-1.3491686
53.219886500001856,-4.5472386
53.23656985000186,-6.2439686
53.25325320000186,-6.4749686
53.26993655000186,-5.2206986
53.28661990000186,-2.5656686
53.30330325000186,-0.0744686
53.31998660000186,3.8979514
53.33666995000186,5.9030714
53.353353300001864,6.8494314
53.370036650001865,6.1681314
53.386720000001866,3.8737314
53.40340335000187,0.3496114
53.42008670000187,-2.2560686
53.43677005000187,-5.3787886
53.45345340000187,-6.7171686
53.47013675000187,-6.5691686
53.48682010000187,-5.0355186
53.50350345000187,-1.9289686
53.52018680000187,0.8934914
53.536870150001874,4.3285514
53.553553500001875,6.3024014
53.570236850001876,6.8827514
53.58692020000188,5.7093514
53.60360355000188,3.1723614
53.62028690000188,-0.1164686
53.63697025000188,-3.2412086
53.65365360000188,-5.7092886
53.67033695000188,-6.8962986
53.68702030000188,-6.4245686
53.703703650001884,-4.2689186
53.720387000001885,-1.0686086
53.737070350001886,1.7569014
53.75375370000189,5.0142514
53.77043705000189,6.5686014
53.78712040000189,6.6672314
53.80380375000189,5.2534314
53.82048710000189,2.2945814
53.83717045000189,-0.8525986
53.85385380000189,-3.8801886
53.870537150001894,-5.8474686
53.887220500001895,-6.5232686
53.903903850001896,-5.5980686
53.9205872000019,-3.3153086
53.9372705500019,-0.5244686
53.9539539000019,2.9927314
53.9706372500019,5.4804314
53.9873206000019,6.7252814
54.0040039500019,6.4230014
54.0206873000019,4.6349514
54.037370650001904,1.2767314
54.054054000001905,-1.4351186
54.070737350001906,-4.6717486
54.08742070000191,-6.3643686
54.10410405000191,-6.6561286
54.12078740000191,-5.4746686
54.13747075000191,-2.7393186
54.15415410000191,0.0097014
54.17083745000191,3.5263014
54.18752080000191,5.7990114
54.204204150001914,6.7652014
54.220887500001915,6.0786114
54.237570850001916,3.8899514
54.25425420000192,0.5162314
54.27093755000192,-2.4296886
54.28762090000192,-5.2449386
54.30430425000192,-6.7025486
54.32098760000192,-6.5451386
54.33767095000192,-4.9041186
54.35435430000192,-1.8384986
54.371037650001924,0.8464014
54.387721000001925,4.3430314
54.404404350001926,6.2016914
54.42108770000193,6.7196614
54.43777105000193,5.6829814
54.45445440000193,3.1999514
54.47113775000193,-0.3468886
54.48782110000193,-3.1732186
54.50450445000193,-5.4151286
54.52118780000193,-6.5185686
54.53787115000193,-5.9124186
54.554554500001935,-3.9775986
54.571237850001935,-0.9732686
54.58792120000194,1.9310914
54.60460455000194,4.9982914
54.62128790000194,6.4987814
54.63797125000194,6.5985714
54.65465460000194,5.1732814
54.67133795000194,2.3374014
54.68802130000194,-0.7261986
54.70470465000194,-3.8301986
54.721388000001944,-6.0366686
54.738071350001945,-6.6408686
54.754754700001946,-5.7830486
54.77143805000195,-3.4774686
54.78812140000195,-0.4465286
54.80480475000195,2.6982314
54.82148810000195,5.3397814
54.83817145000195,6.5976314
54.85485480000195,6.3062714
54.87153815000195,4.6444114
54.888221500001954,1.3271514
54.904904850001955,-1.4448286
54.921588200001956,-4.7310686
54.93827155000196,-6.4884986
54.95495490000196,-6.6517286
54.97163825000196,-5.3922686
54.98832160000196,-2.6219486
55.00500495000196,0.0503814
55.02168830000196,3.5930314
55.03837165000196,5.8143914
55.055055000001964,6.7251914
55.071738350001965,5.9279814
55.088421700001966,4.0028314
55.10510505000197,0.1571614
55.12178840000197,-2.1996186
55.13847175000197,-4.9726686
55.15515510000197,-6.2786286
55.17183845000197,-6.1638186
55.18852180000197,-4.6094986
55.20520515000197,-1.5863386
55.221888500001974,0.8514114
55.238571850001975,4.4169314
55.255255200001976,6.3074914
55.27193855000198,6.6712614
55.28862190000198,5.5797114
55.30530525000198,3.2251614
55.32198860000198,-0.2906686
55.33867195000198,-3.0650686
55.35535530000198,-5.5179486
55.37203865000198,-6.4928286
55.388722000001984,-6.0700686
55.405405350001985,-4.2012986
55.422088700001986,-1.0927086
55.43877205000199,1.8695114
55.45545540000199,4.8744314
55.47213875000199,6.4039314
55.48882210000199,6.5159314
55.50550545000199,5.2473114
55.52218880000199,2.1576514
55.53887215000199,-0.7642686
55.555555500001994,-3.9395686
55.572238850001995,-5.9257686
55.588922200001996,-6.6869686
55.605605550002,-5.7163086
55.622288900002,-3.4577986
55.638972250002,-0.4222386
55.655655600002,2.7638514
55.672338950002,5.4524814
55.689022300002,6.5588314
55.705705650002,6.2555314
55.722389000002,4.5957614
55.739072350002004,1.0349114
55.755755700002005,-1.4204686
55.772439050002006,-4.5774686
55.78912240000201,-6.0582686
55.80580575000201,-6.3417386
55.82248910000201,-5.1174886
55.83917245000201,-2.4592286
55.85585580000201,-0.0581086
55.87253915000201,3.7078514
55.88922250000201,5.8063614
55.905905850002014,6.6771314
55.922589200002015,5.9684314
55.939272550002016,3.9624614
55.95595590000202,0.3254714
55.97263925000202,-2.0571886
55.98932260000202,-4.9544686
56.00600595000202,-6.4051486
56.02268930000202,-6.3264186
56.03937265000202,-4.6606186
56.05605600000202,-1.7550386
56.072739350002024,0.7789914
56.089422700002025,4.1230514
56.106106050002026,5.9065314
56.12278940000203,6.5138514
56.13947275000203,5.4780314
56.15615610000203,2.9256614
56.17283945000203,-0.2198686
56.18952280000203,-3.1552686
56.20620615000203,-5.4717386
56.22288950000203,-6.6099886
56.239572850002034,-6.1819486
56.256256200002035,-4.1209086
56.272939550002036,-1.0305686
56.28962290000204,1.8615114
56.30630625000204,4.8135714
56.32298960000204,6.3921514
56.33967295000204,6.5105014
56.35635630000204,5.1275614
56.37303965000204,2.1173314
56.38972300000204,-0.7452386
56.406406350002044,-3.9203686
56.423089700002045,-5.7943686
56.439773050002046,-6.3599686
56.45645640000205,-5.5073286
56.47313975000205,-3.2347986
56.48982310000205,-0.5302686
56.50650645000205,2.8870814
56.52318980000205,5.4289514
56.53987315000205,6.6416614
56.55655650000205,6.3327014
56.573239850002054,4.5722314
56.589923200002055,1.1733314
56.606606550002056,-1.2178386
56.62328990000206,-4.5023186
56.63997325000206,-6.0232686
56.65665660000206,-6.4192486
56.67333995000206,-5.1276286
56.69002330000206,-2.3023386
56.70670665000206,-0.0486486
56.72339000000206,3.4087514
56.74007335000206,5.5620114
56.756756700002065,6.5192314
56.773440050002066,5.7349314
56.79012340000207,3.7353514
56.80680675000207,0.3274514
56.82349010000207,-2.5156286
56.84017345000207,-5.1122486
56.85685680000207,-6.3699386
56.87354015000207,-6.2714686
56.89022350000207,-4.8158686
56.90690685000207,-1.8207986
56.923590200002074,0.9174814
56.940273550002075,4.0007914
56.956956900002076,5.9539314
56.97364025000208,6.5486314
56.99032360000208,5.5800314
57.00700695000208,2.9724714
57.02369030000208,-0.3140286
57.04037365000208,-3.1797486
57.05705700000208,-5.3607486
57.07374035000208,-6.3958686
57.090423700002084,-5.8117086
57.107107050002085,-3.9932886
57.123790400002086,-0.9559986
57.14047375000209,1.8967614
57.15715710000209,4.8099014
57.17384045000209,6.3580914
57.19052380000209,6.3742114
57.20720715000209,5.0232814
57.22389050000209,2.1442914
57.24057385000209,-0.6807886
57.257257200002094,-3.6811186
57.273940550002095,-5.6439486
57.290623900002096,-6.3279386
57.3073072500021,-5.4176686
57.3239906000021,-3.1627486
57.3406739500021,-0.4506686
57.3573573000021,2.7669714
57.3740406500021,5.1765714
57.3907240000021,6.2890314
57.4074073500021,5.9276714
57.424090700002104,4.1609314
57.440774050002105,1.2081314
57.457457400002106,-1.4729886
57.47414075000211,-4.6545986
57.49082410000211,-6.0946386
57.50750745000211,-6.3565986
57.52419080000211,-5.1878986
57.54087415000211,-2.5574386
57.55755750000211,0.1774314
57.57424085000211,3.4407014
57.590924200002114,5.6652814
57.607607550002115,6.4939614
57.624290900002116,5.8203714
57.64097425000212,3.7068314
57.65765760000212,0.3564114
57.67434095000212,-2.2131686
57.69102430000212,-4.9555686
57.70770765000212,-6.2620686
57.72439100000212,-6.0722086
57.74107435000212,-4.5137986
57.757757700002124,-1.5607286
57.774441050002125,0.6452014
57.791124400002126,4.1829514
57.80780775000213,6.0135514
57.82449110000213,6.4414714
57.84117445000213,5.5193514
57.85785780000213,3.0614614
57.87454115000213,-0.3397486
57.89122450000213,-2.9382286
57.90790785000213,-5.1812086
57.92459120000213,-6.2445086
57.941274550002134,-5.7085686
57.957957900002135,-3.8180686
57.974641250002136,-0.8606686
57.99132460000214,1.7302814
58.00800795000214,4.7011714
58.02469130000214,6.0567914
58.04137465000214,6.0833314
58.05805800000214,4.8746314
58.07474135000214,2.1224314
58.09142470000214,-0.8171386
58.108108050002144,-3.8425286
58.124791400002145,-5.6429686
58.141474750002146,-6.3386186
58.15815810000215,-5.4117086
58.17484145000215,-3.1777386
58.19152480000215,-0.3610186
58.20820815000215,2.6329914
58.22489150000215,5.2445714
58.24157485000215,6.3734114
58.25825820000215,6.0878914
58.274941550002154,4.3300814
58.291624900002155,1.2026314
58.308308250002156,-1.4333486
58.32499160000216,-4.4185686
58.34167495000216,-5.9648486
58.35835830000216,-6.1719986
58.37504165000216,-5.0531686
58.39172500000216,-2.3740186
58.40840835000216,-0.0568286
58.42509170000216,3.4151014
58.441775050002164,5.6119314
58.458458400002165,6.4585614
58.475141750002166,5.8007814
58.49182510000217,3.7388614
58.50850845000217,0.1242714
58.52519180000217,-1.9520286
58.54187515000217,-4.7633386
58.55855850000217,-5.9564186
58.57524185000217,-5.8750686
58.59192520000217,-4.4433286
58.608608550002174,-1.4849286
58.625291900002175,0.6589314
58.641975250002176,4.1186814
58.65865860000218,5.8222614
58.67534195000218,6.2213114
58.69202530000218,5.2208514
58.70870865000218,2.8840914
58.72539200000218,-0.3212286
58.74207535000218,-2.8548686
58.75875870000218,-5.3574186
58.775442050002184,-6.3158686
58.792125400002185,-5.7170386
58.808808750002186,-3.9984686
58.82549210000219,-0.9705186
58.84217545000219,1.7952914
58.85885880000219,4.7205314
58.87554215000219,6.1315914
58.89222550000219,6.2099014
58.90890885000219,4.9886514
58.92559220000219,2.0970314
58.94227555000219,-0.7828386
58.958958900002195,-3.7555886
58.975642250002196,-5.5422086
58.9923256000022,-6.1884486
59.0090089500022,-5.4055686
59.0256923000022,-3.2922986
59.0423756500022,-0.4826686
59.0590590000022,2.5878914
59.0757423500022,5.2109714
59.0924257000022,6.2972114
59.1091090500022,6.0536514
59.125792400002204,4.2585714
59.142475750002205,1.2456614
59.159159100002206,-1.2078286
59.17584245000221,-4.1347086
59.19252580000221,-5.6990386
59.20920915000221,-5.9309686
59.22589250000221,-4.8773186
59.24257585000221,-2.1896386
59.25925920000221,0.0019314
59.27594255000221,3.3992314
59.292625900002214,5.4762914
59.309309250002215,6.2311314
59.325992600002216,5.5396114
59.34267595000222,3.5733314
59.35935930000222,0.2633714
59.37604265000222,-2.2625686
59.39272600000222,-4.9503186
59.40940935000222,-6.1478686
59.42609270000222,-5.9506486
59.44277605000222,-4.6251686
59.459459400002224,-1.6206686
59.476142750002225,0.9740014
59.492826100002226,4.0278614
59.50950945000223,5.8065314
59.52619280000223,6.2871114
59.54287615000223,5.3885814
59.55955950000223,2.9241314
59.57624285000223,-0.2493886
59.59292620000223,-2.8853186
59.60960955000223,-5.1523086
59.626292900002234,-6.0554486
59.642976250002235,-5.5593686
59.659659600002236,-3.8629486
59.67634295000224,-0.8453386
59.69302630000224,1.6368114
59.70970965000224,4.5631714
59.72639300000224,6.0487714
59.74307635000224,6.1328714
59.75975970000224,4.8180514
59.77644305000224,2.1556114
59.793126400002244,-0.7952286
59.809809750002245,-3.4879186
59.826493100002246,-5.3342886
59.84317645000225,-5.8946686
59.85985980000225,-5.1464186
59.87654315000225,-2.9746686
59.89322650000225,-0.4529386
59.90990985000225,2.6737014
59.92659320000225,5.0288114
59.94327655000225,6.2382814
59.959959900002254,5.8334914
59.976643250002255,4.1153514
59.993326600002256,1.1278114
60.01000995000226,-1.3753686
60.02669330000226,-4.3793986
60.04337665000226,-5.8990186
60.06006000000226,-6.0684686
60.07674335000226,-5.0199686
60.09342670000226,-2.5286886
60.11011005000226,0.1669314
60.12679340000226,3.3061514
60.143476750002264,5.5180314
60.160160100002265,6.2729514
60.176843450002266,5.6184114
60.19352680000227,3.5207514
60.21021015000227,0.4336514
60.22689350000227,-2.2160386
60.24357685000227,-4.8196986
60.26026020000227,-5.9280386
60.27694355000227,-5.7430686
60.29362690000227,-4.3637686
60.310310250002274,-1.4352986
60.326993600002275,0.6278114
60.343676950002276,4.0052314
60.36036030000228,5.7625114
60.37704365000228,6.1545314
60.39372700000228,5.2898514
60.41041035000228,2.8207314
60.42709370000228,-0.3792086
60.44377705000228,-2.7419086
60.46046040000228,-5.0100686
60.477143750002284,-5.8947686
60.493827100002285,-5.3987386
60.510510450002286,-3.6275686
60.52719380000229,-0.7598286
60.54387715000229,1.6636914
60.56056050000229,4.4621914
60.57724385000229,5.9591714
60.59392720000229,6.0290514
60.61061055000229,4.6727314
60.62729390000229,2.1111114
60.643977250002294,-0.7850686
60.660660600002295,-3.5216086
60.677343950002296,-5.5633686
60.6940273000023,-6.1406886
60.7107106500023,-5.3436886
60.7273940000023,-2.9811986
60.7440773500023,-0.3867186
60.7607607000023,2.5106514
60.7774440500023,5.0468714
60.7941274000023,6.0910614
60.810810750002304,5.8024914
60.827494100002305,4.1018314
60.844177450002306,1.1748314
60.86086080000231,-1.3109686
60.87754415000231,-4.1551486
60.89422750000231,-5.6975686
60.91091085000231,-5.9517686
60.92759420000231,-4.8352686
60.94427755000231,-2.2870186
60.96096090000231,-0.0151086
60.977644250002314,3.3283714
60.994327600002315,5.3458514
61.011010950002316,6.0685714
61.02769430000232,5.5261314
61.04437765000232,3.5137314
61.06106100000232,0.0488314
61.07774435000232,-1.9449486
61.09442770000232,-4.5561486
61.11111105000232,-5.6379986
61.12779440000232,-5.6235986
61.14447775000232,-4.1471886
61.161161100002325,-1.2927886
61.177844450002326,0.7168014
61.19452780000233,4.1439814
61.21121115000233,5.6516114
61.22789450000233,6.0137014
61.24457785000233,5.1397714
61.26126120000233,2.8438714
61.27794455000233,-0.3757686
61.29462790000233,-2.6549386
61.31131125000233,-5.2201686
61.327994600002334,-6.0575286
61.344677950002335,-5.5581686
61.361361300002336,-3.6840686
61.37804465000234,-0.9029886
61.39472800000234,1.7054314
61.41141135000234,4.2651314
61.42809470000234,5.7758814
61.44477805000234,5.8738114
61.46146140000234,4.7915014
61.47814475000234,1.9582514
61.494828100002344,-0.7694086
61.511511450002345,-3.5579186
61.528194800002346,-5.4024986
61.54487815000235,-5.9609086
61.56156150000235,-5.1524686
61.57824485000235,-2.9728986
61.59492820000235,-0.3730186
61.61161155000235,2.4890314
61.62829490000235,4.9857314
61.64497825000235,5.9260514
61.661661600002354,5.7207314
61.678344950002355,4.0504114
61.695028300002356,0.9181514
61.71171165000236,-1.2354386
61.72839500000236,-3.9872686
61.74507835000236,-5.4135686
61.76176170000236,-5.6609486
61.77844505000236,-4.5308186
61.79512840000236,-2.0037886
61.81181175000236,0.0024314
61.828495100002364,3.3402114
61.845178450002365,5.2803614
61.861861800002366,6.0120814
61.87854515000237,5.4476914
61.89522850000237,3.4887714
61.91191185000237,0.2404814
61.92859520000237,-1.8596186
61.94527855000237,-4.6653486
61.96196190000237,-5.8519286
61.97864525000237,-5.7374286
61.995328600002374,-4.3277286
62.012011950002375,-1.5683686
62.028695300002376,0.8912014
62.04537865000238,3.7244314
62.06206200000238,5.5422714
62.07874535000238,5.8853714
62.09542870000238,5.0882614
62.11211205000238,2.6354314
62.12879540000238,-0.1991886
62.14547875000238,-2.7568986
62.162162100002384,-5.1340986
62.178845450002385,-5.8862886
62.195528800002386,-5.4331386
62.21221215000239,-3.6195086
62.22889550000239,-0.8270286
62.24557885000239,1.6353714
62.26226220000239,4.4748514
62.27894555000239,5.7549314
62.29562890000239,5.7610514
62.31231225000239,4.6006514
62.32899560000239,1.6681314
62.345678950002394,-0.7604386
62.362362300002395,-3.3544686
62.379045650002396,-5.1473986
62.3957290000024,-5.6451986
62.4124123500024,-4.8594386
62.4290957000024,-2.7633986
62.4457790500024,-0.5997286
62.4624624000024,2.5966314
62.4791457500024,4.9695714
62.4958291000024,5.8102114
62.512512450002404,5.6623314
62.529195800002405,4.1672314
62.545879150002406,0.8495514
62.56256250000241,-1.2807686
62.57924585000241,-3.7573886
62.59592920000241,-5.5373686
62.61261255000241,-5.8277686
62.62929590000241,-4.7651986
62.64597925000241,-2.2969386
62.66266260000241,-0.1072386
62.679345950002414,3.0109314
62.696029300002415,5.2592314
62.712712650002416,5.8340314
62.72939600000242,5.3510114
62.74607935000242,3.4044514
62.76276270000242,0.4069314
62.77944605000242,-2.2463386
62.79612940000242,-4.6838386
62.81281275000242,-5.6981686
62.82949610000242,-5.6610386
62.846179450002424,-4.1945486
62.862862800002425,-1.3920886
62.879546150002426,0.7362314
62.89622950000243,3.8272714
62.91291285000243,5.5712614
62.92959620000243,5.9267614
62.94627955000243,5.1236614
62.96296290000243,2.7637614
62.97964625000243,-0.3471686
62.99632960000243,-2.7624486
63.013012950002434,-4.9155886
63.029696300002435,-5.7387386
63.046379650002436,-5.2225686
63.06306300000244,-3.4086286
63.07974635000244,-0.8236086
63.09642970000244,1.7926914
63.11311305000244,4.5224014
63.12979640000244,5.9129614
63.14647975000244,5.8729514
63.16316310000244,4.5195914
63.179846450002444,1.8147914
63.196529800002445,-0.6928686
63.213213150002446,-3.4313986
63.22989650000245,-5.2725186
63.24657985000245,-5.7916886
63.26326320000245,-5.2045286
63.27994655000245,-2.8771986
63.29662990000245,-0.3874486
63.31331325000245,2.4881014
63.32999660000245,4.8920014
63.34667995000245,5.8174114
63.363363300002455,5.5816014
63.380046650002456,3.9783614
63.39673000000246,1.0361314
63.41341335000246,-1.3650186
63.43009670000246,-4.2034286
63.44678005000246,-5.6214686
63.46346340000246,-5.7829686
63.48014675000246,-4.7945686
63.49683010000246,-2.3097886
63.51351345000246,0.1293314
63.530196800002464,3.2765514
63.546880150002465,5.4077714
63.563563500002466,5.9894314
63.58024685000247,5.4473914
63.59693020000247,3.4066114
63.61361355000247,0.3135114
63.63029690000247,-1.9256886
63.64698025000247,-4.5759886
63.66366360000247,-5.6342686
63.68034695000247,-5.4517186
63.697030300002474,-4.1502086
63.713713650002475,-1.4819386
63.730397000002476,0.7215614
63.74708035000248,3.8659714
63.76376370000248,5.5572314
63.78044705000248,6.0937314
63.79713040000248,5.0775114
63.81381375000248,2.8002914
63.83049710000248,-0.2829686
63.84718045000248,-2.5222186
63.863863800002484,-4.8844686
63.880547150002485,-5.7517086
63.897230500002486,-5.2626086
63.91391385000249,-3.5699686
63.93059720000249,-0.8804886
63.94728055000249,1.6421514
63.96396390000249,4.2175314
63.98064725000249,5.5274014
63.99733060000249,5.6779514
64.0140139500025,4.3219614
64.03069730000249,1.8342314
64.04738065000248,-0.6986086
64.06406400000247,-3.4266986
64.08074735000247,-5.3028886
64.09743070000246,-5.8278486
64.11411405000246,-5.1607686
64.13079740000245,-2.8766686
64.14748075000244,-0.3831686
64.16416410000244,2.4556014
64.18084745000243,4.8544914
64.19753080000243,5.8188814
64.21421415000242,5.6674814
64.23089750000241,3.9459814
64.24758085000241,0.8499114
64.2642642000024,-1.2765186
64.2809475500024,-4.0430686
64.29763090000239,-5.4307286
64.31431425000238,-5.6496686
64.33099760000238,-4.4963386
64.34768095000237,-2.0439486
64.36436430000236,-0.0665886
64.38104765000236,3.2648314
64.39773100000235,5.2840614
64.41441435000235,5.9358314
64.43109770000234,5.4112314
64.44778105000233,3.4655114
64.46446440000233,0.2059014
64.48114775000232,-1.6926886
64.49783110000232,-4.4674086
64.51451445000231,-5.4711686
64.5311978000023,-5.3868386
64.5478811500023,-3.9517186
64.56456450000229,-1.3753686
64.58124785000228,0.6965314
64.59793120000228,3.7140514
64.61461455000227,5.3251014
64.63129790000227,5.6819314
64.64798125000226,4.8893314
64.66466460000225,2.4985314
64.68134795000225,-0.2842686
64.69803130000224,-2.6863386
64.71471465000224,-5.0628986
64.73139800000223,-5.6966286
64.74808135000222,-5.3008986
64.76476470000222,-3.5218686
64.78144805000221,-0.7820686
64.7981314000022,1.6688314
64.8148147500022,4.2016914
64.8314981000022,5.7475014
64.84818145000219,5.7457314
64.86486480000218,4.5175514
64.88154815000217,1.7469514
64.89823150000217,-0.7153286
64.91491485000216,-3.4494686
64.93159820000216,-5.1620186
64.94828155000215,-5.5588986
64.96496490000214,-4.7889986
64.98164825000214,-2.7540686
64.99833160000213,-0.4659386
65.01501495000213,2.3411314
65.03169830000212,4.8256814
65.04838165000211,5.7692914
65.06506500000211,5.5653714
65.0817483500021,3.9455614
65.0984317000021,0.8825714
65.11511505000209,-1.1098686
65.13179840000208,-3.8595286
65.14848175000208,-5.2911986
65.16516510000207,-5.4451686
65.18184845000206,-4.3884286
65.19853180000206,-1.8171386
65.21521515000205,0.0089314
65.23189850000205,3.1101714
65.24858185000204,5.0495614
65.26526520000203,5.7061814
65.28194855000203,5.1155314
65.29863190000202,3.0775714
65.31531525000202,0.1922914
65.33199860000201,-2.2237886
65.348681950002,-4.6317486
65.365365300002,-5.6036986
65.38204865000199,-5.4929686
65.39873200000198,-4.1190486
65.41541535000198,-1.3317886
65.43209870000197,0.8299514
65.44878205000197,3.7838114
65.46546540000196,5.5407714
65.48214875000195,5.8617514
65.49883210000195,4.9484314
65.51551545000194,2.5097014
65.53219880000194,-0.3301986
65.54888215000193,-2.8894086
65.56556550000192,-4.9693286
65.58224885000192,-5.6639386
65.59893220000191,-5.2260086
65.6156155500019,-3.4489686
65.6322989000019,-0.8008986
65.6489822500019,1.5636014
65.66566560000189,4.4369514
65.68234895000188,5.6706514
65.69903230000187,5.6626614
65.71571565000187,4.4038314
65.73239900000186,1.7344314
65.74908235000186,-0.7559186
65.76576570000185,-3.3743886
65.78244905000184,-5.0592686
65.79913240000184,-5.5498686
65.81581575000183,-4.7911386
65.83249910000183,-2.5581686
65.84918245000182,-0.3500086
65.86586580000181,2.6096814
65.88254915000181,4.7012014
65.8992325000018,5.6069914
65.9159158500018,5.3029814
65.93259920000179,3.6978114
65.94928255000178,1.0184914
65.96596590000178,-1.3530686
65.98264925000177,-4.0903686
65.99933260000176,-5.4274686
66.01601595000176,-5.5747386
66.03269930000175,-4.5954686
66.04938265000175,-2.2355686
66.06606600000174,0.1963514
66.08274935000173,3.1124314
66.09943270000173,5.1543014
66.11611605000172,5.7908014
66.13279940000172,5.2564714
66.14948275000171,3.2382514
66.1661661000017,0.2260114
66.1828494500017,-1.8859886
66.19953280000169,-4.4845686
66.21621615000169,-5.5026686
66.23289950000168,-5.4352986
66.24958285000167,-3.9830286
66.26626620000167,-1.2513686
66.28294955000166,0.6640314
66.29963290000165,3.8095114
66.31631625000165,5.4675914
66.33299960000164,5.7876014
66.34968295000164,4.8403614
66.36636630000163,2.5927114
66.38304965000162,-0.3824186
66.39973300000162,-2.5772686
66.41641635000161,-4.7800286
66.4330997000016,-5.5103686
66.4497830500016,-5.0305686
66.4664664000016,-3.2638686
66.48314975000159,-0.6424686
66.49983310000158,1.6280514
66.51651645000157,4.1397714
66.53319980000157,5.4403114
66.54988315000156,5.4390914
66.56656650000156,4.1814614
66.58324985000155,1.5683014
66.59993320000154,-0.7877186
66.61661655000154,-3.3502686
66.63329990000153,-5.2352686
66.64998325000153,-5.6185286
66.66666660000152,-4.9735686
66.68334995000151,-2.7949186
66.70003330000151,-0.3041686
66.7167166500015,2.3829314
66.7334000000015,4.7519514
66.75008335000149,5.6181614
66.76676670000148,5.4468314
66.78345005000148,3.7786514
66.80013340000147,0.8113114
66.81681675000146,-1.2703886
66.83350010000146,-3.9179086
66.85018345000145,-5.3164086
66.86686680000145,-5.4917886
66.88355015000144,-4.4381086
66.90023350000143,-1.8247086
66.91691685000143,-0.0195886
66.93360020000142,3.1196314
66.95028355000142,5.0794314
66.96696690000141,5.6959814
66.9836502500014,5.1939714
67.0003336000014,3.1792014
67.01701695000139,-0.0006386
67.03370030000139,-1.8033686
67.05038365000138,-4.2536686
67.06706700000137,-5.3225386
67.08375035000137,-5.1615286
67.10043370000136,-3.7918686
67.11711705000135,-1.2071686
67.13380040000135,0.6564314
67.15048375000134,3.7539014
67.16716710000134,5.3239314
67.18385045000133,5.5747714
67.20053380000132,4.4921914
67.21721715000132,2.4505614
67.23390050000131,-0.4008186
67.2505838500013,-2.7096886
67.2672672000013,-4.9758286
67.2839505500013,-5.6226186
67.30063390000129,-5.2280886
67.31731725000128,-3.3049886
67.33400060000127,-0.7210386
67.35068395000127,1.6336014
67.36736730000126,4.1503314
67.38405065000126,5.4798314
67.40073400000125,5.5650014
67.41741735000124,4.0155014
67.43410070000124,1.6260314
67.45078405000123,-0.7957186
67.46746740000123,-3.3178086
67.48415075000122,-5.0722686
67.50083410000121,-5.4591086
67.51751745000121,-4.7938886
67.5342008000012,-2.7254986
67.5508841500012,-0.3448486
67.56756750000119,2.2226514
67.58425085000118,4.6575314
67.60093420000118,5.6540514
67.61761755000117,5.3332814
67.63430090000116,3.7772814
67.65098425000116,0.6434914
67.66766760000115,-1.1855486
67.68435095000115,-3.7070886
67.70103430000114,-5.1194686
67.71771765000113,-5.2733186
67.73440100000113,-4.2352286
67.75108435000112,-1.6413286
67.76776770000112,0.0821314
67.78445105000111,3.0860614
67.8011344000011,4.9928014
67.8178177500011,5.6641314
67.83450110000109,4.9459814
67.85118445000109,3.0647914
67.86786780000108,0.0411114
67.88455115000107,-2.0492686
67.90123450000107,-4.4627086
67.91791785000106,-5.4542286
67.93460120000105,-5.3211986
67.95128455000105,-3.9070486
67.96796790000104,-1.3520186
67.98465125000104,1.0035314
68.00133460000103,3.5998814
68.01801795000102,5.3125014
68.03470130000102,5.5322314
68.05138465000101,4.6701014
68.068068000001,2.3247114
68.084751350001,-0.3035886
68.101434700001,-2.5554486
68.11811805000099,-4.7521086
68.13480140000098,-5.4648086
68.15148475000098,-5.0393086
68.16816810000097,-3.3442986
68.18485145000096,-0.6650986
68.20153480000096,1.4497314
68.21821815000095,4.2502314
68.23490150000094,5.4415914
68.25158485000094,5.4972514
68.26826820000093,4.1149314
68.28495155000093,1.6054114
68.30163490000092,-0.8135386
68.31831825000091,-3.1247886
68.33500160000091,-4.8764086
68.3516849500009,-5.2381686
68.3683683000009,-4.5206286
68.38505165000089,-2.4063386
68.40173500000088,-0.4043686
68.41841835000088,2.1451114
68.43510170000087,4.5752514
68.45178505000086,5.6053314
68.46846840000086,5.2081914
68.48515175000085,3.6752914
68.50183510000085,0.6848114
68.51851845000084,-1.2451186
68.53520180000083,-3.8206186
68.55188515000083,-5.3208686
68.56856850000082,-5.4503186
68.58525185000082,-4.4230986
68.60193520000081,-2.0222186
68.6186185500008,0.1057314
68.6353019000008,2.8676114
68.65198525000079,4.9807114
68.66866860000079,5.5526114
68.68535195000078,5.0061014
68.70203530000077,2.9821814
68.71871865000077,0.2648914
68.73540200000076,-2.0485686
68.75208535000075,-4.3294386
68.76876870000075,-5.3178386
68.78545205000074,-5.1545386
68.80213540000074,-3.7552686
68.81881875000073,-1.2194186
68.83550210000072,0.7251014
68.85218545000072,3.6788314
68.86886880000071,5.2183314
68.8855521500007,5.4534914
68.9022355000007,4.5275914
68.9189188500007,2.1498314
68.93560220000069,-0.4215686
68.95228555000068,-2.4941986
68.96896890000068,-4.5454686
68.98565225000067,-5.2337986
69.00233560000066,-4.8413086
69.01901895000066,-3.0640886
69.03570230000065,-0.6024186
69.05238565000064,1.5986314
69.06906900000064,4.1267714
69.08575235000063,5.3438114
69.10243570000063,5.3419314
69.11911905000062,4.0543814
69.13580240000061,1.4624014
69.15248575000061,-0.7573286
69.1691691000006,-3.1755386
69.1858524500006,-5.1649186
69.20253580000059,-5.4732686
69.21921915000058,-4.7540686
69.23590250000058,-2.5364386
69.25258585000057,-0.3078686
69.26926920000056,2.3545814
69.28595255000056,4.4540314
69.30263590000055,5.4648314
69.31931925000055,5.2603714
69.33600260000054,3.5352814
69.35268595000053,0.8291314
69.36936930000053,-1.2728686
69.38605265000052,-3.8148686
69.40273600000052,-5.1905486
69.41941935000051,-5.2921186
69.4361027000005,-4.1602186
69.4527860500005,-1.6478886
69.46946940000049,0.1830714
69.48615275000049,2.9808614
69.50283610000048,4.9291114
69.51951945000047,5.5132314
69.53620280000047,4.9274614
69.55288615000046,3.0103114
69.56956950000045,-0.0178686
69.58625285000045,-1.8221486
69.60293620000044,-4.2115486
69.61961955000044,-5.1504486
69.63630290000043,-4.9780286
69.65298625000042,-3.4796186
69.66966960000042,-1.0262686
69.68635295000041,0.7918714
69.7030363000004,3.7867314
69.7197196500004,5.0706814
69.7364030000004,5.3929314
69.75308635000039,4.4530314
69.76976970000038,2.2904314
69.78645305000038,-0.3854386
69.80313640000037,-2.4858386
69.81981975000036,-4.6813986
69.83650310000036,-5.3635886
69.85318645000035,-5.0057986
69.86986980000034,-2.9222386
69.88655315000034,-0.7081286
69.90323650000033,1.5762314
69.91991985000033,4.0774814
69.93660320000032,5.3058314
69.95328655000031,5.2938814
69.96996990000031,3.9698514
69.9866532500003,1.5054614
70.0033366000003,-0.7593986
70.02001995000029,-3.1609486
70.03670330000028,-4.9813686
70.05338665000028,-5.3319086
70.07007000000027,-4.5965686
70.08675335000027,-2.4287986
70.10343670000026,-0.2560086
70.12012005000025,2.2959314
70.13680340000025,4.5546914
70.15348675000024,5.3918114
70.17017010000023,5.1268314
70.18685345000023,3.5674314
70.20353680000022,0.6510614
70.22022015000022,-1.2361186
70.23690350000021,-3.7186286
70.2535868500002,-4.9637186
70.2702702000002,-5.0474286
70.28695355000019,-3.9716486
70.30363690000019,-1.5924086
70.32032025000018,0.1083114
70.33700360000017,3.1519814
70.35368695000017,4.8996014
70.37037030000016,5.5030814
70.38705365000015,4.7534514
70.40373700000015,2.8824114
70.42042035000014,0.0176314
70.43710370000014,-1.7554286
70.45378705000013,-4.1031686
70.47047040000012,-5.2529286
70.48715375000012,-5.1509086
70.50383710000011,-3.5531286
70.5205204500001,-1.2200686
70.5372038000001,0.9191914
70.5538871500001,3.4328014
70.57057050000009,5.0892914
70.58725385000008,5.3306014
70.60393720000008,4.3232314
70.62062055000007,2.1895714
70.63730390000006,-0.3196386
70.65398725000006,-2.7010486
70.67067060000005,-4.7378686
70.68735395000004,-5.3260686
70.70403730000004,-4.8919686
70.72072065000003,-3.0639386
70.73740400000003,-0.6184986
70.75408735000002,1.5766014
70.77077070000001,4.0639014
70.78745405000001,5.3170314
70.8041374,5.2707514
70.82082075,4.0143714
70.83750409999999,1.2016614
70.85418744999998,-0.7619286
70.87087079999998,-3.1843286
70.88755414999997,-4.8475686
70.90423749999997,-5.1379986
70.92092084999996,-4.3480186
70.93760419999995,-2.2668486
70.95428754999995,-0.3909286
70.97097089999994,2.2359614
70.98765424999993,4.5175814
71.00433759999993,5.3687114
71.02102094999992,5.0098314
71.03770429999992,3.5298314
71.05438764999991,0.5399814
71.0710709999999,-1.1865886
71.0877543499999,-3.4883086
71.10443769999989,-4.9956686
71.12112104999989,-5.1622686
71.13780439999988,-3.9974386
71.15448774999987,-1.7179886
71.17117109999987,0.0724514
71.18785444999986,2.8164314
71.20453779999985,4.7361114
71.22122114999985,5.2760614
71.23790449999984,4.7351714
71.25458784999984,2.7144814
71.27127119999983,0.1147314
71.28795454999982,-2.0513886
71.30463789999982,-4.2015386
71.32132124999981,-5.2202186
71.3380045999998,-5.0976686
71.3546879499998,-3.5177886
71.3713712999998,-1.0937186
71.38805464999979,0.8802314
71.40473799999978,3.5933514
71.42142134999978,5.1678314
71.43810469999977,5.4031314
71.45478804999976,4.3925314
71.47147139999976,2.1074814
71.48815474999975,-0.3917286
71.50483809999974,-2.5126986
71.52152144999974,-4.5487386
71.53820479999973,-5.0835686
71.55488814999973,-4.6390686
71.57157149999972,-2.8637086
71.58825484999971,-0.6864686
71.60493819999971,1.6193814
71.6216215499997,4.1395914
71.6383048999997,5.1898314
71.65498824999969,5.1916514
71.67167159999968,4.0483314
71.68835494999968,1.2949514
71.70503829999967,-0.6714186
71.72172164999967,-3.0246886
71.73840499999966,-4.7006486
71.75508834999965,-5.1262186
71.77177169999965,-4.2908686
71.78845504999964,-2.1227986
71.80513839999963,-0.3403286
71.82182174999963,2.3784314
71.83850509999962,4.2128914
71.85518844999962,5.1794314
71.87187179999961,4.9555014
71.8885551499996,3.2773114
71.9052384999996,0.6635114
71.92192184999959,-1.2845686
71.93860519999959,-3.7245686
71.95528854999958,-5.1496686
71.97197189999957,-5.1893286
71.98865524999957,-4.0252086
72.00533859999956,-1.7360886
72.02202194999956,0.1758314
72.03870529999955,2.9637314
72.05538864999954,4.8092614
72.07207199999954,5.3955114
72.08875534999953,4.7561614
72.10543869999952,2.7351714
72.12212204999952,0.0488314
72.13880539999951,-1.8464386
72.1554887499995,-4.2097186
72.1721720999995,-5.0538986
72.1888554499995,-4.8500086
72.20553879999949,-3.4338386
72.22222214999948,-1.0315686
72.23890549999948,0.7181314
72.25558884999947,3.5697014
72.27227219999946,5.0589014
72.28895554999946,5.2832914
72.30563889999945,4.3548614
72.32232224999944,1.9278514
72.33900559999944,-0.3900686
72.35568894999943,-2.2851686
72.37237229999943,-4.3540686
72.38905564999942,-5.1420886
72.40573899999941,-4.5184286
72.42242234999941,-2.6876486
72.4391056999994,-0.6117286
72.4557890499994,1.6853014
72.47247239999939,3.9694314
72.48915574999938,5.0074314
72.50583909999938,4.9938914
72.52252244999937,3.7496314
72.53920579999937,1.2419314
72.55588914999936,-0.8235486
72.57257249999935,-3.1024486
72.58925584999935,-4.8862886
72.60593919999934,-5.2282986
72.62262254999933,-4.4661286
72.63930589999933,-2.3894086
72.65598924999932,-0.2071686
72.67267259999932,2.3007514
72.68935594999931,4.2641014
72.7060392999993,5.3941614
72.7227226499993,5.0104314
72.73940599999929,3.3059114
72.75608934999929,0.6282914
72.77277269999928,-1.2691086
72.78945604999927,-3.7349286
72.80613939999927,-4.9041486
72.82282274999926,-4.9967686
72.83950609999926,-3.9238286
72.85618944999925,-1.4736986
72.87287279999924,0.1076014
72.88955614999924,2.9953314
72.90623949999923,4.7542114
72.92292284999922,5.2808814
72.93960619999922,4.7240014
72.95628954999921,2.8106114
72.9729728999992,-0.0248686
72.9896562499992,-1.5847186
73.0063395999992,-3.9637486
73.02302294999919,-4.9277086
73.03970629999918,-4.7785686
73.05638964999918,-3.2110686
73.07307299999917,-0.9891086
73.08975634999916,0.7569314
73.10643969999916,3.4421314
73.12312304999915,4.8373714
73.13980639999915,5.0312514
73.15648974999914,4.1813914
73.17317309999913,1.9743314
73.18985644999913,-0.4230686
73.20653979999912,-2.7240686
73.22322314999911,-4.6296386
73.23990649999911,-5.2396286
73.2565898499991,-4.7672686
73.2732731999991,-2.8868986
73.28995654999909,-0.5466886
73.30663989999908,1.6430614
73.32332324999908,3.7930914
73.34000659999907,5.1964714
73.35668994999907,5.1032714
73.37337329999906,3.7586714
73.39005664999905,1.2387714
73.40673999999905,-0.7860986
73.42342334999904,-3.2070686
73.44010669999903,-4.7642186
73.45679004999903,-5.1006686
73.47347339999902,-4.2324686
73.49015674999902,-2.1741286
73.50684009999901,-0.3215986
73.523523449999,2.3234814
73.540206799999,4.4150114
73.55689014999899,5.2542714
73.57357349999899,4.9002714
73.59025684999898,3.3046914
73.60694019999897,0.5126314
73.62362354999897,-1.1093186
73.64030689999896,-3.4914886
73.65699024999896,-4.8457686
73.67367359999895,-4.8892686
73.69035694999894,-3.6448386
73.70704029999894,-1.4894686
73.72372364999893,0.1022614
73.74040699999892,3.0214314
73.75709034999892,4.5810514
73.77377369999891,5.0743314
73.7904570499989,4.2879314
73.8071403999989,2.6427614
73.8238237499989,-0.0900886
73.84050709999889,-2.1427286
73.85719044999888,-4.2107286
73.87387379999888,-5.1560086
73.89055714999887,-4.9584386
73.90724049999886,-3.3576686
73.92392384999886,-1.0576686
73.94060719999885,0.9208314
73.95729054999885,3.4160114
73.97397389999884,4.9596514
73.99065724999883,5.1979314
74.00734059999883,3.9761914
74.02402394999882,1.9765914
74.04070729999881,-0.3511986
74.05739064999881,-2.4899686
74.0740739999988,-4.4419686
74.0907573499988,-5.0743986
74.10744069999879,-4.5631686
74.12412404999878,-2.8146986
74.14080739999878,-0.5973486
74.15749074999877,1.4556914
74.17417409999877,3.9427814
74.19085744999876,5.0381314
74.20754079999875,5.0564614
74.22422414999875,3.7871114
74.24090749999874,1.2716714
74.25759084999873,-0.7228986
74.27427419999873,-2.9630386
74.29095754999872,-4.5820286
74.30764089999872,-4.9283186
74.32432424999871,-4.1477686
74.3410075999987,-1.8761686
74.3576909499987,-0.2487186
74.37437429999869,2.4066814
74.39105764999869,4.3605914
74.40774099999868,5.0382114
74.42442434999867,4.5654314
74.44110769999867,3.0560914
74.45779104999866,0.4539314
74.47447439999866,-1.3206186
74.49115774999865,-3.6152086
74.50784109999864,-4.9958186
74.52452444999864,-5.0174686
74.54120779999863,-3.8030386
74.55789114999862,-1.5835686
74.57457449999862,0.2587914
74.59125784999861,2.8504314
74.6079411999986,4.6421814
74.6246245499986,5.2275314
74.6413078999986,4.1990614
74.65799124999859,2.6079714
74.67467459999858,0.0929514
74.69135794999858,-1.7661086
74.70804129999857,-4.0320486
74.72472464999856,-4.9469686
74.74140799999856,-4.7510386
74.75809134999855,-3.3282486
74.77477469999855,-0.9205286
74.79145804999854,0.7228714
74.80814139999853,3.4048314
74.82482474999853,4.9003914
74.84150809999852,5.1460614
74.85819144999851,4.0896014
74.87487479999851,1.9513814
74.8915581499985,-0.4938986
74.9082414999985,-2.2836686
74.92492484999849,-4.2589686
74.94160819999848,-4.8751186
74.95829154999848,-4.3540686
74.97497489999847,-2.5352686
74.99165824999847,-0.4694186
75.00834159999846,1.5999314
75.02502494999845,3.9251314
75.04170829999845,4.9448314
75.05839164999844,4.8345614
75.07507499999844,3.6125814
75.09175834999843,1.1891514
75.10844169999842,-0.8209186
75.12512504999842,-2.9001486
75.14180839999841,-4.7805686
75.1584917499984,-5.0911286
75.1751750999984,-4.2409686
75.19185844999839,-2.3232386
75.20854179999839,-0.1887186
75.22522514999838,2.1932114
75.24190849999837,4.1438314
75.25859184999837,5.1046714
75.27527519999836,4.7899314
75.29195854999836,3.1587514
75.30864189999835,0.5131514
75.32532524999834,-1.2377886
75.34200859999834,-3.5161086
75.35869194999833,-4.8193986
75.37537529999832,-4.8643186
75.39205864999832,-3.7761186
75.40874199999831,-1.4045986
75.4254253499983,0.2316314
75.4421086999983,2.9077714
75.4587920499983,4.5258814
75.47547539999829,5.1495314
75.49215874999828,4.3998314
75.50884209999828,2.5710114
75.52552544999827,-0.1106686
75.54220879999826,-1.6628086
75.55889214999826,-3.8452686
75.57557549999825,-4.7502486
75.59225884999825,-4.5634686
75.60894219999824,-3.0631686
75.62562554999823,-0.8346286
75.64230889999823,0.6934814
75.65899224999822,3.4527014
75.67567559999821,4.7312614
75.69235894999821,4.9515314
75.7090422999982,3.9857814
75.7257256499982,1.9491914
75.74240899999819,-0.4675886
75.75909234999818,-2.4589886
75.77577569999818,-4.3743286
75.79245904999817,-5.0429686
75.80914239999817,-4.5236686
75.82582574999816,-2.5539286
75.84250909999815,-0.5178686
75.85919244999815,1.5917014
75.87587579999814,3.7933314
75.89255914999814,4.9644814
75.90924249999813,4.8878814
75.92592584999812,3.5560014
75.94260919999812,1.2112314
75.95929254999811,-0.8093886
75.9759758999981,-2.9553186
75.9926592499981,-4.5223386
76.00934259999809,-4.8576086
76.02602594999809,-4.0157686
76.04270929999808,-1.9997686
76.05939264999807,-0.2198486
76.07607599999807,1.9932814
76.09275934999806,4.1533314
76.10944269999806,4.9812314
76.12612604999805,4.5753314
76.14280939999804,3.0850814
76.15949274999804,0.2579314
76.17617609999803,-1.1643086
76.19285944999802,-3.3990686
76.20954279999802,-4.6162686
76.22622614999801,-4.6243686
76.242909499998,-3.4458686
76.259592849998,-1.1933686
76.276276199998,0.2399914
76.29295954999799,2.9766314
76.30964289999798,4.5001314
76.32632624999798,5.0166014
76.34300959999797,4.3118314
76.35969294999796,2.6199914
76.37637629999796,-0.1654086
76.39305964999795,-1.9021286
76.40974299999795,-3.8806486
76.42642634999794,-4.9614886
76.44310969999793,-4.7492086
76.45979304999793,-3.1156686
76.47647639999792,-0.9487886
76.49315974999791,0.8297114
76.50984309999791,3.2547614
76.5265264499979,4.7623614
76.5432097999979,4.9671014
76.55989314999789,3.8895314
76.57657649999788,1.8502314
76.59325984999788,-0.3687686
76.60994319999787,-2.3495186
76.62662654999787,-4.2371686
76.64330989999786,-4.8348386
76.65999324999785,-4.2123986
76.67667659999785,-2.5476686
76.69335994999784,-0.4694686
76.71004329999784,1.4792514
76.72672664999783,3.8509514
76.74340999999782,4.9287714
76.76009334999782,4.9409814
76.77677669999781,3.5514514
76.7934600499978,0.9955314
76.8101433999978,-0.8034386
76.82682674999779,-2.9436686
76.84351009999779,-4.4981686
76.86019344999778,-4.7113986
76.87687679999777,-3.9405486
76.89356014999777,-1.7667886
76.91024349999776,-0.2040386
76.92692684999776,2.0993614
76.94361019999775,4.1612514
76.96029354999774,4.9980314
76.97697689999774,4.5639914
76.99366024999773,3.0346714
77.01034359999773,0.3653914
77.02702694999772,-1.1666286
77.04371029999771,-3.5057686
77.0603936499977,-4.7829286
77.0770769999977,-4.7958686
77.0937603499977,-3.6050386
77.11044369999769,-1.5008886
77.12712704999768,0.2634914
77.14381039999768,2.6787114
77.16049374999767,4.3051714
77.17717709999766,5.1125514
77.19386044999766,4.1749314
77.21054379999765,2.3150614
77.22722714999765,0.0493514
77.24391049999764,-1.8903686
77.26059384999763,-3.9849886
77.27727719999763,-4.8336486
77.29396054999762,-4.5279686
77.31064389999761,-3.0830686
77.32732724999761,-0.8532086
77.3440105999976,0.9001314
77.3606939499976,3.3782914
77.37737729999759,4.7587014
77.39406064999758,4.9560514
77.41074399999758,4.0566314
77.42742734999757,1.5711014
77.44411069999757,-0.4855986
77.46079404999756,-2.2604986
77.47747739999755,-4.2159986
77.49416074999755,-4.7092286
77.51084409999754,-4.1839686
77.52752744999754,-2.3361186
77.54421079999753,-0.5493186
77.56089414999752,1.5264014
77.57757749999752,3.9265114
77.59426084999751,4.8333114
77.6109441999975,4.7652014
77.6276275499975,3.4771714
77.64431089999749,0.9510514
77.66099424999749,-0.7907086
77.67767759999748,-2.7893086
77.69436094999747,-4.4608186
77.71104429999747,-4.8494686
77.72772764999746,-3.9097286
77.74441099999746,-2.0714986
77.76109434999745,-0.2728886
77.77777769999744,2.2177314
77.79446104999744,4.0480614
77.81114439999743,4.9602014
77.82782774999743,4.2906814
77.84451109999742,2.8655314
77.86119444999741,0.5128314
77.8778777999974,-1.3061186
77.8945611499974,-3.4669686
77.9112444999974,-4.7369986
77.92792784999739,-4.7437086
77.94461119999738,-3.5059686
77.96129454999738,-1.3192186
77.97797789999737,0.2879614
77.99466124999736,2.7373914
78.01134459999736,4.4986614
78.02802794999735,4.9927314
78.04471129999735,4.2004314
78.06139464999734,2.1353314
78.07807799999733,-0.1620486
78.09476134999733,-1.6876686
78.11144469999732,-3.7769186
78.12812804999731,-4.6231086
78.14481139999731,-4.3309286
78.1614947499973,-2.9185186
78.1781780999973,-0.8339686
78.19486144999729,0.7563814
78.21154479999728,3.3732314
78.22822814999728,4.6321114
78.24491149999727,4.7534814
78.26159484999727,3.9112514
78.27827819999726,1.7070314
78.29496154999725,-0.4165086
78.31164489999725,-2.1488086
78.32832824999724,-4.0179486
78.34501159999724,-4.7178386
78.36169494999723,-4.1896386
78.37837829999722,-2.4746686
78.39506164999722,-0.4985386
78.41174499999721,1.5412614
78.4284283499972,3.6408114
78.4451116999972,4.7881814
78.46179504999719,4.4738114
78.47847839999719,3.2843014
78.49516174999718,1.0025314
78.51184509999717,-0.8283686
78.52852844999717,-3.0170886
78.54521179999716,-4.4578886
78.56189514999716,-4.7495086
78.57857849999715,-3.8505886
78.59526184999714,-1.9442686
78.61194519999714,-0.1317186
78.62862854999713,2.2793014
78.64531189999713,4.0635714
78.66199524999712,4.8963614
78.67867859999711,4.5058914
78.6953619499971,2.8552314
78.7120452999971,0.3718614
78.7287286499971,-1.2223186
78.74541199999709,-3.4357686
78.76209534999708,-4.5222686
78.77877869999708,-4.4482386
78.79546204999707,-3.3701186
78.81214539999706,-1.2022686
78.82882874999706,0.1432514
78.84551209999705,2.8500314
78.86219544999705,4.4389014
78.87887879999704,4.9350614
78.89556214999703,4.1430314
78.91224549999703,2.1212114
78.92892884999702,-0.1537486
78.94561219999702,-1.6925686
78.96229554999701,-3.6030286
78.978978899997,-4.5364386
78.995662249997,-4.2607386
79.01234559999699,-2.8729686
79.02902894999698,-0.8540686
79.04571229999698,0.8647314
79.06239564999697,3.1787714
79.07907899999697,4.4595914
79.09576234999696,4.7554914
79.11244569999695,3.6806314
79.12912904999695,1.6353114
79.14581239999694,-0.4168086
79.16249574999694,-2.5479686
79.17917909999693,-4.2223186
79.19586244999692,-4.8265986
79.21254579999692,-4.1133986
79.22922914999691,-2.4348186
79.2459124999969,-0.4573386
79.2625958499969,1.5842314
79.27927919999689,3.7258914
79.29596254999689,4.8181714
79.31264589999688,4.6545314
79.32932924999687,3.3637114
79.34601259999687,0.8585314
79.36269594999686,-0.8331286
79.37937929999686,-2.8704686
79.39606264999685,-4.3419186
79.41274599999684,-4.5527686
79.42942934999684,-3.7694086
79.44611269999683,-1.7297386
79.46279604999683,-0.2146686
79.47947939999682,2.1958314
79.49616274999681,4.1399814
79.5128460999968,4.8527314
79.5295294499968,4.4604514
79.5462127999968,3.0043014
79.56289614999679,0.3666714
79.57957949999678,-1.1550686
79.59626284999678,-3.2144486
79.61294619999677,-4.3056986
79.62962954999676,-4.3192186
79.64631289999676,-3.1943386
79.66299624999675,-1.2466386
79.67967959999675,0.2232314
79.69636294999674,2.8315314
79.71304629999673,4.2631314
79.72972964999673,4.6200914
79.74641299999672,3.9612114
79.76309634999672,2.1939714
79.77977969999671,-0.1369886
79.7964630499967,-1.9704686
79.8131463999967,-3.8615686
79.82982974999669,-4.7601286
79.84651309999668,-4.3359986
79.86319644999668,-2.9076186
79.87987979999667,-0.8163186
79.89656314999667,0.9833314
79.91324649999666,3.2871714
79.92992984999665,4.5805614
79.94661319999665,4.7931514
79.96329654999664,3.7485314
79.97997989999664,1.5080614
79.99666324999663,-0.4304686
80.01334659999662,-2.3002886
80.03002994999662,-4.1058986
80.04671329999661,-4.5555086
80.0633966499966,-4.0328986
80.0800799999966,-2.2895186
80.09676334999659,-0.5420686
80.11344669999659,1.5522314
80.13013004999658,3.7742914
80.14681339999657,4.6929614
80.16349674999657,4.6563714
80.18018009999656,3.4189314
80.19686344999656,0.8912614
80.21354679999655,-0.7355986
80.23023014999654,-2.7353486
80.24691349999654,-4.1749286
80.26359684999653,-4.4448286
80.28028019999653,-3.5243486
80.29696354999652,-1.6269486
80.31364689999651,-0.2236986
80.3303302499965,2.3317314
80.3470135999965,3.9754614
80.3636969499965,4.5388514
80.38038029999649,4.1682114
80.39706364999648,2.6971314
80.41374699999648,0.3358714
80.43043034999647,-1.3437686
80.44711369999646,-3.4385386
80.46379704999646,-4.6100686
80.48048039999645,-4.5947886
80.49716374999645,-3.2549686
80.51384709999644,-1.2236986
80.53053044999643,0.4588014
80.54721379999643,2.7341914
80.56389714999642,4.2073314
80.58058049999642,4.8308714
80.59726384999641,4.0299714
80.6139471999964,2.1571614
80.6306305499964,-0.0789486
80.64731389999639,-1.7175286
80.66399724999638,-3.7490886
80.68068059999638,-4.5793186
80.69736394999637,-4.2887286
80.71404729999637,-2.8680386
80.73073064999636,-0.8198886
80.74741399999635,0.7984014
80.76409734999635,3.2626914
80.78078069999634,4.5141014
80.79746404999634,4.7093314
80.81414739999633,3.7067914
80.83083074999632,1.5033614
80.84751409999632,-0.5058686
80.86419744999631,-2.0779386
80.8808807999963,-3.9121686
80.8975641499963,-4.4233386
80.91424749999629,-3.7536286
80.93093084999629,-2.0186686
80.94761419999628,-0.4172386
80.96429754999627,1.6252314
80.98098089999627,3.6247514
80.99766424999626,4.4599614
81.01434759999626,4.3657514
81.03103094999625,3.1076014
81.04771429999624,0.8978914
81.06439764999624,-0.8848286
81.08108099999623,-2.7503686
81.09776434999623,-4.3409986
81.11444769999622,-4.6274986
81.13113104999621,-3.6916486
81.14781439999621,-1.7756986
81.1644977499962,-0.0902686
81.1811810999962,2.3124314
81.19786444999619,3.8862314
81.21454779999618,4.7423114
81.23123114999618,4.0302314
81.24791449999617,2.7037914
81.26459784999616,0.4660614
81.28128119999616,-1.2486686
81.29796454999615,-3.3712186
81.31464789999615,-4.4299686
81.33133124999614,-4.4038086
81.34801459999613,-3.2162686
81.36469794999613,-1.1668986
81.38138129999612,0.2238114
81.39806464999612,2.8163314
81.41474799999611,4.3152814
81.4314313499961,4.7541514
81.4481146999961,4.1188914
81.46479804999609,2.1119114
81.48148139999608,-0.2063686
81.49816474999608,-1.5695686
81.51484809999607,-3.6453286
81.53153144999607,-4.3542486
81.54821479999606,-3.9960286
81.56489814999605,-2.5525686
81.58158149999605,-0.6600986
81.59826484999604,0.8167714
81.61494819999604,3.3160314
81.63163154999603,4.3836014
81.64831489999602,4.3343314
81.66499824999602,3.4065514
81.68168159999601,1.4586314
81.698364949996,-0.4661286
81.715048299996,-2.5313686
81.731731649996,-4.0850486
81.74841499999599,-4.6846886
81.76509834999598,-4.0295986
81.78178169999597,-2.4781486
81.79846504999597,-0.3613886
81.81514839999596,1.6712914
81.83183174999596,3.6260114
81.84851509999595,4.3237314
81.86519844999594,4.2615314
81.88188179999594,3.2313314
81.89856514999593,0.8648714
81.91524849999593,-0.8509486
81.93193184999592,-2.8013686
81.94861519999591,-4.2364486
81.96529854999591,-4.5032386
81.9819818999959,-3.6164286
81.9986652499959,-1.5570986
82.01534859999589,-0.2015986
82.03203194999588,2.2135014
82.04871529999588,3.9439114
82.06539864999587,4.6478614
82.08208199999586,4.1658014
82.09876534999586,2.7125514
82.11544869999585,0.1177314
82.13213204999585,-1.1109286
82.14881539999584,-3.1945486
82.16549874999583,-4.2634286
82.18218209999583,-4.2051386
82.19886544999582,-3.0518686
82.21554879999582,-1.0390686
82.23223214999581,0.3428914
82.2489154999958,2.9256014
82.2655988499958,4.1829514
82.28228219999579,4.4848014
82.29896554999578,3.7785014
82.31564889999578,2.1188314
82.33233224999577,-0.2858886
82.34901559999577,-1.8800086
82.36569894999576,-3.6523486
82.38238229999575,-4.5900686
82.39906564999575,-4.2411486
82.41574899999574,-2.8048086
82.43243234999574,-0.7198686
82.44911569999573,0.9837614
82.46579904999572,3.1560014
82.48248239999572,4.2098314
82.49916574999571,4.3368514
82.5158490999957,3.5734514
82.5325324499957,1.4928014
82.5492157999957,-0.4631986
82.56589914999569,-2.2635486
82.58258249999568,-3.9484286
82.59926584999567,-4.5159886
82.61594919999567,-3.9524686
82.63263254999566,-2.1030886
82.64931589999566,-0.3898686
82.66599924999565,1.4412314
82.68268259999564,3.6305514
82.69936594999564,4.5847314
82.71604929999563,4.3959914
82.73273264999563,3.1216314
82.74941599999562,0.7693514
82.76609934999561,-0.8265086
82.78278269999561,-2.6741686
82.7994660499956,-4.0582286
82.8161493999956,-4.1946386
82.83283274999559,-3.3554986
82.84951609999558,-1.5093986
82.86619944999558,-0.1270686
82.88288279999557,2.3410614
82.89956614999556,3.9166314
82.91624949999556,4.4298114
82.93293284999555,4.0457714
82.94961619999555,2.6856714
82.96629954999554,0.1618614
82.98298289999553,-1.3247086
82.99966624999553,-3.1729686
83.01634959999552,-4.4085086
83.03303294999552,-4.3878186
83.04971629999551,-3.0294486
83.0663996499955,-1.2113686
83.0830829999955,0.3944114
83.09976634999549,2.6520314
83.11644969999548,4.0555714
83.13313304999548,4.3063914
83.14981639999547,3.7805314
83.16649974999547,2.0072014
83.18318309999546,-0.1173086
83.19986644999545,-1.6750486
83.21654979999545,-3.6296386
83.23323314999544,-4.4144286
83.24991649999544,-3.9902386
83.26659984999543,-2.7151486
83.28328319999542,-0.6408086
83.29996654999542,0.8489114
83.31664989999541,3.2180314
83.3333332499954,4.3779914
83.3500165999954,4.4445314
83.3666999499954,3.4249614
83.38338329999539,1.3311814
83.40006664999538,-0.5588986
83.41674999999537,-2.1718486
83.43343334999537,-3.8330086
83.45011669999536,-4.3435086
83.46680004999536,-3.6792686
83.48348339999535,-1.7951386
83.50016674999534,-0.3526286
83.51685009999534,1.4465314
83.53353344999533,3.6582014
83.55021679999533,4.4349314
83.56690014999532,4.2672714
83.58358349999531,3.0817914
83.60026684999531,0.6871014
83.6169501999953,-0.8505886
83.6336335499953,-2.6607686
83.65031689999529,-4.1526486
83.66700024999528,-4.4519086
83.68368359999528,-3.3919086
83.70036694999527,-1.6381186
83.71705029999526,-0.1049486
83.73373364999526,2.2346814
83.75041699999525,3.8747514
83.76710034999525,4.3496114
83.78378369999524,4.0148914
83.80046704999523,2.5743314
83.81715039999523,0.3644114
83.83383374999522,-1.2363686
83.85051709999522,-3.2617686
83.86720044999521,-4.2844686
83.8838837999952,-4.1772486
83.9005671499952,-3.0208086
83.91725049999519,-1.0683686
83.93393384999519,0.4031314
83.95061719999518,2.7144314
83.96730054999517,4.1196314
83.98398389999517,4.4092714
84.00066724999516,3.7339514
84.01735059999515,1.8961814
84.03403394999515,-0.2712986
84.05071729999514,-1.6972686
84.06740064999514,-3.4911486
84.08408399999513,-4.2361686
84.10076734999512,-3.8771386
84.11745069999512,-2.3820686
84.13413404999511,-0.5545686
84.1508173999951,0.8475014
84.1675007499951,3.2601914
