time,dt,Center (x-axis),Center (y-axis),box width,box height
0.0,0.0,203.0711669921875,36.05093955993652,14.606262207031193,14.635211944580082
0.06768759999977192,0.06768759999977192,202.97356414794922,36.01346206665039,14.44502258300787,14.688652038574208
0.10643269999854965,0.03874509999877773,202.9128341674805,36.00583267211914,14.411026000976562,14.648880004882805
0.15673209999658866,0.05029939999803901,203.03968048095703,36.02951622009277,14.539413452148295,14.64427566528321
0.19813539999449858,0.041403299997909926,203.02068328857422,36.03094673156738,14.486862182617216,14.465145111083952
0.23064569999405649,0.0325102999995579,202.9568634033203,36.00507640838623,14.399078369140625,14.529062271118175
0.27658429999428336,0.04593860000022687,203.05005645751953,36.00465106964111,14.486099243164006,14.560468673706069
0.3087907999943127,0.03220650000002934,203.0391845703125,36.02876567840576,14.517089843749915,14.483514785766626
0.3533815999981016,0.0445908000037889,203.02600860595703,36.0016565322876,14.492813110351477,14.551298141479492
0.38489519999711774,0.03151359999901615,203.0430450439453,36.00150012969971,14.543884277343807,14.61459159851075
0.41678529999626335,0.031890099999145605,203.04074859619138,36.02540111541748,14.500076293945312,14.54448890686033
0.4518781999940984,0.03509289999783505,203.04116821289062,36.00477695465088,14.595092773437528,14.476827621459961
0.4960854999953881,0.044207300001289696,203.04175567626953,36.008891105651855,14.544692993164034,14.531969070434592
0.526205399997707,0.0301199000023189,203.02513885498047,36.02904891967773,14.522842407226506,14.405586242675792
0.5591540999957942,0.03294869999808725,203.02959442138672,36.03825759887695,14.531814575195284,14.441604614257816
0.5907718999951612,0.03161779999936698,203.04232025146484,36.048566818237305,14.586685180663949,14.363376617431655
0.6342630999934045,0.043491199998243246,203.09342193603516,35.99845314025879,14.424087524414091,14.358364105224606
0.6675401999964379,0.03327710000303341,203.0164794921875,36.009230613708496,14.518157958984375,14.457170486450206
0.6997185000000172,0.03217830000357935,203.12158203125,36.029731750488274,14.47189331054696,14.224594116210948
0.7386072999943281,0.03888879999431083,203.12709045410156,36.01276111602783,14.513488769531222,14.292615890502926
0.7807156999988365,0.04210840000450844,203.09632873535156,36.01150703430176,14.417144775390682,14.29422378540038
0.825502099993173,0.044786399994336534,203.10903930664062,36.053951263427734,14.498504638671847,14.268890380859357
0.8571052999977837,0.0316032000046107,203.02447509765625,36.052642822265625,14.57196044921875,14.3976058959961
0.8884715999956825,0.03136629999789875,203.04046630859375,36.02832221984863,14.631774902343693,14.392642974853537
0.9208331999980146,0.032361600002332125,203.05711364746094,36.01450729370117,14.62139892578125,14.373588562011715
0.9683805999957258,0.04754739999771118,203.05785369873047,36.02119541168213,14.603836059570284,14.37669181823734
1.014214599999832,0.0458340000041062,203.14627838134766,36.0705451965332,14.552352905273494,14.205253601074205
1.0466569999989588,0.03244239999912679,203.04656219482422,36.04855251312256,14.618820190429773,14.323175430297866
1.0924256999933277,0.045768699994368944,203.12010955810547,36.024351119995124,14.492630004882756,14.205181121826147
1.1263082999939797,0.03388260000065202,203.11630249023438,36.0537748336792,14.556915283203097,14.159257888793938
1.1716808999990462,0.04537260000506649,203.12891387939453,36.04300308227539,14.607162475585994,14.178527832031286
1.221977599998354,0.05029669999930775,203.12726593017578,36.07761096954346,14.574844360351591,14.125173568725604
1.265170599996054,0.0431929999977001,203.12147521972656,36.01876831054688,14.539672851562614,14.241012573242191
1.2957760999997845,0.030605500003730413,203.19747924804688,35.98447227478027,14.348083496093778,14.001590728759766
1.32875879999483,0.03298269999504555,203.1470184326172,35.99913692474365,14.308349609374943,13.964906692504915
1.3783273999943049,0.04956859999947483,203.19150543212888,35.96005439758301,14.343643188476562,14.07196426391603
1.423374399993918,0.045046999999613035,203.1521224975586,35.99473762512207,14.291702270507727,14.010890960693324
1.4687024999948335,0.04532810000091558,203.162353515625,35.98911476135254,14.305267333984318,14.028293609619165
1.5004515999971773,0.031749100002343766,203.09505462646484,35.98227787017822,14.531723022460938,14.028600692749023
1.531486899999436,0.031035300002258737,203.10488891601562,35.97675037384033,14.545562744140625,14.04154014587403
1.561076599995431,0.029589699995995034,203.13877868652344,35.983428955078125,14.331909179687415,14.021286010742209
1.5951900999934878,0.034113499998056795,203.0847396850586,36.027374267578125,14.482254028320256,14.28111267089843
1.6258301999987452,0.03064010000525741,203.09214782714844,36.039353370666504,14.452178955078125,14.231550216674812
1.6590078999943216,0.033177699995576404,203.0732192993164,36.042680740356445,14.474258422851562,14.20273971557619
1.6903028999950038,0.031295000000682194,203.07797241210938,36.04843330383301,14.467041015624972,14.200977325439485
1.7377505999975256,0.04744770000252174,202.99774169921875,36.03216075897217,14.482696533203153,14.330690383911154
1.7829249999995227,0.04517440000199713,203.10506439208984,36.0146541595459,14.487228393554716,14.337825775146474
1.8134335999930045,0.030508599993481766,203.10941314697266,36.03434467315674,14.553604125976506,14.306928634643548
1.8457970999952522,0.03236350000224775,203.15609741210938,35.98806095123291,14.3001708984375,14.051244735717752
1.8916163999965647,0.04581930000131251,203.13525390625,35.94900989532471,14.345733642578153,14.144330978393555
1.9224180999954115,0.030801699998846743,203.094970703125,36.04404926300049,14.455963134765625,14.204313278198267
1.9540428999971482,0.03162480000173673,203.02751922607422,36.02816104888916,14.546157836914233,14.262372970581048
1.9877130999957444,0.03367019999859622,203.0084228515625,36.064398765563965,14.451293945312528,14.34807777404783
2.031500299999607,0.04378720000386238,203.1461639404297,35.98661994934082,14.348449707031165,14.044277191162102
2.064752899997984,0.033252599998377264,203.1123275756836,35.971330642700195,14.40199279785162,14.077884674072266
2.1111631999956444,0.04641029999766033,203.10992431640625,35.983089447021484,14.419677734375057,14.06684112548827
2.1431425999981,0.031979400002455804,203.03775787353516,35.99235248565674,14.544815063476562,14.326475143432642
2.1884414999949513,0.045298899996851105,203.12167358398438,35.96427631378174,14.350799560546875,14.125570297241222
2.219834899995476,0.03139340000052471,203.14295196533203,36.0022029876709,14.365829467773466,14.056514739990245
2.2509514999983367,0.03111660000286065,203.11609649658203,35.97886085510254,14.398056030273466,14.0953483581543
2.283221899997443,0.0322703999991063,203.04945373535156,36.030455589294434,14.44671630859375,14.236688613891602
2.3145475999990595,0.0313257000016165,203.06330108642578,36.02780628204346,14.467727661132812,14.225561141967773
2.34718409999914,0.03263650000008056,203.06591796875,36.05676746368408,14.508453369140597,14.158124923706033
2.3923042999958852,0.045120199996745214,203.12608337402344,36.04067516326904,14.566558837890625,14.232263565063487
2.4247932999933255,0.03248899999744026,203.1193389892578,36.007161140441895,14.568634033203125,14.267187118530284
2.455193199995847,0.030399900002521463,203.13147735595703,36.02306365966797,14.392440795898494,13.970169067382827
2.4881729999979143,0.03297980000206735,203.12432098388672,36.02596664428711,14.325271606445341,13.91540527343751
2.5169517999966047,0.028778799998690374,203.14803314208984,35.99709129333496,14.330703735351591,14.000499725341804
2.5538975999952527,0.036945799998648,203.10655975341797,35.96463108062744,14.371261596679773,14.056104660034194
2.5982362999930046,0.044338699997751974,203.1039810180664,35.98388290405273,14.369918823242244,14.061683654785167
2.629090599999472,0.030854300006467383,203.09996795654297,36.035353660583496,14.58937072753912,14.237680435180678
2.6613724999988335,0.032281899999361485,203.04183197021484,36.01888561248779,14.384323120117159,14.312646865844709
2.6930323999986285,0.031659899999795016,203.05926513671875,36.024855613708496,14.342010498046847,14.267847061157223
2.723448799995822,0.030416399997193366,202.93599700927734,36.03006839752197,14.49348449707037,14.37359428405762
2.7554917999950703,0.03204299999924842,203.00192260742188,36.05120086669922,14.456848144531278,14.399505615234364
2.787517699995078,0.03202590000000782,203.02434539794922,36.02285861968994,14.533767700195398,14.258222579956083
2.8205726999949547,0.0330549999998766,203.02114868164062,36.02209281921387,14.530151367187472,14.298320770263661
2.866536299996369,0.045963600001414306,202.99993133544925,36.04443359375,14.49482727050787,14.291915893554684
2.9128672999941045,0.04633099999773549,203.04713439941406,36.02473735809326,14.584442138671847,14.251932144165036
2.944681799999671,0.031814500005566515,203.0868911743164,35.935330390930176,14.465835571289148,14.071455001831055
2.976692999996885,0.032011199997214135,203.04853057861328,36.10871982574463,14.326553344726591,14.340101242065408
3.024139199995261,0.04744619999837596,203.0136489868164,36.0015172958374,14.526962280273494,14.29735755920407
3.071383099995728,0.047243900000466965,203.06488800048828,36.0104751586914,14.515640258789062,14.26903533935548
3.1164116999934777,0.04502859999774955,203.0596694946289,36.08235836029053,14.492324829101648,14.124498367309585
3.1470518999994965,0.03064020000601886,203.11832427978516,35.95883655548096,14.341262817382784,14.077436447143555
3.194317299996328,0.04726539999683155,203.10388946533203,35.97609806060791,14.394546508789091,14.02180290222169
3.2257290999987163,0.03141180000238819,203.03142547607422,36.05283737182617,14.536483764648409,14.211280822753913
3.256911199998285,0.03118209999956889,203.0263442993164,36.05023384094238,14.55955505371088,14.200222015380877
3.2884635999944294,0.03155239999614423,203.0236358642578,36.01411533355713,14.564941406250028,14.292577743530277
3.3231635999982245,0.03470000000379514,203.1343765258789,35.96217727661133,14.36186218261713,14.059020996093768
3.3693194999941625,0.04615589999593794,203.1332550048828,35.9820032119751,14.325927734374972,13.974515914917014
3.4153123999931267,0.045992899998964276,203.0543441772461,36.0233736038208,14.363601684570284,14.227155685424815
3.460503599999356,0.04519120000622934,203.0762710571289,36.09936332702637,14.474777221679688,14.10950851440429
3.4918382999967434,0.03133469999738736,203.11878967285156,36.03829288482667,14.358093261718778,13.866727828979467
3.53772349999781,0.04588520000106655,203.14498138427734,35.995941162109375,14.347640991210994,13.924835205078118
3.5840910999977496,0.04636759999993956,203.08839416503906,35.939186096191406,14.405334472656278,14.07371520996093
3.6301845999987563,0.04609350000100676,203.1602783203125,35.96890926361084,14.322998046875057,13.985490798950188
3.6637443999934476,0.033559799994691275,203.16541290283203,35.95838737487793,14.315170288085966,14.011875152587862
3.7108580999993137,0.04711370000586612,203.12814331054688,36.013959884643555,14.54180908203125,14.2368049621582
3.7553474999949685,0.04448939999565482,203.09337615966797,36.029842376708984,14.442123413085994,14.210647583007809
3.7867799999949057,0.031432499999937136,203.13107299804688,35.98587131500244,14.306335449218693,14.026678085327148
3.8187890999979572,0.03200910000305157,203.03826141357422,35.989060401916504,14.493820190429688,14.366994857788093
3.852602699997078,0.033813599999120925,202.9647674560547,36.01232719421387,14.44894409179696,14.461971282958949
3.896795299995574,0.04419259999849601,203.00870513916016,36.07553386688233,14.387405395507812,14.418313980102543
3.9276803999964613,0.030885100000887178,203.08306121826172,36.097296714782715,14.296646118164006,14.367303848266605
3.959029699995881,0.0313492999994196,203.12219238281253,35.96401119232178,14.345947265625057,14.107522964477557
3.9921196999930544,0.033089999997173436,203.12973022460938,35.97857189178467,14.345825195312528,14.069322586059567
4.036621399995056,0.0445017000020016,203.0392074584961,36.00533199310303,14.496475219726562,14.391557693481452
4.069031999999424,0.03241060000436846,203.03462982177734,36.00072002410889,14.484085083007955,14.34423255920408
4.117875899995852,0.048843899996427353,203.04569244384766,36.01058292388916,14.437576293945455,14.28153038024903
4.165078199999698,0.047202300003846176,203.01697540283203,36.010130882263184,14.489334106445227,14.324563980102539
4.208101299998816,0.04302309999911813,203.06100463867188,36.032172203063965,14.45672607421892,14.344003677368171
4.239995999996609,0.031894699997792486,203.0537109375,36.0052547454834,14.527130126953068,14.41140365600586
4.272389299992938,0.032393299996329006,203.02017211914062,36.01353454589844,14.546569824218807,14.21437835693359
4.305357999997796,0.032968700004857965,203.03002166748047,36.04433250427246,14.317398071289062,14.341526031494148
4.354926499996509,0.04956849999871338,203.07349395751953,36.01749134063721,14.359207153320312,14.283483505249034
4.399852899994585,0.044926399998075794,203.0160369873047,36.00712776184082,14.443969726562557,14.346073150634773
4.445145299992873,0.0452923999982886,203.01576232910156,36.023969650268555,14.52816772460929,14.250568389892589
4.477129199993215,0.03198390000034124,203.0828094482422,36.03215980529785,14.36785888671875,14.249706268310536
4.511853799995151,0.03472460000193678,202.98443603515625,36.016983032226555,14.506927490234432,14.384223937988292
4.556206399996881,0.044352600001730025,203.01657104492188,36.014445304870605,14.525848388671847,14.305963516235348
4.602624399994966,0.04641799999808427,203.06595611572266,36.036773681640625,14.50984191894537,14.165016174316406
4.6512270999955945,0.04860270000062883,203.1546859741211,35.990126609802246,14.33003234863287,13.970033645629883
4.694989399999031,0.043762300003436394,203.1135025024414,35.96340370178223,14.381362915039034,14.0673942565918
4.7263082999998005,0.031318900000769645,203.09512329101562,35.9905481338501,14.474670410156222,14.27441978454592
4.757244799999171,0.030936499999370426,203.17662048339844,35.98981857299805,14.291900634765625,14.00528717041016
4.789438099993276,0.03219329999410547,203.1761474609375,36.02176570892334,14.284637451171932,13.949090957641594
4.821264899997914,0.031826800004637334,203.21096801757812,36.02005577087402,14.376037597656193,13.973423004150376
4.854524099995615,0.033259199997701216,203.22342681884766,36.014760971069336,14.32460021972662,13.990299224853498
4.899607399995148,0.045083299999532755,203.1031036376953,36.09218406677246,14.49594116210929,14.110431671142589
4.931172999997216,0.031565600002068095,203.1481857299805,35.97703170776367,14.345718383789006,14.01703643798827
4.963391899997077,0.032218899999861605,203.09571075439456,36.047648429870605,14.47486877441412,14.19629096984864
4.995626899995841,0.03223499999876367,203.16648864746094,35.989383697509766,14.299438476562472,13.98764038085936
5.040384799998719,0.04475790000287816,203.1517639160156,36.02687072753906,14.368927001953068,13.90871429443359
5.075066799996421,0.034681999997701496,203.10359954833987,36.02570056915283,14.583572387695426,13.905652999877933
5.120955399994273,0.045888599997852,203.20804595947266,36.00409126281738,14.386520385742159,13.993091583251932
5.152251999999862,0.031296600005589426,203.1844024658203,36.01476764678955,14.289154052734403,13.967489242553697
5.183113799997955,0.030861799998092465,203.1073226928711,35.976554870605476,14.550186157226477,14.009773254394506
5.214852399993106,0.03173859999515116,203.11802673339844,36.01466178894043,14.582153320312472,14.223873138427713
5.246568299997307,0.0317159000042011,203.13125610351562,36.01267051696777,14.55520629882821,14.194507598876967
5.278219899999385,0.03165160000207834,203.1254653930664,35.99808597564697,14.382766723632812,13.982831954956065
5.3097094999975525,0.03148959999816725,203.06938934326172,36.01930046081544,14.492355346679688,14.241252899169925
5.341348599999037,0.03163910000148462,203.1551971435547,35.992918968200684,14.355712890624943,13.986421585083018
5.372681599998032,0.03133299999899464,203.2211456298828,35.98818778991699,14.366638183593807,13.98837661743164
5.405838699996821,0.03315709999878891,203.10311126708984,36.10555076599121,14.464309692382756,14.098201751708963
5.452945699995325,0.04710699999850476,203.09042358398438,36.07524108886719,14.447265624999915,14.111198425292958
5.484614999993937,0.03166929999861168,203.0858154296875,36.111074447631836,14.43673706054679,14.145442962646495
5.516789699999208,0.032174700005271006,203.1122283935547,36.05156421661377,14.444458007812528,14.19677543640137
5.549026299995603,0.03223659999639494,203.15208435058594,36.04225540161133,14.29183959960929,13.879371643066403
5.582806099999289,0.03377980000368552,203.1103057861328,36.012389183044434,14.343811035156278,13.938669204711907
5.627135199996701,0.04432909999741241,203.11983489990234,36.02011203765869,14.312026977539091,13.951765060424812
5.658426899994083,0.03129169999738224,203.17066955566406,35.99052619934082,14.29351806640625,13.944034576416023
5.693331699992996,0.034904799998912495,203.099609375,36.00009059906006,14.426605224609403,13.930551528930682
5.735972999995283,0.04264130000228761,203.12969970703125,36.02385234832764,14.377044677734318,13.959833145141598
5.768011299995123,0.03203829999984009,203.1397476196289,35.98469066619873,14.387374877929688,13.982286453247074
5.799860199993418,0.031848899998294655,203.10637664794922,35.97578144073486,14.434616088867188,13.992338180541982
5.832876899999974,0.033016700006555766,203.12743377685544,36.006144523620605,14.37721252441412,13.92786598205565
5.878567799998564,0.045690899998589884,203.10301971435547,35.99396133422852,14.40702819824213,13.936332702636708
5.910097699998005,0.03152989999944111,203.1160888671875,35.9821834564209,14.342742919921847,14.045345306396488
5.943335199997819,0.033237499999813735,203.1299819946289,35.99604415893554,14.36857604980463,14.029144287109386
5.974860599999374,0.03152540000155568,203.04733276367188,36.103408813476555,14.279418945312472,14.269783020019542
6.006100799997512,0.03124019999813754,203.04034423828125,36.09432315826416,14.3682861328125,14.373662948608384
6.0381544999982,0.03205370000068797,203.00167083740234,36.195594787597656,14.432113647460909,14.171440124511705
6.068416699999943,0.030262200001743622,203.00889587402344,36.21151828765869,14.40277099609375,14.152151107788075
6.102170799997111,0.03375409999716794,203.0166015625,36.19682025909424,14.448486328125028,14.156621932983406
6.148825099997339,0.04665430000022752,203.00108337402344,36.17824363708496,14.434234619140653,14.17999649047849
6.192549499995948,0.04372439999860944,202.9955596923828,36.250396728515625,14.451171874999943,14.029533386230433
6.225466399999277,0.03291690000332892,203.12548065185547,36.05233097076416,14.443344116210966,13.899824142456065
6.259159499997622,0.03369309999834513,203.05374145507812,36.069664001464844,14.417724609375028,14.157447814941428
6.303479599999264,0.04432010000164155,203.10440063476562,36.01732349395752,14.3948974609375,13.952131271362283
6.334615699997812,0.03113609999854816,203.1011962890625,35.99925136566162,14.3721923828125,14.048334121704105
6.366121799997927,0.03150610000011511,203.09251403808594,36.013566970825195,14.443359375000028,13.965595245361317
6.400563399998646,0.03444160000071861,203.13485717773438,35.97692584991455,14.390167236328267,14.0471706390381
6.444578199996613,0.0440147999979672,203.1175537109375,35.955084800720215,14.418823242187415,14.06439399719238
6.476593099992897,0.03201489999628393,203.1187973022461,35.94908618927002,14.425491333007784,14.083890914916992
6.507755899998301,0.03116280000540428,203.08084869384766,36.02537155151367,14.504226684570312,14.21833038330076
6.541180499996699,0.03342459999839775,202.9939193725586,36.031641960144036,14.531539916992188,14.265428543090835
6.586153399999603,0.04497290000290377,203.0627670288086,36.059468269348145,14.493820190429716,14.114316940307639
6.617738899993128,0.031585499993525445,203.11072540283203,36.002281188964844,14.456649780273523,13.94710540771484
6.65029279999726,0.03255390000413172,203.03883361816406,36.13982105255126,14.361724853515597,14.258184432983423
6.6828166999985115,0.032523900001251604,203.06901550292966,35.96583366394043,14.440704345703125,14.088169097900401
6.728231299995969,0.04541459999745712,203.0408935546875,35.9921760559082,14.478607177734403,14.028022766113292
6.760285999996995,0.032054700001026504,203.17578887939453,35.97693634033203,14.329116821289176,14.017280578613299
6.791644399992947,0.03135839999595191,203.1334991455078,36.0048303604126,14.360900878906335,13.946371078491211
6.839168999998947,0.04752460000599967,203.1283950805664,36.049418449401855,14.535995483398466,14.210367202758817
6.8833782999936375,0.04420929999469081,203.13976287841797,36.01851749420166,14.521469116210938,14.262311935424798
6.9300467999928514,0.046668499999213964,203.07870483398438,36.03280448913574,14.422698974609375,14.201015472412106
6.9765614999996615,0.04651470000681002,203.01147460937503,36.0329885482788,14.49652099609375,14.24312019348147
7.0262711999967,0.049709699997038115,203.000732421875,36.03449535369873,14.52322387695321,14.324838638305653
7.070901299994148,0.04463009999744827,203.00643920898438,36.069013595581055,14.400970458984347,14.377422332763661
7.116361699998379,0.045460400004230905,202.98051452636722,36.014954566955566,14.464141845703125,14.454755783081048
7.162294899993867,0.045933199995488394,203.0111312866211,36.04477882385254,14.393753051757756,14.446063995361325
7.19522209999559,0.03292720000172267,203.0140151977539,36.02823257446289,14.506454467773551,14.397827148437486
7.238068999999086,0.04284690000349656,202.9528579711914,36.030755043029785,14.430221557617273,14.354558944702148
7.271923499996774,0.033854499997687526,202.97158813476562,36.0920467376709,14.386352539062472,14.348537445068352
7.30304569999862,0.031122200001846068,202.96446990966797,36.034098625183105,14.467575073242188,14.409547805786126
7.335360299999593,0.03231460000097286,203.06222534179688,36.0109224319458,14.329650878906222,14.394430160522475
7.367098899994744,0.03173859999515116,203.00745391845703,36.046549797058105,14.434585571289148,14.401987075805657
7.413201399998798,0.04610250000405358,203.01358795166016,36.053600311279304,14.419143676757784,14.425384521484379
7.445722099997511,0.0325206999987131,203.07366943359375,35.9836540222168,14.480346679687443,14.527862548828143
7.479703899996821,0.03398179999931017,203.06804656982422,36.020355224609375,14.501083374023409,14.408935546874972
7.524812899995595,0.04510899999877438,203.0526885986328,36.015997886657715,14.46090698242196,14.419061660766594
7.557318399994983,0.03250549999938812,203.0054473876953,36.00387191772461,14.546691894531335,14.532485961914055
7.5885269999998854,0.03120860000490211,203.08135986328125,36.0678768157959,14.492065429687528,14.235454559326172
7.621885900000052,0.033358900000166614,203.02330017089844,36.01382064819336,14.503204345703097,14.377487182617177
7.667372899995826,0.04548699999577366,203.0481719970703,35.98988723754883,14.339569091796818,14.381874084472656
7.6988797999947565,0.03150689999893075,203.0555191040039,36.0304250717163,14.342666625976534,14.316110610961896
7.731789799996477,0.03291000000172062,203.05757904052734,35.99662113189697,14.372756958007812,14.352369308471719
7.7771680999940145,0.0453782999975374,203.06732177734375,36.01870346069335,14.315063476562642,14.32550048828126
7.80723289999878,0.030064800004765857,203.08981323242188,35.99617099761963,14.489807128906193,14.431020736694329
7.839700599994103,0.03246769999532262,203.10101318359375,36.01591682434082,14.448028564453097,14.428325653076179
7.8727848999988055,0.03308430000470253,203.08534240722656,36.01999568939209,14.509460449218864,14.314088821411104
7.918927099999564,0.04614220000075875,203.18621826171875,35.97214317321777,14.30322265625,14.052883148193377
7.950200399995083,0.031273299995518755,203.09815979003906,36.00751495361328,14.464019775390682,14.243515014648406
7.980797799995344,0.030597400000260677,203.14849090576172,35.97265815734863,14.553268432617244,14.032764434814464
8.015265299996827,0.03446750000148313,203.13365936279297,36.01798725128174,14.556076049804688,14.207715988159173
8.061088199996448,0.04582289999962086,203.11975860595703,36.05904769897461,14.532028198242188,14.14984893798827
8.106393299996853,0.04530510000040522,203.11661529541016,36.028809547424316,14.55116271972662,14.195569992065447
8.137763399994583,0.031370099997729994,203.12803649902344,36.02968883514404,14.559783935546875,14.210794448852546
8.170061499993608,0.032298099999025,203.04383087158203,36.00394344329834,14.569778442382756,14.306482315063473
8.214219499997853,0.04415800000424497,203.05421447753906,36.00324058532714,14.515014648437472,14.320621490478512
8.246681999997236,0.032462499999383,203.0911178588867,36.02172946929931,14.453231811523438,14.417577743530284
8.292895599995973,0.046213599998736754,203.08455657958987,36.00203800201416,14.502700805664176,14.328824996948224
8.324980699995649,0.03208509999967646,203.03777313232422,36.035417556762695,14.597274780273494,14.343105316162106
8.370471700000053,0.04549100000440376,203.14275360107422,36.06795597076416,14.505386352539034,14.21534538269043
8.400154199996905,0.02968249999685213,203.14047241210938,36.03120708465576,14.507446289062415,14.240602493286133
8.43474709999282,0.034592899995914195,203.1052017211914,36.030686378479004,14.45082092285162,14.315511703491204
8.468768499995349,0.034021400002529845,203.11592864990234,36.05702495574951,14.437026977539062,14.161966323852543
8.51219759999367,0.04342909999832045,203.12548065185547,36.01297378540039,14.522171020507756,14.221046447753928
8.544965899993258,0.032768299999588635,203.1044464111328,36.004029273986816,14.434387207031335,14.249372482299805
8.576858499996888,0.03189260000362992,203.1497344970703,36.01478672027588,14.534545898437443,14.278501510620096
8.60767979999946,0.03082130000257166,203.10671997070312,35.999674797058105,14.467071533203182,14.289125442504893
8.640632499998901,0.03295269999944139,203.04074096679688,35.98500442504883,14.559967041015625,14.321060180664048
8.671970699993835,0.03133819999493426,203.0606231689453,36.02045154571533,14.485900878906222,14.26905632019043
8.702963999996427,0.03099330000259215,203.05075073242188,36.00450897216797,14.491455078125028,14.30604553222657
8.737485499994364,0.03452149999793619,203.09243774414062,36.0480842590332,14.435791015625,14.353973388671871
8.782437299996673,0.04495180000230903,203.1494598388672,35.99821472167969,14.302551269531307,14.032989501953132
8.827789399998437,0.045352100001764484,203.11740112304688,36.01969909667969,14.55184936523429,14.25988006591799
8.859669899997243,0.031880499998806044,203.08695220947266,35.968708992004395,14.42155456542963,14.029912948608402
8.891131399999722,0.031461500002478715,203.14676666259766,35.976799964904785,14.32518005371088,13.977972030639634
8.922675699999672,0.031544299999950454,203.07115173339844,36.02743339538574,14.537109375,14.246013641357425
8.954114799998933,0.03143909999926109,203.11370849609375,35.99159622192383,14.371185302734375,14.019996643066406
8.985940599995956,0.03182579999702284,203.1844482421875,35.99946212768555,14.403961181640597,14.039070129394524
9.01824719999422,0.032306599998264574,203.16771697998047,36.01077651977539,14.321762084960909,13.973930358886705
9.064778699997987,0.04653150000376627,203.12503814697266,35.94724273681641,14.589889526367216,14.005500793457035
9.094793899996148,0.030015199998160824,203.14679718017578,36.046382904052734,14.54206848144537,14.174552917480447
9.126930699996592,0.032136800000444055,203.04656219482422,36.06548500061035,14.605239868164062,14.305980682373047
9.161906699999236,0.03497600000264356,203.07361602783203,36.052714347839355,14.683792114257898,14.343797683715831
9.20604949999688,0.04414279999764403,203.05101013183594,36.04790782928467,14.685546874999972,14.341341018676765
9.236499299993739,0.03044979999685893,203.06666564941406,36.01942157745361,14.66473388671875,14.359807968139659
9.269637299999886,0.033138000006147195,203.1374969482422,36.02153873443604,14.538085937499886,14.455198287963885
9.319640799993067,0.05000349999318132,203.06166076660156,36.019062995910645,14.633178710937472,14.435087203979503
9.362266999996791,0.04262620000372408,203.10279846191406,36.03527927398681,14.439666748046847,14.227857589721662
9.394213899999158,0.03194690000236733,203.10294342041016,36.04314041137695,14.459152221679716,14.244705200195309
9.426034499992966,0.031820599993807264,203.17998504638672,35.985265731811516,14.415512084961023,14.071559906005884
9.460328499997559,0.03429400000459282,203.1283721923828,36.032477378845215,14.526000976562528,14.247873306274418
9.506831099999545,0.04650260000198614,203.13658905029297,36.040523529052734,14.522964477539006,14.273162841796896
9.5534547999996,0.04662370000005467,203.0626220703125,36.03980159759521,14.69723510742179,14.364610671997095
9.598619299998973,0.04516449999937322,203.12860870361328,36.02667808532715,14.551284790039006,14.294490814208999
9.630394299994805,0.03177499999583233,203.12181854248047,36.033483505249016,14.552871704101562,14.19649887084962
9.662832599999092,0.03243830000428716,203.05309295654297,36.00789737701416,14.65455627441412,14.432668685913104
9.708022099999653,0.045189500000560656,203.11685180664062,35.932804107666016,14.326873779296847,14.162895202636715
9.740875299998152,0.032853199998498894,203.12772369384766,36.01700305938721,14.57106018066412,14.266660690307617
9.785584199998993,0.04470890000084182,203.13924407958984,36.066325187683105,14.553939819335938,14.03167915344238
9.817412299998978,0.03182809999998426,203.10591888427734,35.999558448791504,14.445114135742273,14.26035118103027
9.85121259999869,0.03380029999971157,203.1072235107422,35.93139457702637,14.4622802734375,14.101596832275384
9.89704139999958,0.045828800000890624,203.10175323486328,36.093500137329094,14.471603393554773,14.152233123779311
9.941987299993343,0.044945899993763305,203.05657958984375,36.0396146774292,14.643981933593778,14.376214981079102
9.974320899993472,0.03233360000012908,203.12458038330078,35.97457885742188,14.395950317382812,14.039703369140629
10.005396299995482,0.0310754000020097,203.12456512451172,35.97137832641602,14.395767211914148,14.02981567382811
10.037940700000036,0.03254440000455361,203.15689086914062,35.98536777496338,14.373474121093636,13.98203849792479
10.083691099993302,0.04575039999326691,203.1136703491211,36.013245582580566,14.580215454101676,14.306631088256836
10.11626139999862,0.03257030000531813,203.0946502685547,35.93745517730713,14.601440429687472,14.10368919372559
10.162960499998007,0.04669909999938682,203.13804626464844,36.004881858825684,14.545837402343665,14.248155593872077
10.215110099998128,0.0521496000001207,203.14608001708984,36.019615173339844,14.516830444336023,14.248100280761705
10.256061499996576,0.04095139999844832,203.14020538330078,36.01802730560303,14.517166137695398,14.23508644104006
10.30077199999505,0.0447104999984731,203.12850952148438,35.99671459197998,14.53402709960929,14.25006294250489
10.336420699997689,0.03564870000263909,203.1386489868164,36.02965545654297,14.525558471679659,14.21114349365234
10.381813399995735,0.04539269999804674,203.08070373535156,36.06433868408203,14.470916748046875,14.197708129882812
10.412148199997318,0.030334800001583062,203.018798828125,36.0456428527832,14.59457397460946,14.295372009277326
10.444989999996324,0.03284179999900516,203.0336456298828,36.05790424346924,14.635467529296875,14.319166183471708
10.476079099993513,0.031089099997188896,203.0826873779297,36.05554199218751,14.65762329101571,14.309402465820316
10.50737229999504,0.03129320000152802,203.05243682861325,36.05636215209961,14.606002807617188,14.316963195800763
10.538553699996555,0.031181400001514703,203.14024353027344,36.04063892364502,14.539855957031222,14.227720260620114
10.570667099993443,0.03211339999688789,203.14429473876953,36.10451030731201,14.541824340820341,14.10147285461428
10.601234199995815,0.03056710000237217,203.0516586303711,36.04339027404785,14.66023254394537,14.336833953857422
10.630869099994015,0.029634899998200126,203.13291931152344,36.02242183685303,14.583557128906278,14.261072158813466
10.663639799997327,0.032770700003311504,203.12847137451172,35.991108894348145,14.55619812011713,14.08868217468265
10.694766699998581,0.0311269000012544,203.11566925048828,35.9870719909668,14.585464477539148,14.08229064941407
10.727440999995451,0.032674299996870104,203.11509704589844,35.99159812927246,14.578826904296875,14.083972930908189
10.758032599995204,0.03059159999975236,203.12242889404297,35.991379737854004,14.58393859863287,14.086790084838857
10.789992099998926,0.031959500003722496,203.13143157958984,36.022342681884766,14.524887084960909,14.29412841796876
10.82164749999356,0.031655399994633626,203.12916564941406,36.01518630981445,14.532867431640682,14.31235504150391
10.854182999995828,0.032535500002268236,203.18820190429688,36.0288782119751,14.433532714843835,14.010931015014641
10.885060899992823,0.03087789999699453,203.1161346435547,36.0021333694458,14.580047607421847,14.052251815795898
10.916680699992867,0.03161980000004405,203.1230010986328,36.00718402862549,14.567657470703182,14.041273117065398
10.947692399997322,0.031011700004455633,203.14684295654297,35.990458488464355,14.396530151367244,14.07416725158689
10.98064969999541,0.032957299998088274,203.15360260009766,35.98854160308838,14.383651733398409,14.060445785522457
11.011928899999475,0.03127920000406448,203.204719543457,35.96548080444336,14.376968383789062,13.992660522460941
11.044048499999917,0.032119600000442006,203.14566040039062,36.03264713287353,14.534820556640682,14.18543052673338
11.075339299997722,0.03129079999780515,203.1669921875,36.05727481842041,14.45733642578125,13.82670402526854
11.12485029999516,0.049510999997437466,203.18653869628906,36.05549907684326,14.42559814453125,13.882539749145508
11.168931399995927,0.04408110000076704,203.19839477539062,36.03389358520508,14.431976318359403,13.956504821777347
11.19861619999574,0.02968479999981355,203.11290740966797,36.022905349731445,14.588790893554688,13.966670989990249
11.231807299998763,0.033191100003023166,203.11222076416016,36.086392402648926,14.546951293945341,13.890501022338867
11.26514249999309,0.033335199994326103,203.2252197265625,35.95151233673096,14.43862915039054,14.06154441833494
11.31060129999969,0.04545880000659963,203.09481048583984,35.96979808807373,14.618576049804773,14.000185012817369
11.357005999998364,0.046404699998674914,203.13709259033203,35.988216400146484,14.383255004882841,14.04076385498048
11.404001999995671,0.04699599999730708,203.10023498535156,35.97601509094238,14.502502441406364,14.035358428955078
11.451087299996288,0.04708530000061728,203.12366485595703,35.98211193084716,14.34230041503912,14.038827896118175
11.482997999999498,0.03191070000320906,203.09217071533203,36.031293869018555,14.394546508789062,14.222721099853537
11.52835849999974,0.04536050000024261,203.13636779785156,36.06026840209961,14.372894287109318,13.854232788085952
11.561487099999795,0.033128600000054576,203.0302505493164,36.03201484680176,14.419021606445227,14.284580230712884
11.60723439999856,0.04574729999876581,203.07025909423828,36.05413246154785,14.507675170898466,14.294193267822251
11.639294799999334,0.03206040000077337,203.11600494384766,35.9791202545166,14.389236450195312,14.044788360595696
11.671006399999897,0.03171160000056261,203.1639633178711,36.04322910308838,14.329116821289091,13.994253158569325
11.702454499994928,0.03144809999503195,203.12273406982422,36.003626823425286,14.390426635742159,14.047815322875973
11.738076299996465,0.03562180000153603,203.09200286865234,35.94391155242919,14.418624877929688,14.088876724243175
11.78137969999807,0.04330340000160504,203.09359741210938,35.992348670959466,14.441986083984318,14.041845321655256
11.814051699999254,0.03267200000118464,203.09124755859375,35.96182727813721,14.3895263671875,14.095830917358406
11.86373409999942,0.04968240000016522,203.01194763183594,36.192383766174316,14.414031982421818,14.218008041381815
11.906742299994221,0.043008199994801544,203.02129364013672,36.16762828826904,14.418563842773409,14.288469314575188
11.937970899998618,0.031228600004396867,203.0243453979492,36.0807876586914,14.42762756347662,14.205253601074215
11.968877599996631,0.03090669999801321,203.0145034790039,36.17250347137451,14.394149780273409,14.240694046020494
12.001833699992858,0.03295609999622684,202.99087524414062,36.12703323364258,14.430328369140653,14.090225219726577
12.046864199997799,0.04503050000494113,202.98641967773438,36.12775802612305,14.468353271484403,14.252990722656271
12.078619799998705,0.03175560000090627,202.9823455810547,36.16687583923339,14.44070434570304,14.239078521728526
12.109063399999286,0.030443600000580773,203.04914093017578,36.03913116455078,14.470413208007812,13.884704589843729
12.143285499994818,0.03422209999553161,202.98157501220703,36.149136543273926,14.373214721679602,14.239217758178697
12.189505899994401,0.046220399999583606,202.96039581298828,36.152191162109375,14.361190795898438,14.264427185058622
12.234625599994615,0.045119700000213925,202.98165130615234,36.22704124450684,14.408432006835824,14.0861930847168
12.267489199999545,0.03286360000493005,202.97650146484375,36.22472667694092,14.40460205078125,14.085718154907202
12.31266649999452,0.04517729999497533,202.98918914794922,36.22449207305908,14.419509887695199,14.112867355346655
12.343613799996092,0.03094730000157142,202.9861297607422,36.1675968170166,14.384246826171932,14.20055770874023
12.37458229999902,0.030968500002927613,202.9735870361328,36.15436267852783,14.405700683593722,14.297567367553711
12.406274199995096,0.031691899996076245,202.96797943115234,36.235954284667976,14.430618286132812,14.125129699707063
12.438573099992936,0.032298899997840635,202.9598846435547,36.14237308502197,14.401550292968778,14.308477401733391
12.484967399999732,0.046394300006795675,202.97371673583984,36.134093284606934,14.412979125976506,14.289209365844723
12.515814599995792,0.030847199996060226,202.94007110595703,36.072113037109375,14.420120239257926,14.133476257324247
12.547874399999273,0.03205980000348063,203.04034423828125,36.06152629852295,14.308685302734261,14.246599197387713
12.595777099995757,0.047902699996484444,203.00756072998047,36.07007884979248,14.412185668945256,14.246683120727557
12.64073659999849,0.044959500002732966,202.98468780517578,36.1373176574707,14.41056823730463,14.297622680664055
12.671593999999459,0.030857400000968482,203.05088806152344,36.08792686462402,14.375183105468778,14.158267974853494
12.70386559999315,0.03227159999369178,203.1117706298828,36.0067024230957,14.387512207031193,13.974746704101562
12.740207199996803,0.036341600003652275,203.04691314697266,36.0260124206543,14.545242309570398,14.257911682128885
12.780965299993113,0.04075809999631019,203.0539398193359,36.018616676330566,14.534973144531307,14.249135971069322
12.814179499997408,0.03321420000429498,203.08846282958984,35.99196147918701,14.391677856445284,14.009027481079112
12.848594699993555,0.03441519999614684,203.00029754638672,36.062745094299316,14.428207397460966,14.237127304077138
12.892504499999632,0.043909800006076694,202.98291015625,36.049802780151374,14.528167724609403,14.304462432861317
12.924459899993963,0.031955399994330946,202.97866821289065,36.056156158447266,14.490570068359318,14.273811340332056
12.95447299999796,0.03001310000399826,203.00899505615234,36.1383581161499,14.394851684570398,14.27301216125489
12.990294199997152,0.03582119999919087,203.0188217163086,36.14395523071289,14.401687622070256,14.26644134521485
13.034559799998533,0.044265600001381245,203.06056213378906,36.06305980682373,14.377410888671818,14.232034683227532
13.065862599993125,0.031302799994591624,203.04779052734375,36.05214118957519,14.436187744140653,14.231678009033214
13.097949099996185,0.03208650000306079,203.01885986328125,36.052029609680176,14.465698242187642,14.251432418823235
13.131205299992871,0.03325619999668561,203.0470962524414,36.06364250183105,14.350387573242102,14.193332672119151
13.175422599997546,0.04421730000467505,203.03868865966797,36.10643863677979,14.383865356445256,14.206930160522464
13.220781599993643,0.04535899999609683,203.0550308227539,36.102365493774414,14.426528930664006,14.122791290283217
13.251466699999582,0.030685100005939603,202.99591827392578,36.00180625915527,14.456619262695312,14.313648223876946
13.28522779999912,0.03376109999953769,203.05329132080078,36.03380107879639,14.523422241210852,14.358507156372081
13.3301158999966,0.044888099997479,203.05043792724607,36.009117126464844,14.54252624511713,14.312889099121065
13.361634099994262,0.03151819999766303,203.07320404052734,36.000739097595215,14.510696411132784,14.314867019653331
13.39434639999672,0.032712300002458505,203.09877014160156,36.04544734954834,14.502990722656335,14.265153884887713
13.426436199995806,0.03208979999908479,203.1488037109375,35.99963188171387,14.385437011718835,14.072193145751978
13.4724894999963,0.046053300000494346,203.1278076171875,36.02882385253906,14.531158447265653,14.28733825683593
13.502526699994633,0.030037199998332653,203.09786224365234,36.08176517486572,14.511917114257756,14.170827865600604
13.536495799999102,0.03396910000446951,203.03780364990234,36.02573490142823,14.508285522460909,14.27140617370604
13.582166999993206,0.04567119999410352,203.08670806884766,36.06116199493408,14.487472534179659,14.214483261108395
13.615263899999263,0.033096900006057695,203.0275115966797,36.04813194274902,14.491027832031278,14.295886993408214
13.66176329999871,0.04649939999944763,203.02406311035153,36.02447986602783,14.509674072265511,14.412908554077141
13.707966499998292,0.04620319999958156,203.03634643554688,36.0225715637207,14.399383544921903,14.32721710205077
13.742422699993767,0.03445619999547489,203.0902557373047,35.94450569152832,14.449066162109403,14.078144073486332
13.787106899995706,0.044684200001938734,203.06591796875,36.01217746734619,14.513244628906278,14.331975936889627
13.834872299994458,0.0477653999987524,203.10421752929688,36.026912689208984,14.465179443359432,14.24375152587892
13.86826529999962,0.03339300000516232,203.1015853881836,35.95834827423096,14.371871948242188,14.072172164917014
13.914587899998878,0.04632259999925736,203.1126861572266,35.971558570861816,14.367675781250057,14.049169540405256
13.946190299997397,0.031602399998519104,203.15106964111328,35.97270107269287,14.374221801757841,14.03049659729006
13.978488999993715,0.03229869999631774,203.12469482421875,35.97299003601074,14.332672119140653,14.03062057495119
14.011434999993071,0.03294599999935599,203.0217514038086,36.03923320770264,14.349197387695312,14.202287673950167
14.056635199995071,0.0452002000020002,203.02532958984375,36.14337062835693,14.353424072265625,14.333818435668931
14.088252899993677,0.03161769999860553,203.04727935791016,36.004008293151855,14.384811401367045,14.353601455688462
14.121272999997018,0.03302010000334121,203.05746459960938,36.054646492004395,14.350738525390625,14.175336837768551
14.154509799998777,0.03323680000175955,202.97998046875,36.059770584106445,14.498046875000028,14.321964263916016
14.200618699993356,0.04610889999457868,203.05376434326172,36.01312732696533,14.508956909179773,14.246145248413093
14.232737599995744,0.03211890000238782,203.0245361328125,36.00997734069824,14.608551025390597,14.41430282592772
14.279084799993143,0.046347199997399,203.08688354492188,36.026692390441895,14.45089721679696,14.293523788452127
14.314739899993583,0.03565510000044014,203.08828735351562,35.99406433105469,14.481506347656392,14.356529235839837
14.358527199998207,0.04378730000462383,203.00199127197266,36.016098976135254,14.532791137695341,14.279592514038104
14.403786699993361,0.04525949999515433,203.03480529785156,36.01098918914795,14.61337280273446,14.397409439086925
14.436030099997879,0.03224340000451775,203.07791137695312,36.000365257263184,14.641113281249943,14.39160346984864
14.471437199994398,0.03540709999651881,203.09600830078125,36.05151081085205,14.598602294921903,14.329816818237305
14.514528099993186,0.04309089999878779,203.15216827392578,36.002861976623535,14.494369506835938,14.323469161987344
14.54546929999924,0.030941200006054714,203.13323974609375,36.00288772583008,14.500213623046903,14.330116271972663
14.576347700000042,0.030878400000801776,203.1465072631836,35.9974889755249,14.475723266601591,14.283121109008803
14.608866699993087,0.03251899999304442,203.04354858398438,36.010052680969245,14.51336669921875,14.343778610229496
14.639917699998477,0.03105100000539096,203.06970977783203,36.027668952941895,14.597640991210795,14.349836349487312
14.671355499995116,0.031437799996638205,203.13719940185547,35.98251438140869,14.508865356445312,14.299726486206048
14.703067999995255,0.0317125000001397,203.06436157226562,36.03536415100098,14.658569335937443,14.372730255126935
14.738811599992914,0.03574359999765875,203.02912139892578,36.02297115325928,14.636154174804716,14.382852554321314
14.780391499996767,0.041579900003853254,203.04788208007812,36.015266418457024,14.625488281249972,14.430671691894528
14.811517999994976,0.0311264999982086,203.03038024902344,35.999896049499505,14.556610107421875,14.430223464965831
14.8438096999962,0.032291700001223944,203.02774810791016,36.01918029785156,14.545211791992159,14.39456939697266
14.889017699999386,0.04520800000318559,203.02820587158203,36.02116870880127,14.549575805664034,14.400190353393562
14.92060119999951,0.03158350000012433,203.05979919433594,36.02635192871094,14.578399658203153,14.367988586425781
14.952690799997072,0.03208959999756189,203.08899688720703,35.99197769165039,14.448410034179688,14.323509216308597
14.984853799993289,0.03216299999621697,203.08797454833984,36.01344013214111,14.447158813476477,14.224164962768533
15.015649299995857,0.030795500002568588,203.09182739257812,35.93405246734619,14.453277587890682,14.105581283569329
15.046605499999714,0.030956200003856793,203.07469177246094,36.005414962768555,14.483856201171875,14.33114242553713
15.078433299997414,0.03182779999769991,203.10880279541016,36.0078706741333,14.553176879882841,14.346220016479492
15.11272309999913,0.034289800001715776,203.0731430053711,36.03256034851074,14.502975463867188,14.242389678955096
15.156571799998346,0.04384869999921648,203.06026458740234,36.06606674194336,14.46348571777338,14.191200256347653
15.188921399996616,0.032349599998269696,203.12540435791016,36.005635261535645,14.301467895507812,13.963888168334957
15.219951899998705,0.031030500002088957,203.1536865234375,36.004098892211914,14.309570312499915,13.99428939819337
15.254989399996703,0.035037499997997656,203.13350677490234,35.97800540924072,14.337570190429716,14.049474716186541
15.298725599997852,0.04373620000114897,203.06851196289062,36.048684120178216,14.459930419921932,14.203466415405298
15.329089499995462,0.030363899997610133,203.06558227539062,36.04520511627197,14.464019775390739,14.202726364135724
15.361772199998086,0.03268270000262419,203.08428192138672,36.04011154174805,14.43754577636713,14.214332580566403
15.39474479999626,0.0329725999981747,203.136474609375,35.9506311416626,14.29971313476554,14.05153465270999
15.439618899996276,0.04487410000001546,203.0362091064453,36.08022117614746,14.36367797851571,14.2328987121582
15.470313999998325,0.030695100002049003,203.0851593017578,36.03380584716797,14.436767578125028,14.124931335449212
15.50167220000003,0.03135820000170497,203.0885772705078,35.97094440460205,14.384246826171818,14.000699996948224
15.536659399993368,0.034987199993338436,203.0349578857422,36.04006290435791,14.579010009765625,14.310056686401367
15.58142169999337,0.04476230000000214,203.0707015991211,36.01736068725586,14.43778991699213,14.19522857666015
15.626631999999518,0.04521030000614701,203.0849914550781,36.02784538269043,14.461486816406193,14.202800750732418
15.657465799995407,0.03083379999588942,203.07052612304688,35.9967622756958,14.501525878906165,14.270612716674805
15.689237999999023,0.03177220000361558,203.0569305419922,35.9920482635498,14.467315673828011,14.276050567626964
15.722297399996023,0.03305939999700058,203.07884216308594,36.013919830322266,14.449035644531278,14.393730163574215
15.768711799995799,0.046414399999775924,203.04744720458987,36.00304126739502,14.40437316894537,14.294012069702163
15.798521400000027,0.029809600004227832,203.0147933959961,36.033860206604004,14.396560668945284,14.374677658081072
15.82916789999581,0.030646499995782506,203.0831756591797,36.02688503265381,14.282226562499972,14.255861282348654
15.863178999999946,0.0340111000041361,203.0749282836914,36.02537441253663,14.44969177246088,14.234987258911133
15.893699499996728,0.030520499996782746,203.01952362060547,36.00876712799072,14.617385864257784,14.412771224975572
15.92622449999908,0.03252500000235159,203.01616668701172,36.00509738922119,14.617691040039205,14.41613578796387
15.958386899998004,0.03216239999892423,203.08888244628906,36.01961135864258,14.531890869140625,14.247734069824194
15.990912899993418,0.03252599999541417,203.12615203857422,35.97095489501953,14.572158813476477,14.295372009277369
16.035325699995155,0.044412800001737196,203.10613250732422,35.97736740112305,14.534011840820398,14.297569274902365
16.068719599999895,0.03339390000473941,203.1698226928711,35.8991060256958,14.28871154785162,14.143224716186491
16.09870889999729,0.0299892999973963,203.1050567626953,35.98363685607911,14.457214355468722,14.26400375366207
16.131636699996307,0.032927799999015406,203.07623291015625,36.014692306518555,14.478515625000028,14.248973846435554
16.165056399993773,0.03341969999746652,203.08300018310547,36.005862236022956,14.473953247070398,14.223756790161122
16.209882699993614,0.04482629999984056,203.157958984375,36.03908824920654,14.513061523437557,14.179193496704084
16.24112349999632,0.031240800002706237,203.0896453857422,36.00508403778076,14.493164062499972,14.301919937133803
16.27450979999412,0.03338629999780096,203.03853607177732,36.01906490325928,14.567214965820312,14.356081008911119
16.31982859999698,0.04531880000286037,203.06056213378906,36.01984977722168,14.691131591796847,14.397602081298839
16.350563299994974,0.03073469999799272,203.08262634277344,36.00882911682129,14.468658447265653,14.284404754638661
16.3820882,0.03152490000502439,203.10759735107422,36.029032707214355,14.411331176757841,14.244844436645494
16.41576649999479,0.033678299994789995,203.1375732421875,35.9711389541626,14.531311035156222,14.37267875671387
16.460860299994238,0.0450937999994494,203.12604522705078,35.97910785675049,14.512619018554744,14.386625289916978
16.492335999995703,0.03147570000146516,203.11856079101562,35.998454093933105,14.521514892578239,14.322664260864261
16.523748699997668,0.03141270000196528,203.1283187866211,35.93200969696045,14.526748657226506,14.113817214965831
16.557680699996126,0.033931999998458195,203.1322784423828,36.002182960510254,14.531188964843807,14.260480880737312
16.603920999994443,0.046240299998316914,203.12742614746094,35.984474182128906,14.506469726562528,14.30138397216798
16.653399699993315,0.04947869999887189,203.14324188232422,35.988663673400886,14.488845825195341,14.272954940795874
16.697342099992966,0.04394239999965066,203.09963989257812,35.99623680114746,14.424285888671875,14.233577728271488
16.731881399995473,0.034539300002506934,203.10308074951172,35.93936347961426,14.518661499023523,14.025608062744176
16.7765403999947,0.0446589999992284,203.19298553466797,35.95568656921387,14.385086059570227,13.989711761474624
16.809232199993858,0.0326917999991565,203.12355041503906,35.963369369506836,14.569976806640568,14.064105987548825
16.838793999995687,0.029561800001829397,203.1797332763672,35.93177318572998,14.269104003906335,14.060762405395476
16.87269639999431,0.03390239999862388,203.20121002197268,35.927536010742195,14.35148620605463,14.08798980712891
16.918428299999505,0.04573190000519389,203.12193298339844,35.93300819396973,14.564575195312528,14.10258865356445
16.95010789999651,0.031679599997005425,203.1533203125,35.95856952667236,14.521362304687443,14.058431625366243
16.980289999999513,0.030182100003003143,203.1683578491211,35.97472953796387,14.288223266601534,14.019649505615234
17.012928099997225,0.032638099997711834,203.14095306396484,35.932661056518555,14.494766235351591,14.054256439208967
17.057956199998443,0.04502810000121826,203.22232055664062,35.98835468292236,14.364135742187528,13.99350547790528
17.09328259999893,0.03532640000048559,203.12850189208984,35.93288707733154,14.490310668945312,14.071557998657205
17.135269499995047,0.041986899996118154,203.10476684570312,35.961262702941895,14.435241699218722,14.080335617065412
17.168631599997752,0.03336210000270512,203.14946746826172,35.98678779602051,14.553268432617159,14.394008636474624
17.199133899994195,0.03050229999644216,203.12440490722656,35.99770450592041,14.534240722656222,14.278676986694354
17.230868299993745,0.03173439999955008,203.17408752441406,35.94320869445801,14.24932861328125,14.069736480712898
17.2623894999997,0.0315212000059546,203.11121368408203,36.04083442687988,14.247665405273409,14.243618011474613
17.29573889999301,0.033349399993312545,203.09820556640625,36.01549434661865,14.43878173828125,14.2554340362549
17.339036899997154,0.04329800000414252,203.1827850341797,35.9630126953125,14.262054443359318,14.04937744140626
17.371602999999595,0.03256610000244109,203.0971450805664,36.00879383087158,14.470046997070312,14.214208602905298
17.41685249999864,0.04524949999904493,203.13568115234375,35.98916816711426,14.533721923828153,14.316745758056626
17.451072599993495,0.034220099994854536,203.08822631835938,35.9420690536499,14.449188232421903,14.072557449340827
17.49498969999695,0.043917100003454834,203.11715698242188,35.93499088287354,14.485351562500028,14.09257316589354
17.526514999997744,0.03152530000079423,203.18067169189453,35.93229103088379,14.272659301757841,14.021434783935529
17.557664699997986,0.031149700000241864,203.11029815673828,35.985055923461914,14.436813354492188,14.274570465087876
17.589671999994607,0.03200729999662144,203.08873748779297,35.91755771636963,14.408920288085966,14.126996994018544
17.620476599993708,0.0308045999991009,203.1219940185547,36.06541728973389,14.390625,14.169183731079091
17.651705199998105,0.031228600004396867,203.09942626953125,35.9289665222168,14.45465087890625,14.060356140136719
17.683922699994582,0.03221749999647727,203.1248321533203,36.016151428222656,14.549194335937472,14.299034118652362
17.71631389999675,0.03239120000216644,203.1195526123047,35.9973201751709,14.528839111328125,14.295742034912102
17.74566429999686,0.02935040000011213,203.12964630126953,36.013508796691895,14.55393981933588,14.235960006713867
17.778818099999626,0.03315380000276491,203.15225219726562,35.982133865356445,14.311004638671903,13.954448699951165
17.80942099999811,0.030602899998484645,203.09009552001953,36.01844596862793,14.486038208007699,14.25506210327148
17.844749799995043,0.0353287999969325,203.1366195678711,35.946123123168945,14.53981018066412,14.047695159912113
17.886325999999826,0.04157620000478346,203.2149658203125,35.936899185180664,14.345977783203182,14.052204132080075
17.919454399998358,0.03312839999853168,203.11851501464844,36.05396270751953,14.431945800781335,14.11414337158201
17.95059829999809,0.03114389999973355,203.13497924804688,36.00482368469238,14.48779296875,14.276561737060554
17.98345639999752,0.032858099999430124,203.13890838623047,36.00825119018555,14.558242797851591,14.308891296386712
18.01328949999879,0.029833100001269486,203.12702178955078,35.99122905731201,14.536819458007784,14.321779251098597
18.04478039999958,0.031490900000790134,203.03296661376953,36.00561046600342,14.549606323242273,14.36922645568848
18.075778299993544,0.030997899993963074,203.03858947753906,36.00466346740723,14.54507446289071,14.361614227294918
18.111167099996237,0.03538880000269273,203.10829162597656,35.997267723083496,14.488739013671932,14.32142829895022
18.15590909999446,0.044741999998223037,203.04676055908206,36.020084381103516,14.632156372070426,14.36312103271485
18.187251899995317,0.031342800000857096,203.138671875,35.99980354309082,14.511505126953068,14.35522842407229
18.21907719999581,0.03182530000049155,203.1260986328125,35.98623275756836,14.509216308593722,14.340492248535156
18.255709399993066,0.036632199997256976,203.10227966308594,36.002055168151855,14.431732177734347,14.335550308227521
18.29820859999745,0.042499200004385784,203.05533599853516,36.00010013580322,14.566024780273438,14.41087150573729
18.328722899997956,0.03051430000050459,203.01920318603516,35.977773666381836,14.54734802246088,14.462978363037138
18.361511499999324,0.03278860000136774,203.02529907226562,35.992316246032715,14.580352783203097,14.490137100219762
18.39379679999547,0.03228529999614693,203.14935302734375,35.98382568359375,14.561798095703239,14.36777496337891
18.424939799995627,0.031143000000156462,203.1134262084961,36.01347637176514,14.570175170898409,14.289728164672848
18.456062099998235,0.031122300002607517,203.06377410888672,36.03016948699951,14.686447143554602,14.382669448852532
18.487243199997465,0.031181099999230355,203.13064575195312,36.023685455322266,14.553070068359432,14.36615753173827
18.5199369999973,0.03269379999983357,203.03099060058597,36.038920402526855,14.63946533203125,14.409959793090824
18.54997619999631,0.030039199999009725,203.03093719482422,36.05374717712402,14.643173217773438,14.360767364501942
18.58190559999639,0.03192940000008093,203.1386489868164,35.98874473571777,14.569564819335938,14.364948272705053
18.614275199994154,0.03236959999776445,203.06034088134766,36.0444679260254,14.645553588867244,14.354705810546879
18.647037899994757,0.03276270000060322,203.12733459472656,36.01985454559326,14.496154785156364,14.29199409484863
18.677657699998235,0.030619800003478304,203.08703613281253,35.98695182800293,14.496154785156193,14.32487869262695
18.710276599995268,0.03261889999703271,203.02759552001953,36.016822814941406,14.621231079101562,14.41033935546875
18.755610499996692,0.0453339000014239,203.01895141601562,36.0220308303833,14.598419189453153,14.42783164978027
18.7870477999968,0.031437300000106916,203.05987548828125,36.02599620819091,14.709991455078125,14.389177322387692
18.81747209999594,0.030424299999140203,203.0190887451172,36.026632308959954,14.572082519531193,14.434787750244151
18.854395499998645,0.03692340000270633,202.96920776367188,36.040340423583984,14.503265380859403,14.394157409667958
18.89844489999814,0.0440493999994942,202.97967529296875,36.02378749847412,14.488525390625085,14.39703559875488
18.93011569999362,0.0316707999954815,203.0682144165039,36.021599769592285,14.479629516601591,14.272161483764641
18.96101539999654,0.030899700002919417,203.03874969482422,36.0715446472168,14.423019409179659,14.18814849853515
18.992881499994837,0.031866099998296704,203.12295532226562,35.9970588684082,14.303039550781278,14.016700744628906
19.02380489999632,0.03092340000148397,203.12801361083984,35.99550819396973,14.275619506835994,14.020229339599624
19.056244499995955,0.03243959999963408,203.05987548828125,35.96114635467529,14.462005615234375,14.094987869262702
19.087049699999625,0.030805200003669597,203.14746856689453,35.97442054748535,14.27653503417963,14.00451278686522
19.120968299997912,0.03391859999828739,203.0703353881836,36.09231185913086,14.25752258300787,14.328254699707035
19.167570099998557,0.04660180000064429,203.06695556640625,36.0950813293457,14.26715087890625,14.330345153808597
19.21191009999893,0.04434000000037486,203.0702896118164,35.943175315856934,14.35768127441412,14.093484878540046
19.2448907999933,0.03298069999436848,202.95404052734375,36.04842472076416,14.469299316406278,14.38757133483886
19.276908099993307,0.0320173000000068,203.0679931640625,36.022204399108894,14.45919799804679,14.385499954223622
19.32204799999454,0.04513990000123158,203.0073013305664,36.01246929168701,14.64585876464838,14.391626358032227
19.354458499998145,0.03241050000360701,203.03106689453125,35.97233486175537,14.381195068359261,14.478670120239283
19.384633799993026,0.030175299994880334,203.1502914428711,35.99074363708496,14.218490600585824,14.379161834716797
19.418303599995852,0.03366980000282638,203.0522232055664,35.94033527374268,14.493881225585994,14.504987716674822
19.462100299999292,0.04379670000344049,203.09174346923828,36.02638339996337,14.451766967773438,14.230566024780284
19.493747900000017,0.031647600000724196,203.00540161132812,36.03119087219238,14.598785400390682,14.371540069580067
19.525438899996516,0.03169099999649916,203.15836334228518,35.96816158294677,14.285964965820256,14.056558609008786
19.557873999998264,0.03243510000174865,203.0713119506836,36.03074359893799,14.469924926757841,14.279554367065423
19.603353199992853,0.04547919999458827,203.08734893798828,36.022854804992676,14.489700317382812,14.317701339721669
19.634694699998363,0.03134150000551017,203.0970458984375,36.01785850524902,14.49481201171875,14.237499237060565
19.667011699995783,0.03231699999741977,203.09141540527344,36.021546363830566,14.502075195312472,14.191137313842777
19.701934799995797,0.03492310000001453,203.17388153076172,35.971449851989746,14.263687133789091,14.003847122192404
19.744139799993718,0.04220499999792082,203.10067749023438,36.045814514160156,14.485290527343722,14.21535491943358
19.775785599995288,0.031645800001570024,203.13262939453125,36.026543617248535,14.557830810546847,14.257871627807617
19.80769219999638,0.031906600001093466,203.0866928100586,36.00844383239746,14.439163208007841,14.248088836669908
19.84026549999544,0.03257329999905778,203.04000854492188,36.04776668548584,14.591918945312415,14.360292434692365
19.87197439999727,0.03170890000183135,203.0174102783203,36.039031982421875,14.590057373046903,14.37935638427733
19.917669099995692,0.04569469999842113,203.02462768554688,36.03359127044678,14.563659667968636,14.420137405395526
19.94942369999626,0.031754600000567734,203.0270538330078,36.020976066589355,14.645843505859375,14.409509658813462
19.98316419999901,0.033740500002750196,203.12342834472656,36.02145957946777,14.295257568359403,14.320461273193356
20.027217499999097,0.04405330000008689,203.13375854492188,35.995140075683594,14.572265625000028,14.334220886230472
20.058094999993045,0.03087749999394873,203.13758850097656,36.00967979431153,14.558013916015625,14.288417816162113
20.090541499994288,0.032446500001242384,203.09728240966797,36.029561042785645,14.460250854492188,14.245565414428707
20.12417459999415,0.03363309999986086,203.1287612915039,35.989834785461426,14.535476684570398,14.263837814331033
20.169658899998467,0.045484300004318357,203.04830169677734,36.02743721008301,14.608963012695227,14.415630340576168
20.21571579999727,0.04605689999880269,203.12468719482422,36.03171920776367,14.44520568847662,14.278388977050788
20.247603199997684,0.031887400000414345,203.10877227783203,36.02472972869873,14.450698852539176,14.225305557250998
20.293900799995754,0.04629759999806993,203.13113403320312,35.99467849731445,14.542144775390511,14.235771179199208
20.324930799994036,0.03102999999828171,203.11856842041016,35.98813724517822,14.572769165039034,14.350477218627951
20.355670799996005,0.030740000001969747,203.11475372314456,35.995572090148926,14.58125305175787,14.25711631774902
20.387511599998106,0.03184080000210088,203.11048889160156,35.99172496795655,14.588256835937443,14.28029060363767
20.420235199999297,0.03272360000119079,203.03316497802732,36.02162837982178,14.64982604980463,14.365015029907255
20.46510069999931,0.044865500000014435,203.04059600830078,36.03197002410889,14.70323181152338,14.35760688781738
20.496268499999132,0.031167799999821,203.0700912475586,36.00456142425537,14.494674682617273,14.30642890930175
20.5270531999995,0.030784700000367593,203.06945037841797,36.00223636627197,14.522476196289091,14.301290512084947
20.563210499996785,0.03615729999728501,203.1198501586914,35.992937088012695,14.55827331542963,14.311000823974588
20.60659069999383,0.043380199997045565,203.11514282226562,35.992170333862305,14.552185058593693,14.303333282470671
20.638341299993044,0.03175059999921359,203.04580688476562,36.020501136779785,14.641632080078125,14.388120651245135
20.67112199999974,0.03278070000669686,203.12071990966797,36.00122356414795,14.547653198242188,14.289430618286161
20.705895399994915,0.03477339999517426,203.1217041015625,35.991333961486816,14.486907958984347,14.285459518432585
20.748265700000047,0.04237030000513187,203.0811538696289,36.00283908843994,14.442581176757812,14.313032150268565
20.78024799999548,0.031982299995434005,203.0916290283203,36.060879707336426,14.437469482421989,14.15765190124512
20.80969279999408,0.0294447999986005,203.04267120361328,36.03202152252197,14.593154907226562,14.338140487670913
20.845185799997125,0.03549300000304356,203.05276489257812,36.036298751831055,14.65536499023429,14.336589813232404
20.888510799995856,0.04332499999873107,203.12582397460938,36.02462673187256,14.553588867187585,14.210550308227539
20.92142369999783,0.032912900001974776,203.0703887939453,36.021491050720215,14.642852783203296,14.351594924926733
20.95276190000004,0.031338200002210215,203.03893280029297,36.02856636047364,14.606674194335909,14.388759613037099
20.985598999999638,0.03283709999959683,203.03653717041016,36.01859188079834,14.578903198242159,14.394067764282223
21.03229889999784,0.046699899998202454,203.05933380126953,36.02096652984619,14.685684204101562,14.39543724060059
21.06488199999876,0.03258310000092024,203.06219482421875,36.01962471008301,14.681304931640625,14.416187286376918
21.098816799996712,0.033934799997950904,203.03475189208984,36.00628757476807,14.606521606445312,14.447446823120117
21.143149099996663,0.04433229999995092,203.0488739013672,36.00516891479492,14.551605224609403,14.55731201171875
21.175020699993183,0.03187159999652067,203.17489624023435,36.01418495178222,14.454193115234432,14.447460174560543
21.20681369999511,0.031793000001925975,203.03311920166016,36.031216621398926,14.645156860351648,14.402494430542003
21.237654999997176,0.03084130000206642,203.01580047607422,36.04585647583008,14.652481079101591,14.39883422851559
21.2701495999936,0.03249459999642568,203.0712127685547,36.03205871582031,14.46148681640625,14.296722412109379
21.316194899998663,0.04604530000506202,203.02706909179688,36.03409481048584,14.563293457031222,14.377328872680671
21.34736729999713,0.03117239999846788,203.0850067138672,36.014814376831055,14.435974121093807,14.426387786865252
21.379252499995346,0.031885199998214375,203.10084533691406,36.024556159973145,14.407318115234318,14.24825096130374
21.413192499996512,0.03394000000116648,203.04390716552734,36.06545639038086,14.56910705566412,14.339523315429673
21.45820129999629,0.04500879999977769,203.0282440185547,36.039934158325195,14.54525756835929,14.422336578369148
21.490261199993256,0.032059899996966124,203.0788116455078,36.03359603881836,14.6646728515625,14.411231994628903
21.521824599993124,0.031563399999868125,203.1121597290039,36.04295635223389,14.441146850585909,14.253175735473619
21.554119299995364,0.03229470000223955,203.08968353271484,36.027703285217285,14.451004028320284,14.33451652526854
21.583940099997562,0.029820800002198666,203.0909194946289,36.052425384521484,14.445632934570398,14.238883972167976
21.615924299992912,0.03198419999534963,203.04197692871094,36.04953575134277,14.560974121093864,14.362972259521467
21.64621839999745,0.03029410000453936,203.06604766845703,35.991485595703125,14.440963745117188,14.365226745605469
21.68063319999783,0.034414800000377,203.13684844970703,36.02997398376465,14.551071166992159,14.234279632568356
21.727532199998677,0.0468990000008489,203.10884857177734,36.00809574127197,14.44471740722662,14.290815353393544
21.758189799998945,0.03065760000026785,203.14311981201172,36.02022743225098,14.517227172851591,14.254512786865245
21.790380200000072,0.03219040000112727,203.1398696899414,35.99419593811035,14.513442993164034,14.185955047607408
21.82182059999468,0.031440399994608015,203.12252807617188,36.03197383880615,14.5611572265625,14.194971084594748
21.856047899993428,0.034227299998747185,203.1269760131836,36.023688316345215,14.491073608398523,14.21173286437989
21.899649999999383,0.043602100005955435,203.08944702148438,36.035234451293945,14.440368652343778,14.225215911865249
21.931750899995677,0.032100899996294174,203.1201934814453,36.02689266204834,14.523651123046903,14.264299392700202
21.96324349999486,0.03149259999918286,203.06236267089844,36.029624938964844,14.427215576171875,14.285720825195323
21.996091199995135,0.032847700000274926,203.09671783447266,36.0142011642456,14.453109741210994,14.292215347290036
22.042178399999102,0.046087200003967155,203.0641860961914,36.02150535583496,14.43132019042963,14.30118179321289
22.074238999994122,0.03206059999502031,203.07752990722656,35.91172218322753,14.459991455078097,14.143817901611353
22.104268299997784,0.030029300003661774,203.0812759399414,35.99650859832764,14.441879272460938,14.277437210083022
22.13606230000005,0.03179400000226451,203.09361267089844,36.0093412399292,14.431396484374886,14.263635635375984
22.167987099994207,0.03192479999415809,203.05328369140625,36.02784442901611,14.591033935546932,14.3523235321045
22.19840429999749,0.03041720000328496,203.1028289794922,36.02119922637939,14.428192138671818,14.277967453002926
22.230947499992908,0.03254319999541622,203.09571075439453,36.03191375732422,14.406143188476591,14.214439392089854
22.26204460000008,0.03109710000717314,203.0793685913086,36.00297927856445,14.409072875976534,14.257888793945298
22.294515099994896,0.03247049999481533,203.0575942993164,36.05883598327637,14.336593627929716,14.185100555419929
22.324498299996776,0.029983200001879595,203.0697250366211,35.998459815979004,14.431533813476534,14.226270675659155
22.356676899995364,0.03217859999858774,203.07073974609375,36.001702308654785,14.339477539062415,14.36343193054201
22.38911819999339,0.03244129999802681,203.0818099975586,36.02095890045166,14.429336547851562,14.279745101928718
22.433411599995452,0.04429340000206139,203.09355926513672,35.99667167663574,14.454513549804716,14.28044509887695
22.464766499993857,0.03135489999840502,203.14736938476562,35.9826717376709,14.524932861328153,14.253307342529268
22.496318799996516,0.03155230000265874,203.10292053222653,35.99085807800293,14.45245361328125,14.283565521240252
22.529174799994507,0.0328559999979916,203.08602905273438,36.02216053009033,14.422973632812472,14.233160018920906
22.57454069999949,0.045365900004981086,203.11390686035156,36.02582550048828,14.445007324218722,14.240455627441424
22.6055092999959,0.030968599996413104,203.06363677978516,36.014272689819336,14.461044311523466,14.239147186279308
22.63685969999642,0.031350400000519585,203.07865142822266,36.02713489532471,14.503280639648295,14.237531661987308
22.671791299995675,0.034931599999254104,203.1051025390625,36.02553176879883,14.435943603515739,14.199600219726555
22.714368599998124,0.04257730000244919,203.13499450683594,35.95542526245117,14.533294677734347,14.067001342773455
22.745129299997643,0.030760699999518692,203.20410919189453,36.03934383392334,14.33897399902338,13.969049453735337
22.777468899999803,0.032339600002160296,203.12193298339844,35.9630765914917,14.505432128906193,14.061731338500984
22.807912999996915,0.030444099997112062,203.0957794189453,36.045072555541985,14.571807861328097,13.965488433837901
22.841467999998713,0.03355500000179745,203.05340576171875,36.03038311004639,14.4974365234375,14.29769325256347
22.87176279999403,0.03029479999531759,203.11871337890625,35.99817371368408,14.353088378906335,13.961759567260746
22.90392929999507,0.03216650000103982,203.06404876708984,35.940314292907715,14.49128723144537,14.111139297485348
22.935439699998824,0.0315104000037536,203.17233276367188,35.973737716674805,14.278747558593693,14.04347610473635
22.96837709999818,0.032937399999354966,203.15232849121094,35.95435905456543,14.298706054687528,14.079380035400384
22.99898339999345,0.030606299995270092,203.156005859375,36.02727031707764,14.293090820312472,13.915872573852532
23.03002519999427,0.03104180000082124,203.1553192138672,36.00599765777588,14.28958129882821,13.959661483764677
23.06300669999473,0.03298150000046007,203.22286987304685,36.03043556213379,14.362304687500057,13.917385101318338
23.096332599998277,0.03332590000354685,203.15023803710935,35.98879337310791,14.287811279296875,13.990568161010728
23.141082299996924,0.044749699998646975,203.0872039794922,36.00546932220459,14.599914550781335,13.959421157836914
23.173258999995596,0.03217669999867212,203.12902069091797,35.9542875289917,14.540786743164148,14.038011550903303
23.203833799998392,0.03057480000279611,203.1454620361328,36.02834987640381,14.376464843749972,13.91028785705566
23.23570359999576,0.0318697999973665,203.1678009033203,35.9811315536499,14.292510986328153,13.983491897582997
23.266749799993704,0.031046199997945223,203.10182189941406,35.98137187957764,14.591400146484375,13.973199844360344
23.29964839999593,0.032898600002226885,203.06837463378906,36.01575756072997,14.508697509765511,13.970689773559567
23.33124599999428,0.031597599998349324,203.06883239746094,35.98604488372803,14.489746093749943,13.970964431762702
23.362995199997385,0.031749200003105216,203.09322357177734,36.00027275085449,14.537582397461023,14.0522880554199
23.394149699997797,0.031154500000411645,203.18203735351562,36.02204418182373,14.376373291015653,13.950159072875987
23.42480809999688,0.030658399999083485,203.17030334472656,36.01967239379882,14.2479248046875,13.973297119140621
23.456989799997245,0.0321817000003648,203.07642364501953,35.96035671234131,14.491806030273494,14.09170722961428
23.489662699998007,0.03267290000076173,203.11730194091797,36.01111888885498,14.547073364257841,14.308038711547852
23.519417599993176,0.02975489999516867,203.1195526123047,36.03428649902343,14.527099609374915,14.204818725585962
23.552299699993455,0.032882100000279024,203.17639923095703,35.970181465148926,14.296005249023267,14.033788681030291
23.583653999994567,0.03135430000111228,203.09723663330078,35.94874668121338,14.587875366210966,14.120718002319364
23.61981559999549,0.0361616000009235,203.08061981201172,36.01055145263672,14.457351684570284,14.284843444824226
23.66208409999672,0.04226850000122795,203.1389923095703,35.90776824951172,14.55062866210929,14.157768249511737
23.69549189999816,0.0334078000014415,203.13101959228516,35.95794296264648,14.532638549804801,14.09774017333984
23.727015199998277,0.03152330000011716,203.09169769287112,35.96165466308594,14.474075317382812,14.071250915527362
23.759339199998067,0.03232399999978952,203.13524627685547,36.00407886505127,14.575210571289091,14.23579216003418
23.79066739999689,0.03132819999882486,203.1448669433594,35.91189098358155,14.546630859374943,14.152872085571293
23.823561499993957,0.032894099997065496,203.08505249023438,35.91478443145752,14.468566894531193,14.059995651245092
23.872395299993514,0.048833799999556504,203.07972717285156,35.924118995666504,14.480895996093693,14.079961776733406
23.917995099996915,0.04559980000340147,203.07650756835938,36.01845073699951,14.422027587890653,14.210321426391602
23.94843899999978,0.03044390000286512,203.0807952880859,36.0306510925293,14.435302734375,14.292716979980465
23.980417699996906,0.03197869999712566,203.0938491821289,35.99474811553955,14.451919555664034,14.250577926635742
24.011461399997643,0.031043700000736862,203.15625762939453,35.94523906707764,14.303207397460824,14.060365676879883
24.057761799995205,0.046300399997562636,203.0777816772461,35.91983222961426,14.481094360351562,14.112964630126942
24.10172969999985,0.043967900004645344,203.15699005126953,35.96126270294189,14.320968627929716,14.02249717712402
24.135439299992868,0.033709599993017036,203.12332153320312,35.94473648071289,14.529388427734375,14.061584472656254
24.18188719999307,0.046447900000202935,203.1168441772461,35.93582630157471,14.577316284179688,14.09074974060059
24.212619899997662,0.030732700004591607,203.12809753417966,35.932923316955566,14.534423828125,14.090520858764645
24.243582699993567,0.03096279999590479,203.12820434570315,35.91787624359131,14.533020019531193,14.124300003051765
24.27592519999598,0.032342500002414454,203.1092071533203,36.014104843139656,14.567321777343722,14.260700225830067
24.309285499999532,0.03336030000355095,203.0894546508789,36.028791427612305,14.494003295898409,14.246265411376957
24.356302099993627,0.04701659999409458,203.11103057861328,36.005476951599114,14.574478149414062,14.288927078247081
24.401374799999758,0.04507270000613062,203.15515899658203,35.9595832824707,14.323257446289034,14.051826477050799
24.433954599997378,0.032579799997620285,203.15227508544922,35.97243595123291,14.300704956054688,14.028860092163068
24.466968499997165,0.0330138999997871,203.07048797607422,35.95936679840088,14.463485717773438,14.030035018920898
24.496301499995752,0.029332999998587184,203.1001434326172,35.92027473449707,14.54757690429696,14.092441558837908
24.5295033999937,0.0332018999979482,203.0978775024414,35.99195575714111,14.440780639648523,14.335645675659194
24.561216799993417,0.031713399999716785,203.10352325439453,36.05990791320801,14.253280639648466,14.377834320068349
24.59427549999964,0.03305870000622235,203.03285217285156,36.027010917663574,14.414215087890653,14.29789924621582
24.640259099993273,0.045983599993633106,203.04168701171875,36.00674343109131,14.440917968749943,14.342546463012713
24.6725071999972,0.03224810000392608,202.98226928710938,36.04076766967774,14.5499267578125,14.443199157714847
24.71860739999829,0.04610020000109216,203.05522918701172,35.99686336517334,14.464920043945312,14.308588027954098
24.75067229999695,0.0320648999986588,203.02789306640625,35.98746871948242,14.5191650390625,14.38761901855468
24.782846899994183,0.0321745999972336,203.0751724243164,36.013258934020996,14.439559936523409,14.32711982727049
24.814040199999,0.031193300004815683,203.15604400634766,35.963531494140625,14.254043579101534,14.017715454101566
24.844549199995527,0.030508999996527564,203.01032257080078,36.0218620300293,14.574020385742244,14.426651000976555
24.876766199995473,0.03221699999994598,203.04685974121094,36.01046848297119,14.336242675781335,14.323202133178707
24.908738299993274,0.031972099997801706,203.0503692626953,35.99093532562255,14.349456787109375,14.357606887817397
24.955812799998967,0.047074500005692244,202.99996185302734,36.024478912353516,14.433059692382898,14.284660339355472
25.00194019999617,0.04612739999720361,203.01280212402344,36.103580474853516,14.390808105468693,14.391754150390632
25.047926899998856,0.04598670000268612,202.96459197998047,36.05690956115723,14.424270629882812,14.412143707275408
25.080592399994202,0.03266549999534618,203.0173797607422,36.01919651031494,14.3157958984375,14.267042160034197
25.12688779999735,0.046295400003145915,202.95426177978516,36.0893611907959,14.376296997070312,14.137386322021484
25.17444869999599,0.047560899998643436,202.8512420654297,36.23061466217041,14.263580322265653,13.465253829956037
25.218541799993545,0.04409309999755351,202.96936798095703,36.396236419677734,14.392196655273409,13.860168457031275
25.250945999992837,0.03240419999929145,203.02999114990234,36.1977128982544,14.343643188476591,14.216634750366229
25.282751099999587,0.031805100006749853,203.0756378173828,36.20732879638672,14.331115722656222,14.197456359863285
25.319411699994816,0.03666059999522986,203.0457305908203,36.18616199493408,14.368804931640597,14.21849632263184
25.362008799995237,0.04259710000042105,203.05931854248047,36.01186943054199,14.491256713867273,13.944736480712876
25.40721289999783,0.045204100002592895,203.01207733154297,36.26623058319092,14.408950805664034,14.054292678833011
25.44188149999536,0.03466859999753069,202.96271514892578,36.18320941925049,14.444229125976562,14.208181381225579
25.490552699993714,0.04867119999835268,202.94991302490234,36.20349979400635,14.469650268554744,14.226560592651378
25.534640999998373,0.044088300004659686,203.01255798339844,36.19191932678223,14.389282226562528,14.269420623779318
25.56617529999494,0.031534299996565096,202.98858642578125,36.22606372833251,14.38516235351554,14.226232528686548
25.59826299999986,0.032087700004922226,203.016357421875,36.185025215148926,14.373962402343722,14.212957382202148
25.63190239999676,0.033639399996900465,203.00153350830078,36.07285785675049,14.419876098632756,14.34911918640135
25.67617639999662,0.04427399999985937,203.00910186767575,36.075087547302246,14.387527465820256,14.35679054260255
25.70772649999708,0.03155010000045877,203.0234603881836,35.99917316436767,14.490829467773438,14.294065475463864
25.74205809999694,0.03433159999985946,203.00750732421875,36.17960548400879,14.387908935546932,14.254276275634759
25.785789299996395,0.043731199999456294,203.03375244140622,36.012516021728516,14.512725830078125,14.34288787841799
25.831768599993666,0.04597929999727057,202.98188018798828,36.035945892333984,14.470199584960938,14.324913024902322
25.865575899995747,0.03380730000208132,203.0310516357422,36.022976875305176,14.373931884765568,14.303808212280284
25.91011919999437,0.04454329999862239,203.03142547607425,36.051411628723145,14.328628540039006,14.45420646667479
25.94319419999374,0.03307499999937136,203.07198333740234,36.06243705749512,14.259445190429773,14.373256683349595
25.973482199995487,0.030288000001746695,203.01676177978516,36.03974723815918,14.378494262695398,14.377460479736339
26.005931699997745,0.03244950000225799,203.0858383178711,36.09656238555908,14.265274047851562,14.356573104858391
26.038669899993693,0.03273819999594707,203.04096221923828,35.99405097961426,14.451278686523494,14.272808074951175
26.085681399999885,0.047011500006192364,203.0138397216797,36.01735019683838,14.358947753906193,14.42504692077636
26.133408099994995,0.04772669999510981,203.09081268310547,35.994500160217285,14.267501831054659,14.368871688842784
26.180835199993453,0.04742709999845829,203.0309829711914,35.989349365234375,14.484512329101534,14.31360626220701
26.2266937999957,0.04585860000224784,203.0237274169922,35.97805976867676,14.295166015625114,14.320621490478505
26.27300049999758,0.0463067000018782,203.02816009521484,36.001275062561035,14.308242797851591,14.330259323120117
26.304723499997635,0.031723000000056345,202.9881591796875,35.972869873046875,14.295379638671847,14.28836059570314
26.33832839999377,0.03360489999613492,203.0318374633789,35.988725662231445,14.475509643554744,14.325412750244165
26.382573699993372,0.04424529999960214,203.06690979003906,36.01637363433838,14.420318603515625,14.284803390502923
26.415728599997237,0.033154900003864896,203.06393432617188,36.0181941986084,14.425079345703182,14.398624420165977
26.461669899996195,0.04594129999895813,203.09769439697266,36.01943588256836,14.485305786132784,14.241638183593757
26.493680499996117,0.032010599999921396,203.08240509033203,36.04385948181152,14.483535766601534,14.178241729736339
26.54093589999684,0.04725540000072215,203.11722564697266,36.0249137878418,14.451522827148466,14.218124389648445
26.587845299996843,0.0469094000000041,203.09881591796878,36.02907180786132,14.478271484375057,14.32134246826173
26.63383619999513,0.045990899998287205,203.1584930419922,36.03085803985596,14.486541748046818,14.225988388061545
26.667519799993897,0.03368359999876702,203.11750030517578,36.0123405456543,14.413223266601562,14.34133911132815
26.7147954999964,0.04727570000250125,203.09188079833984,36.03099822998047,14.45878601074233,14.25007629394533
26.74643439999636,0.03163889999996172,203.13530731201172,36.01667881011963,14.523452758789062,14.225126266479482
26.793384799995692,0.04695039999933215,203.0645523071289,36.028114318847656,14.673538208007841,14.361343383789055
26.82407979999698,0.030695000001287553,203.07097625732422,36.03420925140381,14.463882446289091,14.201768875122053
26.857608099999197,0.03352830000221729,203.04093170166016,36.025235176086426,14.616775512695256,14.32924461364744
26.90232069999911,0.04471259999991162,203.0913543701172,36.042207717895515,14.448181152343636,14.178188323974599
26.935574899995117,0.03325419999600854,203.08287811279297,36.01897048950195,14.356521606445341,14.29701232910157
26.96695219999674,0.03137730000162264,202.97992706298828,36.00997543334961,14.476394653320312,14.379798889160138
26.999608799997077,0.032656600000336766,203.1331787109375,35.9708194732666,14.3580322265625,14.091594696044915
27.04649299999437,0.04688419999729376,203.09442901611328,36.03849220275879,14.504776000976534,14.243724822998015
27.092956699998467,0.04646370000409661,203.05338287353516,36.06214809417725,14.481033325195312,14.132371902465824
27.125226599993766,0.032269899995299056,203.12618255615234,36.02201080322265,14.54804992675787,14.179878234863278
27.172779199994693,0.04755260000092676,203.1175537109375,36.04262065887451,14.544281005859318,14.22220039367674
27.2158902999945,0.04311109999980545,203.11856079101565,36.01746654510498,14.571685791015568,14.238679885864265
27.249758199999633,0.03386790000513429,203.12496185302734,36.012809753417976,14.547592163085966,14.231079101562504
27.295543699998234,0.045785499998601153,203.0914535522461,36.05756187438965,14.458297729492188,14.217586517333991
27.32608149999578,0.030537799997546244,203.0631866455078,36.033376693725586,14.474334716796818,14.156627655029297
27.35788579999644,0.03180430000065826,203.09979248046875,36.02318286895752,14.468139648437443,14.215307235717756
27.404564099997515,0.04667830000107642,203.10028839111328,36.02670764923096,14.457015991210994,14.21630668640137
27.44997919999878,0.045415100001264364,203.08336639404297,36.04873466491699,14.47679138183588,14.188739776611317
27.484419699998398,0.03444049999961862,203.13758850097656,35.99959945678711,14.304748535156165,13.928657531738281
27.529187599997385,0.04476789999898756,203.10385131835938,36.00508213043213,14.544708251953097,14.235982894897475
27.56173999999737,0.03255239999998594,203.1134033203125,35.96996021270752,14.555511474609347,13.983640670776342
27.59345029999531,0.03171029999793973,203.16831970214844,35.968642234802246,14.273742675781307,13.998888015747063
27.629012199999124,0.03556190000381321,203.1207275390625,35.989412307739265,14.535888671875,13.943775177001957
27.672980399998778,0.043968199999653734,203.15363311767578,36.04387187957763,14.313796997070341,13.875436782836925
27.704115900000033,0.031135500001255423,203.13516998291016,36.04110050201416,14.344406127929716,13.877058029174815
27.738177699997323,0.0340617999972892,203.13613891601562,35.9951515197754,14.299987792968636,13.91827392578124
27.781753599992953,0.04357589999563061,203.03644561767578,36.011640548706055,14.482650756835994,14.254085540771474
27.81279789999826,0.03104430000530556,203.13968658447266,35.98023223876953,14.274734497070284,13.9315185546875
27.848051699998905,0.03525380000064615,203.08448791503906,35.942437171936035,14.370788574218693,14.026632308959954
27.891572999993514,0.04352129999460885,203.1346206665039,36.0003604888916,14.316390991210966,13.99335861206055
27.937827099995047,0.046254100001533516,203.06480407714844,35.963491439819336,14.39682006835946,14.00688552856445
27.983383499995398,0.04555640000035055,203.1389312744141,36.009650230407715,14.279296875000114,13.93941688537597
28.015579599996272,0.03219610000087414,203.1346893310547,35.98376941680908,14.310760498046847,13.972494125366218
28.046536899993953,0.03095729999768082,203.08570861816406,36.1574764251709,14.237854003906165,14.162708282470714
28.078199299998232,0.031662400004279334,203.14539337158203,36.031704902648926,14.30146789550787,13.907453536987298
28.109696499996062,0.03149719999782974,203.1023712158203,36.03698253631591,14.24908447265625,13.803224563598643
28.15639569999621,0.04669920000014827,203.1330337524414,35.982380867004395,14.293869018554688,13.984434127807624
28.20734879999509,0.050953099998878315,203.10647583007812,35.987348556518555,14.321807861328182,14.022670745849599
28.249242699996103,0.04189390000101412,203.08983612060547,36.03538227081299,14.364395141601506,13.943136215209972
28.29647439999826,0.047231700002157595,203.1463623046875,36.04729747772217,14.275695800781222,13.86418342590332
28.344695299994783,0.04822089999652235,203.10330963134766,36.00874614715576,14.513931274414176,13.97194862365722
28.390386399994895,0.04569110000011278,203.12498474121094,35.995192527770996,14.357879638671818,14.0209445953369
28.434484599994903,0.04409820000000764,203.18164825439453,36.062551498413086,14.366256713867159,13.909786224365213
28.466122599995288,0.031638000000384636,203.06785583496094,35.958044052124016,14.566070556640625,14.439319610595714
28.498898299993016,0.032775699997728225,203.03572845458984,36.06327247619629,14.665298461914062,14.358798980712912
28.53074529999867,0.03184700000565499,203.0408706665039,36.0436315536499,14.616226196289034,14.408281326293967
28.560929199993552,0.030183899994881358,203.05859375,36.00757598876953,14.537719726562528,14.331863403320302
28.59443449999526,0.03350530000170693,203.1165542602539,35.97109127044678,14.418807983398409,14.078653335571275
28.629425699997228,0.034991200001968537,203.0938949584961,35.97578144073486,14.445205688476534,14.045606613159169
28.674575999997614,0.04515030000038678,203.07048797607422,35.966532707214355,14.449264526367074,14.048837661743168
28.706761699999333,0.03218570000171894,203.1568374633789,36.03170394897461,14.367141723632812,13.958854675292947
28.751926099997945,0.04516439999861177,203.16303253173828,36.0320701599121,14.352767944335938,13.961761474609403
28.78430379999918,0.03237770000123419,203.12096405029297,35.99772071838379,14.370834350585994,14.02426528930664
28.816207799995027,0.0319039999958477,203.0826873779297,36.032546043395996,14.440429687499943,13.964731216430671
28.85117199999513,0.03496420000010403,203.08934783935547,36.1007080078125,14.338851928710966,14.13568878173826
28.893514899995353,0.04234290000022156,203.12023162841797,36.003360748291016,14.426101684570256,14.000564575195309
28.924975599999016,0.03146070000366308,203.07434844970703,36.03006839752197,14.485458374023494,13.978437423706055
28.956183799993596,0.031208199994580355,203.0250244140625,36.17877197265625,14.397613525390739,14.216354370117205
28.989735399998608,0.033551600005012006,203.0576934814453,36.11422824859619,14.360229492187642,14.377927780151385
29.034985399994184,0.04524999999557622,203.07296752929688,35.96062660217285,14.484771728515653,14.069705963134751
29.06671319999441,0.031727800000226125,203.07965087890625,35.96102333068848,14.48114013671875,14.06898880004881
29.11186009999801,0.04514690000360133,203.0819320678711,35.959839820861816,14.47254943847662,14.069326400756843
29.14639979999629,0.034539699998276774,203.08544158935547,36.179497718811035,14.322372436523494,14.296369552612305
29.19160379999812,0.045204000001831446,202.99656677246094,36.034308433532715,14.475372314453182,14.370508193969723
29.237855699997453,0.046251899999333546,203.00069427490234,36.02619743347168,14.467666625976648,14.354022979736296
29.28590439999971,0.04804870000225492,202.99920654296875,36.023786544799805,14.465667724609375,14.352054595947237
29.333592499999213,0.04768809999950463,203.00569915771484,36.03002166748047,14.453689575195284,14.388542175292987
29.378721499997482,0.04512899999826914,203.01880645751953,36.10251045227051,14.397476196289091,14.2835807800293
29.41019089999463,0.031469399997149594,203.06652832031247,36.04763317108154,14.316162109374943,14.200838088989286
29.44199469999876,0.03180380000412697,203.00334930419922,36.03011703491211,14.423690795898438,14.290779113769545
29.48786979999568,0.045875099996919744,203.07655334472656,36.11976718902588,14.279571533203068,14.303304672241193
29.518284299992956,0.030414499997277744,203.08773803710938,36.04359149932861,14.263671875000057,14.172826766967809
29.549998399998003,0.03171410000504693,203.0996856689453,35.982425689697266,14.36285400390625,13.944313049316403
29.58233549999568,0.03233709999767598,202.98495483398438,36.00844955444336,14.444671630859347,14.319984436035146
29.631096699995396,0.048761199999717064,203.0134735107422,36.102200508117676,14.325286865234375,14.3111553192139
29.67612789999839,0.04503120000299532,203.03028106689453,36.11387538909912,14.265274047851562,14.035577774047862
29.72138249999989,0.04525460000149906,203.00460052490234,36.11890888214111,14.335830688476648,14.251607894897472
29.75271999999677,0.03133749999688007,203.0962371826172,35.98827838897705,14.358703613281165,13.969869613647475
29.784604299995408,0.03188429999863729,203.0492401123047,36.19696617126465,14.26461791992196,14.138973236083991
29.815615199993772,0.03101089999836404,203.12232971191406,36.134138107299805,14.322448730468636,13.699764251708995
29.846211799995217,0.03059660000144504,203.16403198242188,36.05684947967529,14.297698974609318,13.887742996215835
29.877845399998478,0.03163360000326065,203.20643615722656,36.07488250732422,14.373992919921875,13.84048461914064
29.91080439999496,0.032958999996481,203.11856842041016,36.05840015411377,14.313766479492188,13.762914657592752
29.942930699995486,0.03212630000052741,202.99771881103516,36.019981384277344,14.417587280273494,14.39611053466799
29.97878259999561,0.03585190000012517,203.0739288330078,36.11353015899658,14.276855468750028,14.298894882202145
30.02147409999452,0.04269149999890942,203.0852279663086,35.984416007995605,14.37788391113287,14.020639419555671
30.065408699992986,0.043934599998465274,202.96907806396484,36.07301044464111,14.41804504394537,14.33576011657717
30.096641099997214,0.03123240000422811,203.0946807861328,35.99840545654297,14.398681640624943,13.969818115234386
30.12962129999505,0.03298019999783719,203.0096664428711,36.051941871643066,14.40415954589838,14.332769393920884
30.1617838999955,0.03216260000044713,203.05706787109375,36.13839340209961,14.329925537109489,14.234748840332006
30.193735999993805,0.03195209999830695,203.15328979492188,35.97616100311279,14.297210693359318,13.953432083129869
30.237825399999565,0.04408940000575967,203.20001983642578,35.95487117767334,14.322341918945426,14.058679580688466
30.27508189999935,0.037256499999784864,203.13422393798828,36.06006717681885,14.303451538085909,13.834806442260732
30.317862599993532,0.042780699994182214,203.12805938720703,36.078683853149414,14.319625854492273,13.77631759643555
30.35059999999794,0.03273740000440739,203.14339447021484,36.0429573059082,14.328201293945312,13.89784240722658
30.38189749999583,0.031297499997890554,203.0609893798828,36.1176233291626,14.357727050781278,14.311132431030291
30.41395869999542,0.03206119999958901,203.09548950195312,35.96797752380371,14.366607666015653,14.018962860107429
30.4589921999941,0.04503349999868078,203.14927673339844,36.02063465118408,14.320068359374943,13.916822433471676
30.492093599998043,0.03310140000394313,203.09896087646484,35.96758270263672,14.40760803222662,14.01149749755859
30.52376099999674,0.031667399998696055,203.1199722290039,35.99201202392578,14.317825317382841,13.955085754394513
30.55539389999467,0.03163289999793051,203.11385345458984,35.96407699584961,14.322830200195455,14.020690917968768
30.586475899996003,0.031082000001333654,203.1502227783203,36.00582218170166,14.319824218750085,13.956716537475586
30.617711699997017,0.03123580000101356,203.14545440673828,36.00687599182129,14.278976440429773,14.004268646240245
30.649713499995414,0.03200179999839747,203.1030731201172,35.953171730041504,14.31884765625,14.091947555542
30.682208499994886,0.032494999999471474,203.0814208984375,36.107608795166016,14.315490722656136,14.083786010742188
30.729034699994372,0.04682619999948656,202.98989868164062,36.121310234069824,14.413787841796932,14.255647659301776
30.77583749999758,0.04680280000320636,203.00423431396487,36.20744228363037,14.32826232910162,13.966157913208022
30.80822239999543,0.03238489999785088,203.0111541748047,36.04881763458252,14.468902587890682,14.124151229858423
30.855685199996515,0.04746280000108527,203.03595733642578,36.16836643218994,14.312698364257699,14.200643539428704
30.905480399997032,0.04979520000051707,203.00199127197266,36.14883899688721,14.454116821289006,14.252988815307635
30.948727199996938,0.043246799999906216,203.0553436279297,36.14666557312012,14.331604003906364,14.245418548583977
30.980671999997867,0.03194480000092881,203.07981872558594,36.23077964782715,14.265777587890682,14.163990020751957
31.013871299997845,0.03319929999997839,203.07791137695312,36.039862632751465,14.389404296875,13.873003005981449
31.06046359999891,0.04659230000106618,203.03934478759763,36.20455265045166,14.27290344238287,14.219358444213857
31.09107559999393,0.03061199999501696,203.00404357910156,36.13778114318848,14.392822265624972,14.28020095825196
31.123285099994973,0.032209500001044944,202.9991683959961,36.154109954833984,14.344345092773324,14.321975708007812
31.154112699994585,0.030827599999611266,203.04052734375,36.161258697509766,14.37008666992179,14.236976623535131
31.19018219999998,0.03606950000539655,203.14606475830078,35.97964859008789,14.285049438476477,14.037353515625
31.233592299999145,0.04341009999916423,203.1568374633789,35.9908390045166,14.324813842773409,13.945835113525387
31.26526649999869,0.03167419999954291,203.1085968017578,36.000630378723145,14.389892578124972,13.995450973510732
31.2969271999973,0.03166069999861065,203.13917541503906,35.98647880554199,14.314025878906335,13.993373870849616
31.329609299995354,0.03268209999805549,203.0748062133789,35.95756244659423,14.367904663085909,14.09904289245608
31.375569899995753,0.0459606000003987,203.06483459472656,36.01354694366455,14.333801269531222,14.285413742065447
31.407984299999953,0.032414400004199706,203.01512908935547,36.051241874694824,14.341842651367188,14.182031631469712
31.439025499996205,0.031041199996252544,203.1343231201172,36.05845642089844,14.322174072265597,13.868911743164059
31.474631399993086,0.03560589999688091,203.05037689208984,36.140679359436035,14.267196655273438,14.267400741577173
31.516547100000025,0.041915700006939005,203.10516357421875,36.016841888427734,14.290679931640568,14.253494262695305
31.549840099993162,0.03329299999313662,203.0917739868164,36.087225914001465,14.26094055175787,14.200822830200202
31.597141599995666,0.047301500002504326,203.15591430664062,36.042877197265625,14.256530761718693,13.91319274902347
31.643523699996877,0.04638210000121035,203.08792877197266,35.970277786254876,14.385421752929688,14.057315826415998
31.689777999999933,0.046254300003056414,203.06233978271484,36.01007843017578,14.319107055664034,14.221908569335941
31.720459299998765,0.0306812999988324,202.9954833984375,36.04057502746582,14.363647460937472,14.386981964111342
31.752943499996036,0.03248419999727048,202.98543548583984,36.025495529174805,14.433578491210938,14.3776741027832
31.784997399998247,0.03205390000221087,202.99203491210938,36.02313423156738,14.440460205078182,14.416576385498043
31.815944599999057,0.03094720000080997,203.01040649414062,35.99155807495117,14.34161376953125,14.3503646850586
31.847969699992973,0.03202509999391623,202.96881103515625,36.018168449401855,14.483795166015653,14.42678260803224
31.87865979999333,0.030690100000356324,202.96347045898435,35.977492332458496,14.473663330078125,14.32024574279783
31.91117839999788,0.032518600004550535,203.03205108642578,36.0098237991333,14.348617553710994,14.304220199584964
31.957125599998108,0.045947200000227895,203.02973175048828,35.99562740325928,14.461135864257784,14.318300247192365
31.988993799997843,0.031868199999735225,203.05645751953125,36.03205966949463,14.351531982421733,14.297361373901342
32.03627059999417,0.04727679999632528,202.9896697998047,36.081579208374016,14.391387939453068,14.37728500366212
32.08284349999303,0.04657289999886416,203.05267333984375,35.95060157775879,14.354461669921847,14.404270172119148
32.12849019999703,0.045646700003999285,203.06600189208984,35.99513435363769,14.470108032226534,14.278728485107436
32.16389209999761,0.03540190000057919,203.0717010498047,36.00658702850342,14.432739257812415,14.264863967895508
32.20571619999828,0.041824100000667386,202.99156188964844,36.03819561004639,14.393707275390653,14.31921577453613
32.23792899999535,0.03221279999706894,203.02071380615234,36.103271484375,14.320846557617244,14.36215209960939
32.26961589999701,0.031686900001659524,203.01327514648438,36.016878128051765,14.279174804687557,14.267772674560508
32.318712399996,0.04909649999899557,203.0121307373047,36.06402397155762,14.410308837890511,14.285923004150408
32.3635437999983,0.044831400002294686,202.96861267089844,36.015077590942376,14.484497070312557,14.35006332397461
32.39520789999369,0.0316640999953961,203.00969696044922,36.0711784362793,14.339004516601562,14.335815429687482
32.425632999998925,0.030425100005231798,203.04169464111328,36.119056701660156,14.344100952148352,14.2790756225586
32.45855959999608,0.03292659999715397,202.9783172607422,36.10083198547363,14.399353027343778,14.275470733642553
32.50400969999464,0.0454500999985612,203.04695892333984,35.99715042114258,14.341903686523466,14.196517944335909
32.55067229999986,0.046662600005220156,202.9970932006836,36.03299617767334,14.292129516601562,14.254076004028292
32.582607699994696,0.03193539999483619,202.9932861328125,36.081854820251465,14.40353393554696,14.281145095825202
32.62940869999875,0.046801000004052185,203.0473861694336,36.07819938659668,14.297103881835938,14.092502593994155
32.660818199998175,0.03140949999942677,203.01776123046875,36.20519828796387,14.334442138671875,14.222354888916016
32.69260669999494,0.031788499996764585,202.98975372314453,36.25172996520996,14.382980346679716,14.168392181396477
32.72485939999751,0.032252700002572965,203.0219497680664,36.1807165145874,14.344802856445312,14.270341873168903
32.75689769999735,0.03203829999984009,202.982421875,36.177735328674316,14.429870605468693,14.062398910522468
32.80316219999804,0.04626450000068871,203.0147705078125,36.19349193572998,14.374511718749915,14.168985366821268
32.83491339999455,0.03175119999650633,203.0144805908203,36.19284152984619,14.410675048828097,14.177129745483409
32.8673559999952,0.03244260000064969,203.02399444580078,36.13004112243652,14.376846313476591,14.32900619506837
32.91336959999899,0.04601360000378918,203.01318359375,36.09488773345947,14.3363037109375,14.297353744506793
32.94602209999721,0.032652499998221174,202.99837493896482,36.10114097595215,14.298263549804744,14.146938323974606
32.97611849999521,0.03009639999800129,203.01077270507812,36.127777099609375,14.290588378906222,14.110618591308597
33.01832459999423,0.04220609999902081,203.0893096923828,36.02611255645752,14.369293212890739,13.919324874877912
33.057321799999045,0.03899720000481466,203.11831665039062,36.031070709228516,14.403717041015511,13.864791870117173
33.10202449999633,0.04470269999728771,203.05862426757812,35.98894882202149,14.520294189453068,13.955619812011708
33.13443419999385,0.03240969999751542,203.10476684570312,36.01231098175049,14.425567626953125,13.936803817749023
33.167850999998336,0.03341680000448832,203.20901489257812,35.982747077941895,14.397705078125,13.977125167846683
33.21433799999795,0.046486999999615364,203.08773803710938,36.03186511993408,14.431823730468693,13.902837753295895
33.2604016999976,0.04606369999964954,203.08707427978516,36.01552200317383,14.440048217773409,13.927032470703107
33.29264829999738,0.0322465999997803,203.08194732666016,36.00701904296875,14.431228637695284,13.937309265136719
33.33841109999776,0.04576280000037514,203.0580596923828,36.02020454406738,14.439147949218722,13.961772918701183
33.37059109999973,0.032180000001972076,203.06543731689453,36.07603645324707,14.485885620117216,14.070331573486332
33.416901799995685,0.046310699995956384,203.09483337402344,36.06630897521973,14.419342041015682,13.806163787841804
33.448296599999594,0.03139480000390904,203.09432983398438,36.083612442016594,14.419433593750028,13.776203155517564
33.49680999999691,0.04851339999731863,203.0303192138672,36.06257247924805,14.526336669921903,13.784774780273445
33.541079299997364,0.04426930000045104,203.04063415527344,36.06379985809326,14.462768554687472,13.810129165649396
33.57202149999648,0.030942199999117292,203.06614685058594,35.953134536743164,14.452880859375028,14.006061553955071
33.6015344999978,0.02951300000131596,203.07077026367188,35.95359706878662,14.45574951171875,14.010820388793938
33.63645519999409,0.03492069999629166,203.03490447998047,36.08456230163574,14.410385131835994,14.31319808959963
33.682532799997716,0.046077600003627595,202.99254608154297,36.13114833831787,14.477493286132841,14.234567642211914
33.71333779999986,0.0308050000021467,202.95550537109375,36.22983455657959,14.537841796874972,14.098978042602536
33.75933959999384,0.04600179999397369,203.0226593017578,36.16101837158203,14.39450073242196,14.215011596679673
33.791478299994196,0.03213870000035968,203.12957763671878,35.97328472137451,14.285034179687557,14.019678115844695
33.821406499999284,0.029928200005088,203.0279312133789,36.12840175628662,14.333694458007784,14.310541152954116
33.85484099999303,0.0334344999937457,203.04117584228516,36.153353691101074,14.332046508788949,14.226968765258768
33.8850886999935,0.030247700000472832,203.02877807617188,36.16242218017578,14.334686279296903,14.234718322753913
33.918794599994726,0.0337059000012232,203.03075408935547,36.177029609680176,14.345809936523324,14.1679973602295
33.96435619999829,0.04556160000356613,202.9814453125,36.099700927734375,14.377410888671847,14.057067871093746
33.9996325999964,0.03527639999811072,203.0405044555664,36.04698085784912,14.317550659179659,14.160219192504911
34.0431971999933,0.04356459999689832,203.02239227294922,36.15120506286621,14.307388305664091,14.251186370849624
34.07586349999474,0.032666300001437776,203.03397369384766,36.21942329406738,14.317062377929688,14.219394683837894
34.106537699997716,0.03067420000297716,202.96308135986328,36.188910484313965,14.445785522460909,14.135911941528327
34.14216589999705,0.035628199999337085,203.02325439453125,36.25580883026123,14.415771484374943,14.082094192504872
34.18601889999991,0.04385300000285497,203.0978317260742,35.9942626953125,14.435470581054574,13.943115234374986
34.215392299993255,0.02937339999334654,203.12598419189453,36.04467010498047,14.437759399414006,13.888717651367202
34.24804859999858,0.032656300005328376,203.1232452392578,36.161675453186035,14.35879516601571,13.751440048217763
34.28203649999341,0.033987899994826876,203.0443878173828,36.097989082336426,14.492187500000057,13.774511337280245
34.32610989999375,0.0440734000003431,203.07117462158203,36.15480041503906,14.38652038574213,13.774307250976555
34.35860249999678,0.03249260000302456,203.0814666748047,36.04029178619385,14.390472412109347,13.916624069213881
34.40483239999594,0.04622989999916172,203.10546875,36.14698600769043,14.34390258789071,13.692745208740227
34.43664159999753,0.03180920000158949,203.06338500976565,36.16985034942627,14.319458007812557,14.18997764587402
34.48172649999469,0.04508489999716403,203.05400848388672,36.23870849609376,14.295303344726534,14.153770446777315
34.51376249999885,0.03203600000415463,202.86188507080078,36.13374614715576,14.290603637695284,13.640756607055664
34.54490769999393,0.031145199995080475,203.0026626586914,36.04852676391602,14.349136352539091,14.214118957519517
34.576106399996206,0.0311987000022782,202.96871185302734,36.181156158447266,14.407943725585994,14.185539245605469
34.620750499998394,0.04464410000218777,202.85533905029297,36.04009819030762,14.28166198730483,13.735515594482418
34.65460489999532,0.03385439999692608,203.02477264404297,36.2218132019043,14.332870483398352,14.149368286132798
34.68403749999561,0.02943260000029113,202.9386215209961,36.18082046508789,14.453353881835938,14.022018432617195
34.71773619999294,0.03369869999733055,202.94884490966797,36.2120943069458,14.440383911132784,14.181386947631843
34.74789089999831,0.030154700005368795,202.95992279052732,36.15523719787598,14.41328430175787,14.129291534423821
34.77945429999818,0.031563399999868125,202.97982025146484,36.21879482269287,14.419967651367159,14.158708572387695
34.811902999994345,0.0324486999961664,202.96410369873047,36.325395584106445,14.411483764648466,14.031612396240224
34.84553619999497,0.03363320000062231,202.8470001220703,36.10782527923584,14.276824951171847,13.77771949768065
34.89065269999992,0.045116500004951376,202.9862060546875,36.26193141937256,14.349639892578125,14.102777481079116
34.922238999999536,0.03158629999961704,202.99259185791016,36.21705245971679,14.342544555664148,14.035430908203121
34.952529700000014,0.030290700000477955,203.00933074951172,36.21051025390625,14.339828491211023,14.143882751464837
34.98569039999711,0.033160699997097254,202.96227264404297,36.20280170440674,14.409408569335994,14.127431869506829
35.03135919999477,0.045668799997656606,202.84288024902344,36.122382164001465,14.288330078124943,13.661287307739265
35.06117589999485,0.029816700000083074,202.98973083496094,36.14726448059082,14.404968261718807,14.088916778564467
35.094098899993696,0.032922999998845626,202.96096801757812,36.26772403717041,14.442901611328125,14.077169418334957
35.12689159999718,0.03279270000348333,202.9593048095703,36.27542972564697,14.466339111328125,14.104368209838857
35.15910819999408,0.032216599996900186,202.9567108154297,36.27479934692383,14.434661865234403,14.114044189453107
35.20434489999752,0.04523670000344282,202.95624542236328,36.25880241394042,14.428421020507784,14.094707489013683
35.2368936999992,0.03254880000167759,202.98094177246094,36.21530723571777,14.394195556640625,14.19724655151365
35.26766909999424,0.030775399995036423,203.087646484375,36.009663581848145,14.40826416015625,13.975347518920916
35.30118319999747,0.03351410000323085,203.00838470458984,36.242072105407715,14.362899780273494,14.208185195922837
35.34811659999832,0.046933400000853,203.03338623046875,36.25984287261963,14.356628417968636,14.147230148315437
35.380126399999426,0.03200980000110576,202.97724151611328,36.26494789123535,14.431411743164034,14.1771125793457
35.42608299999847,0.045956599999044556,202.94784545898438,36.27761459350586,14.432647705078125,14.094993591308604
35.473459799999546,0.047376800001075026,202.97125244140625,36.184160232543945,14.378295898437472,14.048023223876967
35.52262069999415,0.049160899994603824,202.9588165283203,36.115946769714355,14.357269287109347,14.168107986450206
35.56774769999902,0.04512700000486802,202.96082305908203,36.10422229766846,14.331863403320227,14.186285018920884
35.612929599999916,0.04518190000089817,202.97589874267578,36.11855411529541,14.362686157226477,14.150175094604503
35.66064869999536,0.04771909999544732,202.95934295654297,36.16477584838867,14.386459350585852,14.272903442382802
35.70632439999463,0.04567569999926491,202.93226623535156,36.22575187683106,14.413696289062528,14.060199737548832
35.74505219999992,0.03872780000529019,202.92233276367188,36.18299388885498,14.378173828124915,14.016443252563466
35.784865799992986,0.03981359999306733,202.95409393310547,36.17821407318115,14.390762329101506,14.063653945922844
35.814777399995364,0.02991160000237869,202.9308624267578,36.16802215576172,14.411987304687528,14.044532775878892
35.84732279999298,0.03254539999761619,202.96250915527344,36.174017906188965,14.400695800781307,14.1984348297119
35.87838749999355,0.031064700000570156,202.95800018310547,36.07997798919678,14.356185913085966,14.144624710083015
35.91013569999632,0.03174820000276668,202.96692657470703,36.17300319671631,14.374313354492188,14.226587295532234
35.94098899999517,0.03085329999885289,202.96611785888675,36.311217308044434,14.350143432617244,14.061700820922848
35.97625529999641,0.03526630000123987,202.98744201660156,36.14754295349121,14.359283447265568,14.372196197509766
36.020263699996576,0.04400840000016615,202.97207641601562,36.044111251831055,14.393951416015597,14.177227020263665
36.051444599994284,0.031180899997707456,202.94898223876953,36.074400901794434,14.411361694335909,14.125940322875962
36.08458069999324,0.033136099998955615,202.9795379638672,36.11992931365967,14.401184082031222,14.256784439086893
36.13328379999439,0.048703100001148414,202.98036193847656,35.98690128326416,14.341552734375114,14.279027938842784
36.177100999993854,0.04381719999946654,202.8352279663086,35.94330406188965,14.233322143554688,13.971263885498054
36.20885679999628,0.03175580000242917,202.95252227783203,36.044660568237305,14.407974243164034,14.180568695068352
36.2397656999965,0.03090890000021318,202.98391723632812,36.05997657775879,14.37631225585946,14.206539154052741
36.27408659999492,0.03432089999841992,202.94869995117188,36.073214530944824,14.436462402343778,14.125825881958008
36.319313399995735,0.04522680000081891,203.00018310546875,36.136534690856934,14.405151367187528,14.293321609497077
36.350823999993736,0.031510599998000544,203.03336334228516,36.189040184020996,14.338211059570341,14.20558357238771
36.38186959999439,0.031045600000652485,203.11502838134766,36.06529521942139,14.370040893554574,13.84533119201658
36.415165099999285,0.033295500004896894,203.14519500732422,36.00187587738037,14.313827514648438,13.938020706176758
36.44706059999589,0.03189549999660812,202.97525787353516,36.29489707946777,14.45603942871088,13.996753692626953
36.49312519999512,0.04606459999922663,203.04786682128906,36.074164390563965,14.41961669921875,14.112131118774428
36.526081899995916,0.032956700000795536,203.05941009521484,36.0980224609375,14.40580749511733,14.111137390136712
36.5736426999938,0.047560799997881986,203.05996704101562,36.094651222229,14.368469238281335,14.098875045776378
36.61802759999409,0.0443849000002956,203.0126495361328,36.23229885101319,14.446990966796903,13.925088882446264
36.64924429999519,0.031216700001095887,203.08385467529297,36.07609748840331,14.409805297851534,13.895351409912092
36.68159349999769,0.032349200002499856,203.12421417236328,36.019900321960456,14.416763305664091,13.921449661254872
36.717505099994014,0.035911599996325094,203.08252716064453,36.00945568084716,14.425003051757727,13.95375251770022
36.761168299999554,0.04366320000553969,203.17554473876953,36.06108570098877,14.356887817382841,13.844305038452166
36.79236269999819,0.03119439999863971,203.17508697509766,36.12996006011963,14.431533813476562,13.680318832397472
36.82363809999515,0.031275399996957276,203.2005615234375,36.04490661621094,14.382995605468665,13.86275482177734
36.85604369999783,0.03240560000267578,203.09467315673828,36.10819911956787,14.434097290039062,13.772867202758793
36.90161719999742,0.04557349999959115,203.10730743408203,36.03208827972412,14.365188598632784,13.98848915100099
36.93472209999891,0.03310490000149002,203.11573791503906,36.035322189331055,14.38192749023429,13.896083831787092
36.96419679999963,0.029474700000719167,203.11612701416016,36.053730964660645,14.35993957519537,13.87402153015137
36.99866109999857,0.034464299998944625,203.12066650390625,36.150779724121094,14.32040405273429,13.757560729980458
37.043934899993474,0.04527379999490222,203.0643081665039,36.12292289733887,14.390945434570341,13.73641586303712
37.07575729999371,0.031822400000237394,203.05773162841797,36.12542724609375,14.400192260742159,13.797042846679695
37.10795869999856,0.032201400004851166,203.0074691772461,36.148210525512695,14.364791870117188,14.256992340087887
37.154647799994564,0.04668909999600146,203.08495330810547,36.043050765991204,14.401565551757784,13.899913787841808
37.188475499999186,0.033827700004621875,203.00701141357422,36.167516708374016,14.413375854492216,14.232753753662106
37.23359909999999,0.04512360000080662,202.98817443847656,36.072123527526855,14.368041992187472,14.156442642211935
37.26604329999827,0.032444199998280965,203.00394439697266,36.03307819366455,14.327011108398409,14.203657150268533
37.299229899996135,0.033186599997861777,202.95333862304688,36.14554309844971,14.423797607421847,14.022459030151332
37.343302699999185,0.04407280000305036,202.97819519042972,36.14620494842529,14.389801025390682,14.071763992309567
37.37514929999452,0.031846599995333236,202.89041900634766,36.04193115234374,14.225448608398466,13.864074707031246
37.42039010000008,0.04524080000555841,203.01492309570312,36.165727615356445,14.311309814453125,14.121936798095707
37.45409899999504,0.03370889999496285,202.9791030883789,36.24059009552002,14.373275756835966,13.971044540405249
37.49894729999505,0.04484830000001239,202.9010009765625,36.02869987487793,14.26388549804679,13.850711822509773
37.530021799997485,0.031074500002432615,203.0128402709961,36.14360427856445,14.357498168945398,14.33961486816407
37.56106119999458,0.03103939999709837,202.98230743408203,36.126930236816406,14.366744995117216,14.104988098144549
37.59541049999825,0.03434930000366876,202.8541717529297,36.02656650543213,14.265472412109403,13.826337814331076
37.63973909999913,0.044328600000881124,202.85069274902344,36.02911567687988,14.258666992187443,13.8410758972168
37.670322199999646,0.030583100000512786,202.86974334716797,35.97212505340576,14.223159790039091,13.972108840942383
37.70197509999707,0.031652899997425266,202.8817901611328,35.96744346618652,14.195281982421903,13.951259613037102
37.73618419999548,0.0342090999984066,202.84288787841797,35.9896183013916,14.28965759277338,14.172664642333995
37.77948219999962,0.04329800000414252,202.80391693115234,36.01659393310547,14.370803833007841,14.151748657226577
37.810274099996604,0.030791899996984284,202.8019790649414,35.96812629699706,14.391128540039091,14.247699737548825
37.84435969999322,0.0340855999966152,202.9814682006836,36.048750877380364,14.37403869628912,14.233636856079112
37.88918069999636,0.04482100000313949,202.99241638183594,36.02614688873291,14.296966552734375,14.331556320190423
37.92054059999646,0.031359900000097696,202.98290252685547,36.06508255004883,14.369125366210966,14.2043533325195
37.95486449999589,0.034323899999435525,202.7953109741211,36.045592308044434,14.347091674804801,14.137460708618192
37.99983199999406,0.044967499998165295,202.81430053710938,36.03220748901367,14.351318359375,14.141960144042958
38.03154049999284,0.031708499998785555,202.98223876953125,36.13252544403076,14.42950439453125,14.32956123352049
38.062845099993865,0.031304600001021754,202.86390686035156,36.00107192993164,14.267852783203068,13.87975311279299
38.09416379999311,0.031318699999246746,202.96534729003906,36.16825199127197,14.41326904296875,14.271993637084972
38.12869629999477,0.03453250000166008,202.86569213867185,35.98168182373047,14.299407958984375,13.97280883789064
38.17562059999909,0.046924300004320685,203.00709533691406,36.15705490112305,14.388031005859261,14.210060119628885
38.22284469999431,0.04722409999521915,202.9694061279297,36.12626075744629,14.407073974609347,14.14422988891602
38.26881369999319,0.045968999998876825,203.03176879882812,36.050944328308105,14.4068603515625,14.184091567993182
38.31477449999511,0.0459608000019216,202.87973022460938,35.98099708557129,14.187225341796847,13.922740936279276
38.346686099997896,0.031911600002786145,202.85845947265625,35.953890800476074,14.193878173828153,13.925310134887692
38.39460770000005,0.047921600002155174,202.8534927368164,35.945637702941895,14.196365356445341,13.968336105346662
38.44031549999636,0.045707799996307585,202.99364471435547,36.045186042785645,14.283279418945284,14.252889633178704
38.47255879999284,0.032243299996480346,202.9768524169922,36.02987575531006,14.364135742187614,14.20020484924316
38.518267199993716,0.04570840000087628,202.99966430664062,36.114617347717285,14.355987548828097,14.309370040893558
38.54940609999903,0.031138900005316827,203.03997802734375,36.081427574157715,14.333099365234403,14.367097854614258
38.58215039999777,0.032744299998739734,203.1236572265625,36.00043773651123,14.335266113281278,13.964967727661111
38.63095699999394,0.0488065999961691,203.0851287841797,36.06228446960449,14.443420410156278,14.223827362060565
38.67558499999723,0.044628000003285706,203.10716247558594,35.96390342712402,14.492889404296847,14.06830215454103
38.705834999993385,0.030249999996158294,203.0743865966797,35.95041847229004,14.4781494140625,14.078617095947287
38.738182699999015,0.03234770000563003,203.0460968017578,35.92971992492676,14.442657470703125,14.200153350830075
38.769331099996634,0.03114839999761898,202.84786224365234,36.00301265716553,14.253799438476562,14.417520523071317
38.800316799999564,0.03098570000292966,202.73659515380857,36.00356197357178,14.341567993164062,14.186586380004893
38.834664399997564,0.03434759999800008,202.4686737060547,36.04049110412598,14.227905273437557,14.415531158447266
38.88008239999908,0.04541800000151852,201.8084716796875,35.99220848083496,14.226562499999915,14.529476165771495
