time,dt,Center (x-axis),Center (y-axis),box width,box height
0.0,0.008403361344537815,207.52833557128906,196.76294708251953,17.70596313476554,16.979873657226562
0.008403361344537815,0.008403361344537815,207.5094451904297,196.78837585449216,17.465576171874943,16.992248535156307
0.01680672268907563,0.008403361344537815,207.55909729003906,196.73809814453125,17.56890869140628,17.0799560546875
0.025210084033613446,0.008403361344537815,207.57384490966797,196.75238800048828,17.527786254882812,17.11671447753912
0.03361344537815126,0.008403361344537815,207.5559844970703,196.74427795410153,17.51348876953122,17.079711914062557
0.04201680672268908,0.008403361344537815,207.45430755615234,196.7391357421875,17.541488647460994,17.035766601562443
0.05042016806722689,0.008403361344537815,207.5098648071289,196.7298355102539,17.511184692382812,17.077163696289062
0.058823529411764705,0.008403361344537815,207.5185546875,196.73880767822266,17.5277099609375,17.057083129882812
0.06722689075630252,0.008403361344537815,207.50920867919922,196.74610137939453,17.530563354492188,17.10331726074216
0.07563025210084033,0.008403361344537815,207.5385971069336,196.7372055053711,17.540298461914034,17.125656127929688
0.08403361344537816,0.008403361344537815,207.51551818847656,196.7627410888672,17.594268798828125,17.076141357421875
0.09243697478991597,0.008403361344537815,207.5577163696289,196.77155303955075,17.570968627929716,17.062118530273438
0.10084033613445378,0.008403361344537815,207.58981323242188,196.770263671875,17.560882568359375,17.014404296874943
0.1092436974789916,0.008403361344537815,207.50157165527344,196.8028793334961,17.676422119140625,16.99577331542966
0.11764705882352941,0.008403361344537815,207.50875091552734,196.81400299072266,17.581771850585938,17.044509887695284
0.12605042016806722,0.008403361344537815,207.4930648803711,196.8157501220703,17.707717895507784,16.96728515625
0.13445378151260504,0.008403361344537815,207.50251007080078,196.78053283691406,17.474746704101506,16.96612548828128
0.14285714285714285,0.008403361344537815,207.51302337646484,196.78621673583984,17.682571411132812,16.989028930664034
0.15126050420168066,0.008403361344537815,207.56946563720706,196.7996826171875,17.652908325195312,17.02990722656247
0.15966386554621848,0.008403361344537815,207.5328369140625,196.80540466308594,17.75524902343747,16.962921142578153
0.16806722689075632,0.008403361344537815,207.50001525878906,196.78400421142578,17.6763916015625,16.98216247558591
0.17647058823529413,0.008403361344537815,207.53517150878906,196.7611083984375,17.563476562499943,17.02984619140625
0.18487394957983194,0.008403361344537815,207.48430633544922,196.7813262939453,17.728775024414006,16.948394775390625
0.19327731092436976,0.008403361344537815,207.4654083251953,196.78868103027347,17.63494873046878,16.948272705078125
0.20168067226890757,0.008403361344537815,207.5014190673828,196.79786682128906,17.481842041015597,16.976531982421903
0.21008403361344538,0.008403361344537815,207.5096893310547,196.80748748779297,17.47760009765628,17.056106567382756
0.2184873949579832,0.008403361344537815,207.51789093017578,196.82508850097656,17.52494812011716,17.055999755859403
0.226890756302521,0.008403361344537815,207.49876403808597,196.8265838623047,17.48760986328125,16.96487426757821
0.23529411764705882,0.008403361344537815,207.49685668945312,196.82404327392578,17.459747314453153,16.976089477539034
0.24369747899159663,0.008403361344537815,207.49327850341797,196.83712768554688,17.500595092773466,16.96710205078128
0.25210084033613445,0.008403361344537815,207.5152359008789,196.7875747680664,17.45085144042966,17.058303833007812
0.2605042016806723,0.008403361344537815,207.51837921142578,196.78134155273438,17.474349975585938,17.018493652343807
0.2689075630252101,0.008403361344537815,207.54750061035156,196.77706146240234,17.75079345703125,16.96595764160159
0.2773109243697479,0.008403361344537815,207.4915008544922,196.76060485839844,17.691162109375,16.98449707031247
0.2857142857142857,0.008403361344537815,207.47384643554688,196.73387145996094,17.357452392578125,17.014678955078097
0.29411764705882354,0.008403361344537815,207.5012435913086,196.74816894531247,17.346145629882756,17.001312255859375
0.3025210084033613,0.008403361344537815,207.56452178955078,196.76535034179688,17.67723083496091,16.97924804687503
0.31092436974789917,0.008403361344537815,207.56031036376953,196.73406219482422,17.619705200195312,17.006698608398466
0.31932773109243695,0.008403361344537815,207.53580474853516,196.74215698242188,17.642288208007812,17.003967285156193
0.3277310924369748,0.008403361344537815,207.5294189453125,196.8019790649414,17.71789550781253,16.984878540039062
0.33613445378151263,0.008403361344537815,207.50546264648438,196.79158782958984,17.489349365234403,17.03642272949216
0.3445378151260504,0.008403361344537815,207.51024627685547,196.77393341064453,17.50929260253909,16.994918823242188
0.35294117647058826,0.008403361344537815,207.52594757080078,196.8059844970703,17.419357299804744,17.052825927734318
0.36134453781512604,0.008403361344537815,207.53900146484375,196.81178283691403,17.457519531249943,17.040283203125
0.3697478991596639,0.008403361344537815,207.52523040771484,196.8358612060547,17.47560119628912,17.056304931640625
0.37815126050420167,0.008403361344537815,207.52835845947266,196.81615447998047,17.49684143066409,17.092086791992216
0.3865546218487395,0.008403361344537815,207.49858856201172,196.7981185913086,17.505416870117188,16.984512329101534
0.3949579831932773,0.008403361344537815,207.5057373046875,196.8150405883789,17.373779296875,17.04951477050784
0.40336134453781514,0.008403361344537815,207.50360107421875,196.80844879150388,17.51843261718753,17.010971069335994
0.4117647058823529,0.008403361344537815,207.52654266357422,196.79466247558594,17.52122497558588,16.991729736328068
0.42016806722689076,0.008403361344537815,207.4802703857422,196.79180145263672,17.508239746093693,16.962142944335938
0.42857142857142855,0.008403361344537815,207.4587707519531,196.7721710205078,17.51617431640625,16.966979980468807
0.4369747899159664,0.008403361344537815,207.5078582763672,196.79942321777344,17.494842529296847,16.99468994140628
0.44537815126050423,0.008403361344537815,207.54554748535156,196.8048858642578,17.719512939453153,16.998748779296932
0.453781512605042,0.008403361344537815,207.5433578491211,196.82347106933594,17.746780395507812,17.011627197265625
0.46218487394957986,0.008403361344537815,207.50891876220703,196.8011703491211,17.535140991210938,17.007461547851562
0.47058823529411764,0.008403361344537815,207.51703643798828,196.81311798095703,17.514266967773438,16.97389221191409
0.4789915966386555,0.008403361344537815,207.5115966796875,196.8384246826172,17.52630615234378,16.98590087890622
0.48739495798319327,0.008403361344537815,207.5315399169922,196.84652709960938,17.511871337890625,16.965484619140625
0.4957983193277311,0.008403361344537815,207.5367431640625,196.8362808227539,17.49621582031247,17.03999328613284
0.5042016806722689,0.008403361344537815,207.52437591552734,196.81082916259766,17.508316040039062,16.982040405273438
0.5126050420168067,0.008403361344537815,207.51523590087888,196.85736083984372,17.482620239257812,17.031005859375057
0.5210084033613446,0.008403361344537815,207.55030059814453,196.82872772216797,17.501205444335966,16.995529174804688
0.5294117647058824,0.008403361344537815,207.53970336914062,196.81947326660156,17.501953124999943,16.995086669921903
0.5378151260504201,0.008403361344537815,207.5264434814453,196.8415298461914,17.527984619140568,16.98478698730466
0.5462184873949579,0.008403361344537815,207.50130462646484,196.8223419189453,17.506301879882784,16.964385986328125
0.5546218487394958,0.008403361344537815,207.51873016357422,196.81399536132812,17.50190734863284,17.00805664062503
0.5630252100840336,0.008403361344537815,207.50858306884766,196.8472137451172,17.550338745117188,16.96069335937497
0.5714285714285714,0.008403361344537815,207.52607727050778,196.84676361083984,17.511260986328125,16.949234008788977
0.5798319327731093,0.008403361344537815,207.55897521972656,196.8643341064453,17.49114990234372,16.98803710937497
0.5882352941176471,0.008403361344537815,207.5947494506836,196.85043334960938,17.608352661132784,17.012542724609375
0.5966386554621849,0.008403361344537815,207.5608367919922,196.85459136962888,17.515808105468807,17.004440307617244
0.6050420168067226,0.008403361344537815,207.52458953857422,196.91028594970703,17.51951599121091,17.047714233398466
0.6134453781512605,0.008403361344537815,207.56177520751953,196.92664337158203,17.52293395996091,16.999984741210938
0.6218487394957983,0.008403361344537815,207.5394287109375,196.84223175048828,17.469757080078182,16.993453979492188
0.6302521008403361,0.008403361344537815,207.57669067382812,196.84996795654297,17.50305175781253,17.025253295898438
0.6470588235294118,0.008403361344537815,207.52291870117188,196.89501953125,17.53961181640628,16.932220458984375
0.6722689075630253,0.008403361344537815,207.5511932373047,196.88765716552734,17.53790283203125,17.03889465332034
0.680672268907563,0.008403361344537815,207.5285873413086,196.8289566040039,17.530227661132812,17.006698608398438
0.6890756302521008,0.008403361344537815,207.5439453125,196.84478759765625,17.479827880859347,16.981414794921818
0.6974789915966386,0.008403361344537815,207.51058959960938,196.83807373046875,17.516357421875057,16.96203613281253
0.7058823529411765,0.008403361344537815,207.58614349365234,196.8748016357422,17.602310180664034,17.003814697265653
0.7142857142857143,0.008403361344537815,207.55176544189453,196.84649658203125,17.502731323242188,16.96697998046872
0.7226890756302521,0.008403361344537815,207.53681945800784,196.83816528320312,17.493316650390625,16.986938476562557
0.7310924369747899,0.008403361344537815,207.5379409790039,196.8485336303711,17.52729797363284,16.969833374023438
0.7394957983193278,0.008403361344537815,207.6709747314453,196.87718963623047,17.608032226562443,16.94429016113284
0.7478991596638656,0.008403361344537815,207.62582397460938,196.85755157470703,17.676483154296903,16.930435180664006
0.7563025210084033,0.008403361344537815,207.5982437133789,196.8902359008789,17.57719421386713,16.963790893554688
0.7647058823529411,0.008403361344537815,207.6060333251953,196.86957550048828,17.614074707031307,16.987472534179716
0.773109243697479,0.008403361344537815,207.56463623046875,196.86570739746094,17.571075439453153,16.99133300781247
0.7815126050420168,0.008403361344537815,207.58676147460938,196.86089324951172,17.591461181640625,16.97932434082034
0.7899159663865546,0.008403361344537815,207.5444564819336,196.8222427368164,17.476699829101562,17.00517272949216
0.7983193277310925,0.008403361344537815,207.54424285888672,196.83724212646484,17.488876342773438,16.994827270507812
0.8067226890756303,0.008403361344537815,207.54279327392575,196.8460464477539,17.502304077148438,16.986648559570284
0.8151260504201681,0.008403361344537815,207.6012191772461,196.8682861328125,17.608322143554716,17.036834716796875
0.8235294117647058,0.008403361344537815,207.5972442626953,196.8605499267578,17.6016845703125,17.021057128906193
0.8319327731092437,0.008403361344537815,207.6017608642578,196.9206314086914,17.591156005859347,17.017135620117188
0.8403361344537815,0.008403361344537815,207.6017837524414,196.87142181396484,17.58314514160159,16.976181030273438
0.8487394957983193,0.008403361344537815,207.5874786376953,196.9007339477539,17.575897216796875,17.042770385742216
0.8571428571428571,0.008403361344537815,207.60820770263672,196.8590850830078,17.57844543457034,17.005035400390597
0.865546218487395,0.008403361344537815,207.64488983154297,196.89141845703125,17.578323364257784,16.95959472656253
0.8739495798319328,0.008403361344537815,207.64568328857422,196.92942810058594,17.597244262695284,16.97271728515628
0.8823529411764706,0.008403361344537815,207.58698272705078,196.86569213867188,17.57734680175787,17.001312255859403
0.8907563025210085,0.008403361344537815,207.59078216552734,196.88026428222656,17.616409301757784,16.99664306640628
0.8991596638655462,0.008403361344537815,207.5681915283203,196.87660217285156,17.549560546874943,17.03857421875
0.907563025210084,0.008403361344537815,207.61910247802734,196.89435577392578,17.594436645507812,17.002212524414062
0.9159663865546218,0.008403361344537815,207.61656188964844,196.83386993408203,17.55529785156253,17.001449584960966
0.9243697478991597,0.008403361344537815,207.5785903930664,196.8673095703125,17.579696655273438,16.97143554687503
0.9327731092436975,0.008403361344537815,207.58771514892578,196.8807601928711,17.614669799804688,16.977828979492188
0.9411764705882353,0.008403361344537815,207.57262420654297,196.8491973876953,17.499771118164034,17.027801513671875
0.9495798319327731,0.008403361344537815,207.63658142089844,196.9049530029297,17.55712890625003,17.025787353515597
0.957983193277311,0.008403361344537815,207.63458251953125,196.912353515625,17.56622314453128,16.96087646484375
0.9663865546218487,0.008403361344537815,207.63092803955078,196.8815155029297,17.563644409179716,16.96179199218753
0.9747899159663865,0.008403361344537815,207.62731170654297,196.92076110839844,17.549636840820284,17.021636962890597
0.9831932773109243,0.008403361344537815,207.64109802246094,196.93373107910156,17.559967041015625,17.033355712890568
0.9915966386554622,0.008403361344537815,207.6434783935547,196.90667724609375,17.609893798828153,17.00531005859372
1.0,0.008403361344537815,207.67877960205078,196.92316436767578,17.576980590820312,17.08525085449216
1.0084033613445378,0.008403361344537815,207.67156982421875,196.91077423095703,17.601531982421903,17.003616333007727
1.0168067226890756,0.008403361344537815,207.61173248291016,196.90361785888672,17.56428527832034,16.967056274414062
1.0252100840336134,0.008403361344537815,207.593505859375,196.9544219970703,17.59899902343747,17.07489013671875
1.0336134453781514,0.008403361344537815,207.6443099975586,196.91278076171872,17.566329956054716,17.021240234375057
1.050420168067227,0.008403361344537815,207.61424255371094,196.91768646240234,17.60717773437497,17.05244445800784
1.0672268907563025,0.008403361344537815,207.6104278564453,196.9414520263672,17.59890747070321,17.03381347656247
1.0756302521008403,0.008403361344537815,207.61065673828125,196.93548583984375,17.595794677734347,17.05999755859375
1.084033613445378,0.008403361344537815,207.64373016357422,196.8985595703125,17.55641174316409,17.094512939453097
1.0924369747899159,0.008403361344537815,207.61239624023438,196.90719604492188,17.59521484374997,16.997344970703097
1.1008403361344539,0.008403361344537815,207.67091369628906,196.91970825195315,17.574554443359403,17.036071777343693
1.1092436974789917,0.008403361344537815,207.64295196533203,196.94559478759766,17.58827209472659,17.01115417480466
1.1176470588235294,0.008403361344537815,207.61354064941406,196.90282440185547,17.544158935546903,17.033462524414034
1.1260504201680672,0.008403361344537815,207.62799835205078,196.90703582763672,17.504684448242216,17.104782104492244
1.134453781512605,0.008403361344537815,207.68787384033203,196.9142837524414,17.592544555664034,16.99085998535159
1.1512605042016806,0.008403361344537815,207.64289093017578,196.90750122070312,17.590896606445312,17.002685546875
1.1596638655462186,0.008403361344537815,207.63253021240234,196.8891372680664,17.57621765136716,16.961135864257784
1.184873949579832,0.008403361344537815,207.6671905517578,196.92584228515625,17.587249755859375,16.973297119140682
1.2016806722689075,0.008403361344537815,207.61602020263675,196.9169692993164,17.626266479492188,17.039993286132756
1.2100840336134453,0.008403361344537815,207.62596893310547,196.9196319580078,17.61164855957034,17.029632568359375
1.2352941176470589,0.008403361344537815,207.61888122558594,196.92656707763672,17.626556396484375,17.05400085449216
1.2436974789915967,0.008403361344537815,207.63783264160156,196.8769073486328,17.596893310546875,17.01202392578128
1.2521008403361344,0.008403361344537815,207.65052795410156,196.87318420410156,17.613616943359375,16.996826171875
1.2605042016806722,0.008403361344537815,207.6133117675781,196.84862518310547,17.54437255859375,17.030502319335994
1.26890756302521,0.008403361344537815,207.68099212646484,196.8993682861328,17.640640258789006,16.999481201171903
1.2773109243697478,0.008403361344537815,207.65203857421875,196.86016082763672,17.639068603515653,17.000259399414006
1.2857142857142858,0.008403361344537815,207.6890869140625,196.89507293701172,17.616516113281193,17.004623413085938
1.2941176470588236,0.008403361344537815,207.6423110961914,196.82683563232422,17.585067749023438,17.00999450683591
1.3025210084033614,0.008403361344537815,207.6761932373047,196.87003326416016,17.623168945312585,17.069229125976534
1.3109243697478992,0.008403361344537815,207.63780212402344,196.88709259033203,17.60211181640628,17.06489562988284
1.319327731092437,0.008403361344537815,207.6829605102539,196.90792846679688,17.604019165039006,17.012268066406335
1.3277310924369747,0.008403361344537815,207.7565460205078,196.88729858398438,17.62139892578125,16.95062255859372
1.3361344537815125,0.008403361344537815,207.66065216064453,196.87330627441406,17.593734741210938,17.081939697265597
1.3445378151260505,0.008403361344537815,207.6820297241211,196.8992919921875,17.62031555175784,16.983673095703097
1.3529411764705883,0.008403361344537815,207.7063751220703,196.90801239013672,17.63983154296875,17.011581420898438
1.361344537815126,0.008403361344537815,207.7091369628906,196.91678619384766,17.64837646484375,16.98011779785162
1.3697478991596639,0.008403361344537815,207.68226623535156,196.8726043701172,17.636993408203068,16.93585205078122
1.3781512605042017,0.008403361344537815,207.7053451538086,196.8642807006836,17.598129272460938,16.946670532226562
1.3865546218487395,0.008403361344537815,207.6865768432617,196.8906707763672,17.609207153320312,16.96405029296872
1.3949579831932772,0.008403361344537815,207.70033264160156,196.86148834228516,17.550537109375,17.037368774414062
1.403361344537815,0.008403361344537815,207.63321685791018,196.87592315673828,17.679824829101562,16.98579406738284
1.411764705882353,0.008403361344537815,207.6347198486328,196.86012268066406,17.63507080078125,16.964813232421903
1.4201680672268908,0.008403361344537815,207.67138671875,196.83833312988278,17.644622802734347,16.91546630859375
1.4285714285714286,0.008403361344537815,207.67832946777344,196.8485565185547,17.630340576171932,16.90472412109378
1.4369747899159664,0.008403361344537815,207.64615631103516,196.8619155883789,17.597702026367188,17.005111694335994
1.4453781512605042,0.008403361344537815,207.65398406982422,196.86441802978516,17.63484191894534,17.02354431152338
1.453781512605042,0.008403361344537815,207.6919403076172,196.84307861328128,17.65954589843753,16.896209716796818
1.4621848739495797,0.008403361344537815,207.68641662597656,196.89968872070312,17.621673583984403,16.972747802734347
1.4705882352941178,0.008403361344537815,207.68964385986328,196.90352630615234,17.579391479492188,16.93257141113284
1.4789915966386555,0.008403361344537815,207.77061462402344,196.83724212646484,17.620513916015653,16.984115600585938
1.4873949579831933,0.008403361344537815,207.732177734375,196.8670425415039,17.63897705078128,16.95927429199216
1.495798319327731,0.008403361344537815,207.6885528564453,196.9020538330078,17.611907958984375,16.989593505859375
1.504201680672269,0.008403361344537815,207.6866683959961,196.85079956054688,17.68644714355466,16.9163818359375
1.5126050420168067,0.008403361344537815,207.60572052001953,196.91030883789062,17.592483520507812,17.07257080078128
1.5210084033613445,0.008403361344537815,207.60426330566406,196.91769409179688,17.641326904296818,17.050994873046903
1.5294117647058822,0.008403361344537815,207.64128875732425,196.88040924072266,17.571273803710938,17.020431518554688
1.5378151260504203,0.008403361344537815,207.6636199951172,196.91049194335938,17.621002197265625,17.00506591796878
1.546218487394958,0.008403361344537815,207.66688537597656,196.8842010498047,17.608856201171847,16.959442138671903
1.5546218487394958,0.008403361344537815,207.63419342041016,196.89737701416016,17.635360717773466,17.036788940429716
1.5630252100840336,0.008403361344537815,207.66497039794922,196.8837661743164,17.628250122070312,17.013900756835938
1.5714285714285714,0.008403361344537815,207.6156997680664,196.87769317626953,17.573043823242216,16.99665832519537
1.5798319327731092,0.008403361344537815,207.66141510009766,196.8481674194336,17.695510864257784,16.99363708496091
1.588235294117647,0.008403361344537815,207.6242446899414,196.886474609375,17.616409301757812,17.05389404296875
1.596638655462185,0.008403361344537815,207.67867279052734,196.85454559326172,17.613754272460938,16.967758178710938
1.6050420168067228,0.008403361344537815,207.6801528930664,196.8851547241211,17.599227905273494,17.003799438476562
1.6134453781512605,0.008403361344537815,207.64601135253906,196.91280364990234,17.666778564453182,16.981765747070312
1.6218487394957983,0.008403361344537815,207.69056701660156,196.8581771850586,17.629302978515653,16.92393493652341
1.6302521008403361,0.008403361344537815,207.67986297607422,196.92059326171875,17.609542846679716,16.9638671875
1.638655462184874,0.008403361344537815,207.67632293701172,196.88199615478516,17.595596313476648,17.00071716308591
1.6470588235294117,0.008403361344537815,207.64892578125,196.8837432861328,17.70239257812497,16.97341918945321
1.6554621848739495,0.008403361344537815,207.74150848388672,196.90845489501953,17.64939880371091,16.979019165039034
1.6638655462184875,0.008403361344537815,207.6749725341797,196.89641571044922,17.665557861328182,16.969100952148494
1.6722689075630253,0.008403361344537815,207.69361114501953,196.90509033203125,17.655471801757756,16.944488525390682
1.680672268907563,0.008403361344537815,207.7457504272461,196.86992645263672,17.72938537597659,16.868637084960966
1.6890756302521008,0.008403361344537815,207.71002960205078,196.8780288696289,17.738021850585938,16.96690368652341
1.6974789915966386,0.008403361344537815,207.72557067871094,196.89470672607422,17.697021484375,16.87339782714841
1.7058823529411764,0.008403361344537815,207.7173080444336,196.86402893066406,17.739151000976562,16.87405395507804
1.7142857142857142,0.008403361344537815,207.74791717529297,196.8745880126953,17.624221801757812,17.02185058593753
1.7226890756302522,0.008403361344537815,207.68155670166016,196.8564453125,17.625717163085938,16.960601806640625
1.73109243697479,0.008403361344537815,207.76667022705078,196.85003662109375,17.688522338867216,16.89605712890622
1.7394957983193278,0.008403361344537815,207.73280334472656,196.90062713623044,17.692230224609403,16.947525024414062
1.7478991596638656,0.008403361344537815,207.73291778564453,196.8663787841797,17.70494079589841,16.819763183593807
1.7563025210084033,0.008403361344537815,207.75416564941406,196.90718841552734,17.59625244140625,16.94828796386716
1.7647058823529411,0.008403361344537815,207.7249755859375,196.86407470703125,17.644561767578153,16.91436767578125
1.773109243697479,0.008403361344537815,207.72559356689453,196.82169342041016,17.715225219726562,16.884506225585938
1.781512605042017,0.008403361344537815,207.66654205322266,196.90522003173828,17.620834350585966,17.013259887695256
1.7899159663865547,0.008403361344537815,207.67916870117188,196.8753204345703,17.579254150390625,16.96710205078125
1.7983193277310925,0.008403361344537815,207.7428207397461,196.9114990234375,17.656784057617216,17.000518798828182
1.8067226890756303,0.008403361344537815,207.68587493896484,196.91937255859375,17.684249877929716,16.966766357421847
1.815126050420168,0.008403361344537815,207.72037506103516,196.92601013183594,17.659774780273494,17.017364501953125
1.8235294117647058,0.008403361344537815,207.72373962402344,196.8941879272461,17.642852783203153,16.985885620117244
1.8319327731092436,0.008403361344537815,207.71831512451172,196.8964080810547,17.674118041992216,16.932312011718693
1.8403361344537814,0.008403361344537815,207.67267608642578,196.91909790039062,17.71272277832034,16.950592041015625
1.8487394957983194,0.008403361344537815,207.68506622314453,196.8503875732422,17.671463012695312,16.90118408203125
1.8571428571428572,0.008403361344537815,207.73803710937503,196.87256622314453,17.67633056640625,16.93553161621088
1.865546218487395,0.008403361344537815,207.75048065185547,196.93951416015625,17.598403930663977,16.999847412109375
1.8739495798319328,0.008403361344537815,207.6688461303711,196.88964080810547,17.630752563476534,16.968582153320312
1.8823529411764706,0.008403361344537815,207.6601104736328,196.84635162353516,17.60247802734378,16.935043334960938
1.8907563025210083,0.008403361344537815,207.70948791503906,196.90101623535156,17.640533447265597,16.964080810546903
1.8991596638655461,0.008403361344537815,207.6930694580078,196.9228744506836,17.61206054687497,17.000198364257812
1.9075630252100841,0.008403361344537815,207.6489715576172,196.89669799804688,17.5828857421875,17.077697753906307
1.915966386554622,0.008403361344537815,207.65615844726562,196.92327880859375,17.680206298828125,16.97753906249997
1.9243697478991597,0.008403361344537815,207.7153091430664,196.8794937133789,17.65141296386713,16.942916870117216
1.9327731092436975,0.008403361344537815,207.73119354248047,196.9118194580078,17.653701782226562,16.958587646484347
1.9411764705882353,0.008403361344537815,207.68775177001953,196.91204071044922,17.639175415039034,16.97575378417966
1.949579831932773,0.008403361344537815,207.70059204101562,196.89747619628906,17.624664306640653,16.959564208984403
1.9579831932773109,0.008403361344537815,207.70736694335938,196.9228744506836,17.609771728515653,16.988388061523466
1.9663865546218486,0.008403361344537815,207.69818878173828,196.8931884765625,17.579666137695312,16.977935791015625
1.9747899159663866,0.008403361344537815,207.66472625732422,196.88944244384766,17.687179565429688,16.999923706054602
1.9831932773109244,0.008403361344537815,207.73788452148438,196.9058837890625,17.626434326171875,17.004302978515597
1.9915966386554622,0.008403361344537815,207.694091796875,196.8984832763672,17.609069824218807,17.008392333984347
2.0,0.008403361344537815,207.6795425415039,196.8773422241211,17.678848266601534,17.048171997070312
2.008403361344538,0.008403361344537815,207.64361572265625,196.8770523071289,17.571441650390597,17.061630249023466
2.0168067226890756,0.008403361344537815,207.70088958740234,196.87501525878906,17.657211303710994,17.06097412109378
2.0252100840336134,0.008403361344537815,207.7147216796875,196.8458251953125,17.6158447265625,17.015960693359375
2.033613445378151,0.008403361344537815,207.66553497314453,196.87774658203125,17.642807006835966,17.05096435546878
2.042016806722689,0.008403361344537815,207.66069793701172,196.86336517333984,17.615066528320284,17.037307739257784
2.0504201680672267,0.008403361344537815,207.66834259033203,196.84796142578125,17.602706909179744,17.027618408203153
2.0588235294117645,0.008403361344537815,207.6960372924805,196.88800811767578,17.614883422851506,17.070541381835938
2.0672268907563027,0.008403361344537815,207.66993713378903,196.89539337158203,17.6221923828125,17.052993774414006
2.0756302521008405,0.008403361344537815,207.72976684570312,196.8833770751953,17.68005371093753,17.0447998046875
2.0840336134453783,0.008403361344537815,207.72130584716797,196.9193572998047,17.66203308105466,16.97772216796875
2.092436974789916,0.008403361344537815,207.7032318115234,196.87775421142578,17.647735595703068,17.111190795898466
2.100840336134454,0.008403361344537815,207.7275390625,196.86470794677732,17.72625732421875,16.89778137207037
2.1092436974789917,0.008403361344537815,207.7205581665039,196.89686584472656,17.682327270507784,16.998443603515625
2.1176470588235294,0.008403361344537815,207.6791229248047,196.8779067993164,17.666351318359432,17.023574829101562
2.1260504201680672,0.008403361344537815,207.67670440673828,196.9338836669922,17.569900512695312,17.035552978515625
2.134453781512605,0.008403361344537815,207.65032196044922,196.8885726928711,17.554855346679744,17.075057983398466
2.142857142857143,0.008403361344537815,207.67025756835938,196.89278411865234,17.61145019531247,17.009017944335938
2.1512605042016806,0.008403361344537815,207.6551513671875,196.90775299072266,17.538696289062415,17.081283569336023
2.1596638655462184,0.008403361344537815,207.71798706054688,196.95013427734375,17.594757080078153,17.05499267578128
2.168067226890756,0.008403361344537815,207.7132339477539,196.89059448242188,17.629562377929716,17.07281494140622
2.176470588235294,0.008403361344537815,207.70974731445312,196.88709259033203,17.629119873046875,17.08836364746091
2.1848739495798317,0.008403361344537815,207.71497344970703,196.8867950439453,17.62849426269534,17.06030273437497
2.19327731092437,0.008403361344537815,207.74623107910156,196.8884506225586,17.56457519531247,17.069595336914034
2.2016806722689077,0.008403361344537815,207.7080154418945,196.87576293945312,17.564865112304688,17.084930419921875
2.2100840336134455,0.008403361344537815,207.72875213623047,196.87619018554688,17.647201538085938,17.046295166015597
2.2184873949579833,0.008403361344537815,207.71507263183594,196.88250732421875,17.636566162109347,17.072296142578068
2.226890756302521,0.008403361344537815,207.67849731445312,196.89309692382812,17.542205810546932,17.054931640624943
2.235294117647059,0.008403361344537815,207.74718475341797,196.86773681640625,17.552932739257812,17.13092041015625
2.2436974789915967,0.008403361344537815,207.7241668701172,196.88216400146484,17.593414306640625,17.040664672851506
2.2521008403361344,0.008403361344537815,207.7137908935547,196.88394927978516,17.52215576171875,17.01383972167966
2.2605042016806722,0.008403361344537815,207.61239624023438,196.8622970581055,17.62017822265622,17.018081665039062
2.26890756302521,0.008403361344537815,207.7765579223633,196.8925323486328,17.618423461914062,17.001617431640625
2.277310924369748,0.008403361344537815,207.72824096679688,196.86678314208984,17.550994873046903,17.112869262695284
2.2857142857142856,0.008403361344537815,207.7824478149414,196.89241790771484,17.565231323242188,17.006057739257784
2.2941176470588234,0.008403361344537815,207.7479476928711,196.87360382080078,17.637313842773466,16.957138061523352
2.302521008403361,0.008403361344537815,207.70040130615234,196.89486694335938,17.600173950195312,17.056793212890653
2.310924369747899,0.008403361344537815,207.71282196044922,196.87925720214844,17.67817687988284,17.050018310546847
2.319327731092437,0.008403361344537815,207.67227172851562,196.89551544189453,17.66192626953125,17.01292419433591
2.327731092436975,0.008403361344537815,207.69004821777344,196.8729705810547,17.62866210937497,16.956573486328153
2.3361344537815127,0.008403361344537815,207.7080535888672,196.8806610107422,17.620147705078125,17.02587890625
2.3445378151260505,0.008403361344537815,207.72760772705078,196.84529876708984,17.667465209960966,16.948501586914062
2.3529411764705883,0.008403361344537815,207.7144546508789,196.81246185302734,17.623306274414034,16.928604125976506
2.361344537815126,0.008403361344537815,207.69024658203125,196.82178497314453,17.650299072265653,16.92738342285159
2.369747899159664,0.008403361344537815,207.7696990966797,196.86599731445312,17.673919677734347,16.890289306640597
2.3781512605042017,0.008403361344537815,207.7460708618164,196.85983276367188,17.659774780273523,16.90972900390622
2.3865546218487395,0.008403361344537815,207.74765014648438,196.85565185546875,17.600555419921818,17.01690673828125
2.3949579831932772,0.008403361344537815,207.77154541015625,196.84044647216797,17.68365478515625,16.893081665039062
2.403361344537815,0.008403361344537815,207.76403045654297,196.85660552978516,17.681350708007812,16.877365112304716
2.411764705882353,0.008403361344537815,207.7548370361328,196.85517120361328,17.675506591796847,17.008926391601506
2.4201680672268906,0.008403361344537815,207.71038818359372,196.87055969238284,17.691192626953125,16.990234375
2.4285714285714284,0.008403361344537815,207.6863555908203,196.81656646728516,17.68670654296878,16.943649291992188
2.436974789915966,0.008403361344537815,207.80284881591797,196.88268280029297,17.647171020507812,17.062271118164062
2.4453781512605044,0.008403361344537815,207.74314880371094,196.871826171875,17.688201904296875,16.9678955078125
2.453781512605042,0.008403361344537815,207.75091552734375,196.85340881347656,17.68859863281247,16.906402587890625
2.46218487394958,0.008403361344537815,207.7342300415039,196.81431579589844,17.63386535644534,16.940093994140682
2.4705882352941178,0.008403361344537815,207.74964904785156,196.90081787109375,17.609008789062557,17.118255615234318
2.4789915966386555,0.008403361344537815,207.7211151123047,196.86888885498047,17.666656494140653,16.955917358398466
2.4873949579831933,0.008403361344537815,207.72513580322266,196.84740447998047,17.653701782226534,16.93733215332034
2.504201680672269,0.008403361344537815,207.77362823486328,196.85218048095706,17.68608093261716,16.91624450683588
2.5126050420168067,0.008403361344537815,207.72015380859375,196.85311889648438,17.57574462890622,17.033172607421818
2.5210084033613445,0.008403361344537815,207.73194122314453,196.8608169555664,17.653793334960966,16.923233032226562
2.5294117647058822,0.008403361344537815,207.7841644287109,196.87712860107422,17.6666259765625,17.027328491210966
2.53781512605042,0.008403361344537815,207.76609802246094,196.8757781982422,17.60321044921878,17.035980224609375
2.546218487394958,0.008403361344537815,207.7635498046875,196.89253997802734,17.662994384765625,16.857803344726562
2.5546218487394956,0.008403361344537815,207.7367706298828,196.87825775146484,17.699432373046932,17.03285217285162
2.563025210084034,0.008403361344537815,207.78498077392578,196.8613510131836,17.717208862304688,16.88142395019534
2.5714285714285716,0.008403361344537815,207.7680206298828,196.8817596435547,17.64978027343747,16.959625244140653
2.5798319327731094,0.008403361344537815,207.726318359375,196.87525177001953,17.673919677734432,17.020584106445312
2.588235294117647,0.008403361344537815,207.75970458984375,196.86542510986328,17.668182373046818,16.95625305175784
2.596638655462185,0.008403361344537815,207.77178192138672,196.8556900024414,17.663253784179773,16.93632507324216
2.6050420168067228,0.008403361344537815,207.75415802001953,196.8944854736328,17.586624145507812,17.104949951171847
2.6134453781512605,0.008403361344537815,207.74717712402344,196.90823364257812,17.652069091796847,16.91162109375
2.6218487394957983,0.008403361344537815,207.76278686523438,196.86842346191406,17.613128662109318,16.967376708984403
2.630252100840336,0.008403361344537815,207.73927307128906,196.8876190185547,17.666351318359375,16.989898681640625
2.638655462184874,0.008403361344537815,207.73004150390625,196.86530303955078,17.614990234375057,17.047805786132784
2.6470588235294117,0.008403361344537815,207.73908233642578,196.8653106689453,17.673171997070284,16.945465087890653
2.6554621848739495,0.008403361344537815,207.7493896484375,196.8705291748047,17.693389892578125,16.973510742187443
2.6638655462184873,0.008403361344537815,207.73729705810547,196.86129760742188,17.672378540039006,16.96649169921878
2.672268907563025,0.008403361344537815,207.72196197509766,196.86326599121094,17.675857543945284,16.923919677734403
2.680672268907563,0.008403361344537815,207.76142120361328,196.86495208740234,17.655441284179688,16.889114379882812
2.689075630252101,0.008403361344537815,207.71347045898438,196.83643341064453,17.63409423828122,17.083419799804688
2.697478991596639,0.008403361344537815,207.74147033691406,196.82413482666016,17.64483642578122,16.952926635742188
2.7058823529411766,0.008403361344537815,207.72513580322266,196.8429718017578,17.659866333007812,17.08758544921872
2.7142857142857144,0.008403361344537815,207.73878479003906,196.8256072998047,17.67059326171872,16.95800781249997
2.722689075630252,0.008403361344537815,207.74295043945312,196.85046386718753,17.69216918945321,16.916748046874943
2.73109243697479,0.008403361344537815,207.7133102416992,196.85433197021484,17.642318725585938,17.074356079101534
2.7394957983193278,0.008403361344537815,207.7688446044922,196.82569885253906,17.71630859375003,17.042022705078182
2.7478991596638656,0.008403361344537815,207.7386932373047,196.8746566772461,17.665557861328153,16.881881713867188
2.7563025210084033,0.008403361344537815,207.72750854492188,196.89275360107422,17.651733398437557,16.994766235351534
2.764705882352941,0.008403361344537815,207.74616241455078,196.92670440673828,17.658859252929688,17.02659606933591
2.773109243697479,0.008403361344537815,207.6999740600586,196.88538360595703,17.712203979492188,16.980545043945398
2.7815126050420167,0.008403361344537815,207.74958038330078,196.86473846435547,17.58204650878909,17.06617736816409
2.7899159663865545,0.008403361344537815,207.71127319335938,196.8810043334961,17.704132080078182,16.99162292480466
2.7983193277310923,0.008403361344537815,207.6855926513672,196.91031646728516,17.67932128906247,16.933578491210938
2.80672268907563,0.008403361344537815,207.73289489746094,196.8895721435547,17.693511962890625,16.937530517578182
2.8151260504201683,0.008403361344537815,207.72235107421875,196.87460327148438,17.64556884765628,16.97058105468747
2.823529411764706,0.008403361344537815,207.71005249023438,196.88998413085938,17.663726806640568,16.9462890625
2.831932773109244,0.008403361344537815,207.7373275756836,196.83045959472656,17.66096496582034,16.95935058593747
2.8403361344537816,0.008403361344537815,207.74752044677734,196.88175201416016,17.670822143554716,16.916549682617216
2.8487394957983194,0.008403361344537815,207.7366714477539,196.90708160400388,17.651107788085966,17.014236450195312
2.857142857142857,0.008403361344537815,207.72454071044925,196.96650695800778,17.633010864257812,17.004852294921932
2.865546218487395,0.008403361344537815,207.7416763305664,196.90589904785156,17.628219604492188,16.975860595703182
2.8739495798319328,0.008403361344537815,207.72617340087888,196.87616729736328,17.689529418945312,16.950363159179688
2.8823529411764706,0.008403361344537815,207.75373077392578,196.8774871826172,17.66502380371091,17.04724121093747
2.8907563025210083,0.008403361344537815,207.72429656982422,196.89112091064453,17.632186889648494,17.02305603027341
2.899159663865546,0.008403361344537815,207.74077606201172,196.92989349365234,17.656021118164034,17.016494750976562
2.907563025210084,0.008403361344537815,207.72400665283203,196.85039520263672,17.69163513183591,16.945663452148438
2.9159663865546217,0.008403361344537815,207.72879791259766,196.8693084716797,17.66285705566409,17.050323486328097
2.9243697478991595,0.008403361344537815,207.74932861328125,196.8779754638672,17.64605712890622,16.94122314453125
2.9327731092436973,0.008403361344537815,207.74588775634766,196.94326019287112,17.634475708007784,16.98905944824213
2.9411764705882355,0.008403361344537815,207.74289703369138,196.9166259765625,17.684829711914062,17.043853759765653
2.9495798319327733,0.008403361344537815,207.78842163085938,196.8438491821289,17.62078857421878,17.000869750976534
2.957983193277311,0.008403361344537815,207.72625732421875,196.88451385498047,17.67620849609375,16.96040344238284
2.966386554621849,0.008403361344537815,207.73969268798828,196.86026000976562,17.667221069335938,16.905914306640597
2.9747899159663866,0.008403361344537815,207.73324584960938,196.86864471435547,17.630554199218665,17.04096984863284
2.9831932773109244,0.008403361344537815,207.72106170654297,196.8476791381836,17.686447143554688,16.940292358398466
2.991596638655462,0.008403361344537815,207.77536010742188,196.8167495727539,17.691131591796875,17.062637329101562
3.0,0.008403361344537815,207.7446060180664,196.8695526123047,17.709609985351534,16.844512939453097
3.008403361344538,0.008403361344537815,207.7494888305664,196.8923797607422,17.565994262695312,16.960174560546875
3.0168067226890756,0.008403361344537815,207.71343994140628,196.89796447753906,17.605743408203068,16.974090576171847
3.0252100840336134,0.008403361344537815,207.75547790527344,196.89620971679688,17.60351562500003,16.939056396484375
3.033613445378151,0.008403361344537815,207.70777893066406,196.90741729736328,17.60614013671872,16.96052551269534
3.042016806722689,0.008403361344537815,207.78630828857422,196.85688018798828,17.652236938476477,17.039657592773466
3.0504201680672267,0.008403361344537815,207.7415771484375,196.85723114013672,17.639434814453153,17.05265808105466
3.0588235294117645,0.008403361344537815,207.73393249511722,196.85366821289062,17.489868164062443,17.031646728515682
3.0672268907563027,0.008403361344537815,207.74069213867185,196.9037094116211,17.593658447265625,16.98460388183591
3.0756302521008405,0.008403361344537815,207.74752044677734,196.8911590576172,17.622177124023438,17.00323486328128
3.0840336134453783,0.008403361344537815,207.73489379882812,196.91019439697266,17.608612060546847,16.955734252929716
3.092436974789916,0.008403361344537815,207.69452667236328,196.8925323486328,17.569259643554716,17.02178955078125
3.100840336134454,0.008403361344537815,207.73360443115234,196.8519744873047,17.702865600585966,16.880157470703153
3.1092436974789917,0.008403361344537815,207.74162292480472,196.9024658203125,17.5997314453125,16.972747802734347
3.1176470588235294,0.008403361344537815,207.77464294433594,196.92426300048828,17.61614990234375,17.00578308105463
3.1260504201680672,0.008403361344537815,207.72595977783203,196.94384765625003,17.66014099121091,16.980468749999943
3.134453781512605,0.008403361344537815,207.73252868652347,196.93497467041016,17.558990478515625,17.051101684570312
3.142857142857143,0.008403361344537815,207.73265838623047,196.86705780029297,17.67311096191409,16.886093139648466
3.1512605042016806,0.008403361344537815,207.7306671142578,196.9318618774414,17.671722412109347,16.921554565429688
3.1596638655462184,0.008403361344537815,207.74729919433594,196.89240264892578,17.657989501953097,16.978256225585938
3.168067226890756,0.008403361344537815,207.7377700805664,196.92536163330078,17.635086059570312,16.99943542480463
3.176470588235294,0.008403361344537815,207.73301696777344,196.87578582763672,17.631011962890568,16.922286987304716
3.1848739495798317,0.008403361344537815,207.6795196533203,196.89269256591797,17.67791748046872,16.968856811523438
3.19327731092437,0.008403361344537815,207.69458007812503,196.90027618408203,17.69195556640625,16.967208862304688
3.2016806722689077,0.008403361344537815,207.75626373291016,196.87096405029297,17.608932495117188,16.970291137695284
3.2100840336134455,0.008403361344537815,207.71090698242188,196.92543029785156,17.55908203125,17.052947998046847
3.2184873949579833,0.008403361344537815,207.70464324951172,196.91491699218747,17.644607543945312,16.946929931640625
3.226890756302521,0.008403361344537815,207.7091293334961,196.87398529052734,17.59523010253912,16.99342346191412
3.235294117647059,0.008403361344537815,207.75054931640625,196.88713073730466,17.57586669921878,16.982513427734432
3.2436974789915967,0.008403361344537815,207.71691131591797,196.9333953857422,17.629776000976562,17.019073486328097
3.2521008403361344,0.008403361344537815,207.68822479248047,196.90868377685547,17.693649291992216,16.947830200195312
3.2605042016806722,0.008403361344537815,207.73873138427734,196.91478729248047,17.58799743652338,17.00144958496091
3.26890756302521,0.008403361344537815,207.7061538696289,196.85736846923828,17.63880920410159,16.914962768554688
3.277310924369748,0.008403361344537815,207.71823120117188,196.9521713256836,17.60183715820321,17.044631958007784
3.2857142857142856,0.008403361344537815,207.7532501220703,196.87548828125,17.57568359374997,17.052825927734375
3.2941176470588234,0.008403361344537815,207.73957061767578,196.8598861694336,17.59925842285159,17.028274536132727
3.302521008403361,0.008403361344537815,207.6732635498047,196.89051055908203,17.638427734374943,16.965408325195312
3.310924369747899,0.008403361344537815,207.7532196044922,196.88928985595703,17.57009887695304,16.990921020507812
3.319327731092437,0.008403361344537815,207.66158294677734,196.8940887451172,17.564254760742188,17.048553466796847
3.327731092436975,0.008403361344537815,207.74471282958984,196.84783935546875,17.573348999023466,17.070709228515625
3.3361344537815127,0.008403361344537815,207.72834014892578,196.85146331787112,17.67018127441412,16.90776062011713
3.3445378151260505,0.008403361344537815,207.73067474365234,196.87677001953125,17.659317016601562,16.938995361328182
3.3529411764705883,0.008403361344537815,207.7654571533203,196.81044006347656,17.622283935546818,16.90618896484372
3.361344537815126,0.008403361344537815,207.74815368652344,196.86795806884766,17.628479003906193,16.891677856445284
3.369747899159664,0.008403361344537815,207.81006622314453,196.91688537597656,17.655075073242188,16.98895263671875
3.3781512605042017,0.008403361344537815,207.7260894775391,196.89418029785156,17.6488037109375,16.99560546875003
3.3865546218487395,0.008403361344537815,207.75621032714844,196.86688232421875,17.657501220703125,16.94879150390622
3.3949579831932772,0.008403361344537815,207.73905181884766,196.8242950439453,17.615615844726562,16.911651611328125
3.403361344537815,0.008403361344537815,207.7900390625,196.8814010620117,17.710540771484375,16.87934875488287
3.411764705882353,0.008403361344537815,207.7944107055664,196.8360137939453,17.705642700195284,16.882659912109375
3.4201680672268906,0.008403361344537815,207.78781127929688,196.85340118408203,17.670623779296875,16.921737670898466
3.4285714285714284,0.008403361344537815,207.78721618652344,196.82872772216797,17.679138183593665,17.01509094238284
3.436974789915966,0.008403361344537815,207.81644439697266,196.87129974365234,17.685806274414034,16.912857055664062
3.4453781512605044,0.008403361344537815,207.78909301757812,196.87291717529297,17.676849365234375,16.925247192382784
3.453781512605042,0.008403361344537815,207.77252197265625,196.9024887084961,17.666778564453125,16.95088195800784
3.46218487394958,0.008403361344537815,207.76972961425778,196.87531280517578,17.630432128906307,17.135971069335938
3.4705882352941178,0.008403361344537815,207.79727172851562,196.89788818359375,17.733001708984347,17.020904541015568
3.4789915966386555,0.008403361344537815,207.80091094970703,196.87491607666016,17.626571655273466,16.898971557617216
3.4873949579831933,0.008403361344537815,207.76022338867188,196.86544036865234,17.638092041015597,16.993118286132812
3.495798319327731,0.008403361344537815,207.75542449951172,196.85906219482422,17.653488159179744,17.00706481933588
3.504201680672269,0.008403361344537815,207.78667449951175,196.88607788085938,17.611679077148438,17.077209472656193
3.5126050420168067,0.008403361344537815,207.76386260986328,196.88118743896484,17.591384887695312,17.009170532226534
3.5210084033613445,0.008403361344537815,207.7647933959961,196.88858795166013,17.652816772460966,16.940139770507812
3.5294117647058822,0.008403361344537815,207.7759780883789,196.89849853515625,17.642868041992216,17.11767578125
3.53781512605042,0.008403361344537815,207.77947998046875,196.8719940185547,17.599304199218693,17.121368408203153
3.546218487394958,0.008403361344537815,207.6934585571289,196.85587310791016,17.63807678222659,16.969497680664062
3.5546218487394956,0.008403361344537815,207.75804138183594,196.84882354736328,17.679412841796847,16.901168823242188
3.563025210084034,0.008403361344537815,207.77434539794922,196.83275604248047,17.651016235351648,17.022109985351562
3.5714285714285716,0.008403361344537815,207.73207092285156,196.8423309326172,17.68933105468753,16.97845458984378
3.5798319327731094,0.008403361344537815,207.7112045288086,196.8625030517578,17.64079284667966,16.94232177734372
3.588235294117647,0.008403361344537815,207.71070861816406,196.86996459960938,17.673278808593693,16.96002197265625
3.596638655462185,0.008403361344537815,207.6855010986328,196.83815002441403,17.59130859375,16.914093017578125
3.6050420168067228,0.008403361344537815,207.75519561767578,196.93233489990234,17.604019165039062,16.99589538574216
3.6134453781512605,0.008403361344537815,207.79076385498047,196.85633087158203,17.678176879882784,16.893692016601534
3.6218487394957983,0.008403361344537815,207.7596893310547,196.87096405029297,17.61053466796872,17.114883422851506
3.630252100840336,0.008403361344537815,207.776611328125,196.85881805419922,17.70098876953122,16.989883422851562
3.638655462184874,0.008403361344537815,207.75457763671875,196.84689331054688,17.69842529296875,17.02703857421878
3.6470588235294117,0.008403361344537815,207.70121002197266,196.84819793701172,17.668502807617216,16.941665649414062
3.6554621848739495,0.008403361344537815,207.71773529052734,196.85231018066406,17.659133911132784,17.06701660156253
3.6638655462184873,0.008403361344537815,207.75547790527344,196.81685638427734,17.64758300781247,16.943801879882784
3.672268907563025,0.008403361344537815,207.72540283203125,196.85145568847656,17.67999267578125,16.92388916015622
3.680672268907563,0.008403361344537815,207.746337890625,196.84033203125003,17.63726806640628,16.911437988281193
3.689075630252101,0.008403361344537815,207.79649353027344,196.80987548828125,17.675811767578153,16.99261474609375
3.697478991596639,0.008403361344537815,207.75887298583984,196.8891372680664,17.57777404785159,17.054092407226562
3.7058823529411766,0.008403361344537815,207.76840209960938,196.88478088378906,17.642303466796875,16.891693115234347
3.7142857142857144,0.008403361344537815,207.75894927978516,196.84391021728516,17.659500122070284,17.012680053711023
3.722689075630252,0.008403361344537815,207.7429428100586,196.8475494384766,17.693679809570284,16.917633056640625
3.73109243697479,0.008403361344537815,207.69245147705078,196.847412109375,17.639907836914006,17.04229736328128
3.7394957983193278,0.008403361344537815,207.7371597290039,196.8573455810547,17.685409545898494,17.014617919921932
3.7478991596638656,0.008403361344537815,207.74822235107422,196.90911865234375,17.596664428710938,16.962768554687585
3.7563025210084033,0.008403361344537815,207.7733612060547,196.84307098388672,17.626251220703125,16.908615112304688
3.764705882352941,0.008403361344537815,207.75523376464844,196.84455108642578,17.6767578125,16.89784240722662
3.773109243697479,0.008403361344537815,207.7786407470703,196.84213256835938,17.67657470703128,16.88281250000003
3.7815126050420167,0.008403361344537815,207.75078582763672,196.8707275390625,17.667831420898438,16.82659912109375
3.7899159663865545,0.008403361344537815,207.76712799072266,196.8278045654297,17.680465698242216,16.85302734374997
3.7983193277310923,0.008403361344537815,207.7659149169922,196.8625946044922,17.648101806640625,16.867492675781307
3.80672268907563,0.008403361344537815,207.77326202392578,196.8646469116211,17.64665222167966,16.882797241210938
3.8151260504201683,0.008403361344537815,207.7904281616211,196.81002807617188,17.670516967773494,16.93786621093753
3.823529411764706,0.008403361344537815,207.7426300048828,196.84783172607422,17.647460937499943,16.893905639648494
3.831932773109244,0.008403361344537815,207.7935562133789,196.87837982177734,17.670578002929716,16.877639770507812
3.8403361344537816,0.008403361344537815,207.71910095214844,196.87628173828125,17.634490966796903,17.0391845703125
3.8487394957983194,0.008403361344537815,207.76986694335938,196.85796356201172,17.67773437499997,16.86439514160159
3.857142857142857,0.008403361344537815,207.75267028808594,196.8794631958008,17.67828369140622,17.028640747070312
3.865546218487395,0.008403361344537815,207.74700164794922,196.89483642578125,17.62971496582034,16.960174560546903
3.8739495798319328,0.008403361344537815,207.7486114501953,196.8820571899414,17.64184570312503,16.95899963378912
3.8823529411764706,0.008403361344537815,207.7562484741211,196.84658813476562,17.682968139648466,16.880523681640625
3.8907563025210083,0.008403361344537815,207.75833129882812,196.90921020507812,17.622406005859347,16.92749023437503
3.899159663865546,0.008403361344537815,207.77752685546875,196.8382797241211,17.685577392578068,16.87733459472659
3.907563025210084,0.008403361344537815,207.79026794433594,196.88585662841797,17.65063476562497,16.950729370117188
3.9159663865546217,0.008403361344537815,207.74724578857422,196.8987045288086,17.615646362304688,16.978530883789062
3.9243697478991595,0.008403361344537815,207.77088928222656,196.91822052001953,17.638580322265597,16.950729370117216
3.9327731092436973,0.008403361344537815,207.74987030029297,196.89688873291016,17.59867858886713,17.042068481445312
3.9411764705882355,0.008403361344537815,207.78460693359375,196.84500885009766,17.723968505859375,16.83778381347662
3.9495798319327733,0.008403361344537815,207.7855224609375,196.8561248779297,17.64355468749997,16.954376220703153
3.957983193277311,0.008403361344537815,207.785888671875,196.95169067382812,17.63415527343747,17.023193359375
3.966386554621849,0.008403361344537815,207.73310852050778,196.89599609375,17.665557861328125,16.836029052734347
3.9747899159663866,0.008403361344537815,207.79218292236328,196.8908462524414,17.68650817871091,16.89814758300784
3.9831932773109244,0.008403361344537815,207.78592681884766,196.8837432861328,17.65782165527341,16.936737060546847
3.991596638655462,0.008403361344537815,207.78445434570312,196.8362045288086,17.657318115234375,17.035934448242273
4.0,0.008403361344537815,207.7327880859375,196.8723373413086,17.53509521484378,17.10523986816409
4.008403361344538,0.008403361344537815,207.77793884277344,196.8743133544922,17.67419433593747,16.913604736328153
4.016806722689076,0.008403361344537815,207.73822784423828,196.8639907836914,17.626480102539034,17.079483032226562
4.025210084033613,0.008403361344537815,207.7482147216797,196.86382293701172,17.630462646484375,17.081893920898352
4.033613445378151,0.008403361344537815,207.70225524902344,196.86278533935547,17.635711669921875,17.080734252929744
4.042016806722689,0.008403361344537815,207.76138305664062,196.87371826171875,17.629760742187443,16.942901611328125
4.050420168067227,0.008403361344537815,207.7551727294922,196.86129760742188,17.676696777343807,16.884918212890597
4.0588235294117645,0.008403361344537815,207.7012176513672,196.8975601196289,17.565032958984347,16.958480834960938
4.067226890756302,0.008403361344537815,207.73493194580078,196.86274719238284,17.564163208007784,17.023895263671875
4.07563025210084,0.008403361344537815,207.72638702392578,196.88008880615234,17.684402465820256,17.072525024414062
4.084033613445378,0.008403361344537815,207.677734375,196.85193634033206,17.61975097656253,16.97349548339838
4.092436974789916,0.008403361344537815,207.71807098388672,196.8646240234375,17.65705871582034,16.905975341796875
4.100840336134453,0.008403361344537815,207.76715850830078,196.87306213378906,17.62153625488284,16.95953369140628
4.109243697478991,0.008403361344537815,207.7401123046875,196.87230682373047,17.61895751953125,16.963821411132784
4.117647058823529,0.008403361344537815,207.75057220458984,196.88312530517578,17.608352661132784,16.93464660644537
4.126050420168068,0.008403361344537815,207.75458526611325,196.88452911376953,17.600784301757812,16.975479125976562
4.1344537815126055,0.008403361344537815,207.73080444335938,196.8962173461914,17.60235595703125,17.030502319335938
4.142857142857143,0.008403361344537815,207.6677017211914,196.8677978515625,17.58018493652341,16.97143554687497
4.151260504201681,0.008403361344537815,207.7371826171875,196.90618896484375,17.611541748046875,16.99468994140628
4.159663865546219,0.008403361344537815,207.73955535888672,196.8404769897461,17.56748962402341,17.026016235351534
4.168067226890757,0.008403361344537815,207.64318084716794,196.88655853271484,17.556930541992188,16.979049682617188
4.176470588235294,0.008403361344537815,207.65930175781253,196.8898162841797,17.53057861328125,16.985229492187415
4.184873949579832,0.008403361344537815,207.72573852539062,196.89257049560547,17.57086181640622,16.994369506835966
4.19327731092437,0.008403361344537815,207.7168426513672,196.887451171875,17.59625244140628,16.989837646484375
4.201680672268908,0.008403361344537815,207.7024688720703,196.92300415039062,17.611053466796875,16.989776611328153
4.2100840336134455,0.008403361344537815,207.69314575195312,196.87462615966797,17.585784912109347,16.96434020996088
4.218487394957983,0.008403361344537815,207.71325683593753,196.92801666259766,17.59173583984375,16.999740600585966
4.226890756302521,0.008403361344537815,207.69273376464844,196.92057037353516,17.564453124999915,17.01582336425784
4.235294117647059,0.008403361344537815,207.75995635986325,196.9038314819336,17.611770629882812,16.973617553710938
4.243697478991597,0.008403361344537815,207.6847381591797,196.89261627197266,17.589996337890597,16.990127563476506
4.2521008403361344,0.008403361344537815,207.70049285888672,196.89649963378906,17.624923706054688,17.01336669921875
4.260504201680672,0.008403361344537815,207.70044708251953,196.89015197753906,17.586837768554688,17.024871826171847
4.26890756302521,0.008403361344537815,207.6361083984375,196.8685073852539,17.556976318359375,16.98747253417966
4.277310924369748,0.008403361344537815,207.6410903930664,196.9079360961914,17.538101196289062,16.961471557617216
4.285714285714286,0.008403361344537815,207.6215133666992,196.93174743652344,17.579299926757812,17.034698486328153
4.294117647058823,0.008403361344537815,207.63397216796875,196.89112091064453,17.613006591796903,17.01960754394534
4.302521008403361,0.008403361344537815,207.69085693359375,196.9166488647461,17.6029052734375,16.970809936523352
4.310924369747899,0.008403361344537815,207.71218109130862,196.9013900756836,17.601516723632812,16.978622436523438
4.319327731092437,0.008403361344537815,207.67810821533203,196.8806610107422,17.605209350585938,16.96240234374997
4.3277310924369745,0.008403361344537815,207.69393157958984,196.88694763183594,17.638595581054716,16.98486328125
4.336134453781512,0.008403361344537815,207.63542938232422,196.90482330322266,17.567520141601562,17.086624145507784
4.34453781512605,0.008403361344537815,207.68253326416016,196.89893341064453,17.61106872558591,16.95515441894537
4.352941176470588,0.008403361344537815,207.714599609375,196.90949249267578,17.62127685546878,16.96061706542966
4.361344537815126,0.008403361344537815,207.6357650756836,196.88516235351562,17.62522888183591,16.991058349609403
4.369747899159663,0.008403361344537815,207.63190460205078,196.87518310546875,17.552444458007812,17.090576171874943
4.38655462184874,0.008403361344537815,207.7300567626953,196.84805297851562,17.624359130859375,16.936309814453182
4.394957983193278,0.008403361344537815,207.7461395263672,196.9046630859375,17.58996582031247,16.984039306640597
4.4033613445378155,0.008403361344537815,207.63553619384766,196.87555694580078,17.542861938476506,17.08622741699216
4.411764705882353,0.008403361344537815,207.67438507080078,196.910400390625,17.626327514648523,16.96710205078125
4.420168067226891,0.008403361344537815,207.6322479248047,196.89815521240234,17.61828613281247,17.00462341308588
4.428571428571429,0.008403361344537815,207.69599151611328,196.91647338867188,17.603775024414034,16.96856689453125
4.436974789915967,0.008403361344537815,207.67364501953125,196.8809051513672,17.656036376953125,17.054473876953153
4.445378151260504,0.008403361344537815,207.63682556152344,196.89041900634766,17.561035156250085,16.964431762695312
4.453781512605042,0.008403361344537815,207.70719146728516,196.91177368164062,17.620590209960938,16.950103759765597
4.46218487394958,0.008403361344537815,207.63955688476562,196.90267944335938,17.696624755859347,17.02832031250003
4.470588235294118,0.008403361344537815,207.64766693115234,196.87958526611328,17.54719543457034,17.08314514160159
4.4789915966386555,0.008403361344537815,207.63455200195312,196.88422393798828,17.60144042968747,17.073593139648466
4.487394957983193,0.008403361344537815,207.6659927368164,196.90196990966797,17.674911499023466,16.996139526367188
4.495798319327731,0.008403361344537815,207.6588134765625,196.89854431152344,17.575042724609403,17.08074951171878
4.504201680672269,0.008403361344537815,207.63833618164062,196.90778350830078,17.553833007812557,17.073684692382812
4.512605042016807,0.008403361344537815,207.67382049560547,196.9722900390625,17.606185913085938,17.117828369140653
4.5210084033613445,0.008403361344537815,207.6291046142578,196.89098358154297,17.536865234375057,17.08592224121091
4.529411764705882,0.008403361344537815,207.6927719116211,196.92526245117188,17.618972778320284,17.057250976562443
4.53781512605042,0.008403361344537815,207.6663360595703,196.8662567138672,17.584808349609432,17.079742431640653
4.546218487394958,0.008403361344537815,207.6694107055664,196.90355682373047,17.606735229492244,17.09162902832034
4.554621848739496,0.008403361344537815,207.65679931640625,196.91006469726562,17.69244384765625,17.033416748046875
4.563025210084033,0.008403361344537815,207.66674041748047,196.9110641479492,17.577621459960938,17.066146850585994
4.571428571428571,0.008403361344537815,207.63778686523438,196.9109115600586,17.67852783203128,17.02305603027341
4.579831932773109,0.008403361344537815,207.70177459716797,196.91512298583984,17.598617553710938,16.98219299316409
4.588235294117647,0.008403361344537815,207.6831283569336,196.89317321777344,17.715347290038977,17.001678466796875
4.5966386554621845,0.008403361344537815,207.64041137695312,196.90272521972656,17.57104492187497,17.06066894531253
4.605042016806722,0.008403361344537815,207.6427993774414,196.9084930419922,17.71141052246091,16.97640991210946
4.61344537815126,0.008403361344537815,207.67296600341797,196.91795349121094,17.716049194335938,16.948822021484347
4.621848739495798,0.008403361344537815,207.70244598388672,196.87671661376953,17.57005310058591,17.033218383789034
4.630252100840337,0.008403361344537815,207.66443634033203,196.8895721435547,17.58369445800787,16.982879638671875
4.638655462184874,0.008403361344537815,207.6232681274414,196.8954086303711,17.554641723632812,17.00199890136716
4.647058823529412,0.008403361344537815,207.7088394165039,196.84811401367188,17.566482543945284,17.0556640625
4.65546218487395,0.008403361344537815,207.6809539794922,196.91404724121094,17.61853027343747,16.98400878906247
4.663865546218488,0.008403361344537815,207.70490264892578,196.8626251220703,17.601333618164034,16.96908569335946
4.6722689075630255,0.008403361344537815,207.70352935791016,196.8840484619141,17.586532592773438,17.020782470703068
4.680672268907563,0.008403361344537815,207.68853759765625,196.90741729736328,17.61419677734372,16.995742797851534
4.689075630252101,0.008403361344537815,207.62757110595703,196.90064239501953,17.574905395507784,17.118881225585966
4.697478991596639,0.008403361344537815,207.6805877685547,196.97187042236328,17.59039306640625,17.048904418945312
4.705882352941177,0.008403361344537815,207.68683624267575,196.89495086669922,17.587387084960938,16.97648620605466
4.714285714285714,0.008403361344537815,207.61831665039062,196.8965835571289,17.590789794921903,17.030288696288977
4.722689075630252,0.008403361344537815,207.67718505859375,196.86405181884766,17.57678222656253,16.97029113769534
4.73109243697479,0.008403361344537815,207.6254119873047,196.87667846679688,17.557983398437557,17.065765380859375
4.739495798319328,0.008403361344537815,207.6596908569336,196.86573791503906,17.596878051757812,16.96398925781247
4.7478991596638656,0.008403361344537815,207.73382568359375,196.89273071289062,17.594665527343807,17.04611206054679
4.756302521008403,0.008403361344537815,207.7004165649414,196.92354583740234,17.615341186523466,16.987777709960994
4.764705882352941,0.008403361344537815,207.6221694946289,196.90249633789062,17.50746154785159,17.083282470703097
4.773109243697479,0.008403361344537815,207.71172332763672,196.89717864990234,17.63502502441409,16.973587036132812
4.781512605042017,0.008403361344537815,207.6675567626953,196.91189575195312,17.62408447265625,17.04681396484378
4.7899159663865545,0.008403361344537815,207.69979858398438,196.92547607421875,17.623107910156193,16.980804443359375
4.798319327731092,0.008403361344537815,207.64649963378906,196.8896255493164,17.56341552734378,17.057205200195312
4.80672268907563,0.008403361344537815,207.6984634399414,196.90836334228516,17.63246154785159,16.96278381347659
4.815126050420168,0.008403361344537815,207.72962951660156,196.89636993408203,17.631561279296875,16.959426879882812
4.823529411764706,0.008403361344537815,207.67440032958984,196.88495635986328,17.590621948242188,16.968856811523494
4.831932773109243,0.008403361344537815,207.70004272460938,196.9041748046875,17.584197998046903,16.989410400390682
4.840336134453781,0.008403361344537815,207.71463012695312,196.83914947509766,17.542633056640653,17.091751098632784
4.848739495798319,0.008403361344537815,207.66996002197266,196.92072296142578,17.548294067382784,17.040878295898466
4.857142857142857,0.008403361344537815,207.6935272216797,196.91290283203125,17.636077880859403,17.00164794921875
4.8655462184873945,0.008403361344537815,207.7176284790039,196.9192657470703,17.66502380371091,17.11676025390625
4.873949579831932,0.008403361344537815,207.73731994628906,196.89572143554688,17.584930419921932,16.970062255859347
4.882352941176471,0.008403361344537815,207.66772460937497,196.8959503173828,17.538848876953125,17.06890869140622
4.890756302521009,0.008403361344537815,207.72823333740234,196.85336303710938,17.643600463867273,16.91314697265622
4.899159663865547,0.008403361344537815,207.6778564453125,196.8989028930664,17.633880615234375,17.068679809570284
4.907563025210084,0.008403361344537815,207.72901916503906,196.89530181884766,17.5579833984375,17.065780639648438
4.915966386554622,0.008403361344537815,207.6764907836914,196.8936767578125,17.573776245117188,17.08026123046878
4.92436974789916,0.008403361344537815,207.72677612304685,196.8793487548828,17.589691162109375,17.026092529296903
4.932773109243698,0.008403361344537815,207.67367553710938,196.90310668945312,17.57019042968747,16.986663818359375
4.9411764705882355,0.008403361344537815,207.684326171875,196.9003143310547,17.636871337890597,17.06854248046875
4.949579831932773,0.008403361344537815,207.66004180908203,196.9068298339844,17.64387512207034,17.0224609375
4.957983193277311,0.008403361344537815,207.71156311035156,196.95267486572266,17.565948486328125,17.04881286621088
4.966386554621849,0.008403361344537815,207.76532745361328,196.91254425048828,17.61534118652341,16.98951721191409
4.974789915966387,0.008403361344537815,207.74454498291016,196.92904663085938,17.667160034179688,17.01800537109372
4.983193277310924,0.008403361344537815,207.71210479736328,196.9566650390625,17.611526489257812,17.050292968750085
4.991596638655462,0.008403361344537815,207.68592834472656,196.9249725341797,17.655303955078125,16.98956298828125
5.0,0.008403361344537815,207.76142883300778,196.8669891357422,17.671356201171875,16.942718505859375
5.008403361344538,0.008403361344537815,207.77124786376953,196.84884643554688,17.665359497070284,16.91290283203128
5.016806722689076,0.008403361344537815,207.7589111328125,196.86714935302734,17.646942138671847,16.951431274414034
5.025210084033613,0.008403361344537815,207.74986267089844,196.86349487304685,17.62951660156247,16.958160400390625
5.033613445378151,0.008403361344537815,207.7777099609375,196.9311065673828,17.567657470703182,17.036407470703125
5.042016806722689,0.008403361344537815,207.75741577148438,196.8833236694336,17.671386718750057,16.925186157226506
5.050420168067227,0.008403361344537815,207.749755859375,196.90347290039065,17.644927978515625,16.877563476562443
5.0588235294117645,0.008403361344537815,207.77664184570312,196.88531494140625,17.6712646484375,16.918182373046847
5.067226890756302,0.008403361344537815,207.73751068115234,196.90035247802734,17.595230102539062,16.95698547363287
5.07563025210084,0.008403361344537815,207.75918579101562,196.88645935058594,17.634674072265625,16.92565917968753
5.084033613445378,0.008403361344537815,207.7420883178711,196.9145050048828,17.62214660644534,16.98333740234375
5.092436974789916,0.008403361344537815,207.72659301757812,196.92198181152344,17.6748046875,17.018707275390653
5.100840336134453,0.008403361344537815,207.79199981689453,196.87725830078125,17.65190124511716,16.90039062500003
5.109243697478991,0.008403361344537815,207.7392807006836,196.89376068115234,17.670944213867216,16.988754272460938
5.117647058823529,0.008403361344537815,207.7542266845703,196.9224853515625,17.571990966796847,17.011688232421875
5.126050420168068,0.008403361344537815,207.71216583251953,196.92266082763672,17.58580017089841,16.995773315429744
5.1344537815126055,0.008403361344537815,207.64362335205078,196.8848419189453,17.72340393066409,17.00787353515622
5.142857142857143,0.008403361344537815,207.6705551147461,196.97576141357422,17.578201293945227,17.120803833007784
5.151260504201681,0.008403361344537815,207.6744842529297,196.94681549072266,17.58184814453125,17.05754089355466
5.159663865546219,0.008403361344537815,207.6793212890625,196.9071273803711,17.675872802734432,17.024215698242216
5.168067226890757,0.008403361344537815,207.68246459960938,196.9261474609375,17.599975585937557,16.995941162109375
5.176470588235294,0.008403361344537815,207.71133422851562,196.8965301513672,17.61309814453125,16.99139404296878
5.184873949579832,0.008403361344537815,207.665168762207,196.9321823120117,17.614944458007812,17.058517456054688
5.19327731092437,0.008403361344537815,207.68645477294922,196.9332046508789,17.701522827148438,16.962753295898466
5.201680672268908,0.008403361344537815,207.67263793945312,196.89647674560547,17.662322998046903,17.03926086425784
5.2100840336134455,0.008403361344537815,207.68019104003906,196.91793060302734,17.668701171875057,16.96650695800787
5.218487394957983,0.008403361344537815,207.69756317138672,196.90509033203125,17.593948364257812,16.958953857421903
5.226890756302521,0.008403361344537815,207.68714904785156,196.900390625,17.696777343750057,16.998321533203097
5.235294117647059,0.008403361344537815,207.71133422851562,196.89112091064453,17.643798828125,17.01622009277341
5.243697478991597,0.008403361344537815,207.7081298828125,196.9057388305664,17.59246826171872,16.96650695800784
5.2521008403361344,0.008403361344537815,207.7418212890625,196.90354919433594,17.55407714843747,17.004486083984347
5.260504201680672,0.008403361344537815,207.69436645507812,196.92354583740234,17.61962890624997,16.982772827148438
5.26890756302521,0.008403361344537815,207.72769927978516,196.9067840576172,17.562210083007756,16.99880981445321
5.277310924369748,0.008403361344537815,207.6867446899414,196.88338470458984,17.659072875976534,16.968612670898438
5.285714285714286,0.008403361344537815,207.68535614013672,196.91754150390625,17.696456909179716,16.970977783203097
5.294117647058823,0.008403361344537815,207.74225616455078,196.8975067138672,17.610580444335966,16.977630615234347
5.302521008403361,0.008403361344537815,207.6981201171875,196.89350128173828,17.639312744140597,17.026779174804716
5.310924369747899,0.008403361344537815,207.72347259521484,196.92149353027344,17.60014343261713,17.013458251953097
5.319327731092437,0.008403361344537815,207.7004165649414,196.89371490478516,17.661605834960938,16.976058959960966
5.3277310924369745,0.008403361344537815,207.76995086669922,196.8258285522461,17.624557495117216,16.95664978027341
5.336134453781512,0.008403361344537815,207.71969604492188,196.86219787597656,17.68530273437503,16.98022460937497
5.34453781512605,0.008403361344537815,207.73959350585938,196.94894409179688,17.5711669921875,16.994110107421875
5.352941176470588,0.008403361344537815,207.72000122070312,196.91942596435547,17.688201904296818,16.988449096679688
5.361344537815126,0.008403361344537815,207.7545394897461,196.96868133544922,17.560958862304716,17.052993774414034
5.369747899159663,0.008403361344537815,207.71142578125,196.9538803100586,17.581634521484347,17.034713745117188
5.378151260504202,0.008403361344537815,207.76576232910156,196.9850311279297,17.548919677734403,16.952239990234318
5.38655462184874,0.008403361344537815,207.71309661865234,196.89491271972656,17.635116577148466,16.907928466796847
5.394957983193278,0.008403361344537815,207.74266815185547,196.88651275634766,17.60877990722659,16.879562377929716
5.4033613445378155,0.008403361344537815,207.79698181152344,196.8885269165039,17.571136474609432,16.977951049804688
5.411764705882353,0.008403361344537815,207.7677993774414,196.88574981689453,17.658889770507784,16.890151977539006
5.420168067226891,0.008403361344537815,207.75789642333984,196.9125518798828,17.646347045898438,17.044677734375
5.428571428571429,0.008403361344537815,207.76151275634766,196.9024658203125,17.61158752441409,16.894714355468693
5.436974789915967,0.008403361344537815,207.83930206298828,196.95054626464844,17.598159790039062,16.930999755859347
5.445378151260504,0.008403361344537815,207.76091003417972,197.0116958618164,17.533843994140625,17.012680053710966
5.453781512605042,0.008403361344537815,207.7188491821289,196.98486328125,17.59092712402341,17.052764892578097
5.46218487394958,0.008403361344537815,207.77288818359375,196.9353256225586,17.57562255859372,17.06288146972662
5.470588235294118,0.008403361344537815,207.71080780029297,197.01721954345703,17.56852722167963,17.04615783691412
5.4789915966386555,0.008403361344537815,207.70729064941406,196.91989135742188,17.653289794921875,17.00238037109375
5.487394957983193,0.008403361344537815,207.77066802978516,196.98632049560547,17.53077697753909,17.00834655761716
5.495798319327731,0.008403361344537815,207.74266815185547,196.919921875,17.595657348632812,16.87335205078125
5.504201680672269,0.008403361344537815,207.76834106445312,196.94955444335938,17.589630126953125,16.951477050781193
5.512605042016807,0.008403361344537815,207.7357940673828,196.91107177734375,17.587066650390597,16.94696044921875
5.5210084033613445,0.008403361344537815,207.72747039794922,196.97574615478516,17.573165893554716,17.033981323242188
5.529411764705882,0.008403361344537815,207.7427978515625,196.91783142089844,17.657623291015625,16.90197753906247
5.53781512605042,0.008403361344537815,207.72980499267578,196.9829864501953,17.53453063964841,17.06121826171875
5.546218487394958,0.008403361344537815,207.72269439697263,196.99602508544922,17.540084838867188,17.095230102539062
5.554621848739496,0.008403361344537815,207.77935028076172,196.91394805908203,17.619247436523466,16.994491577148438
5.563025210084033,0.008403361344537815,207.74343872070315,196.89698028564453,17.632476806640625,16.991653442382812
5.571428571428571,0.008403361344537815,207.7867660522461,196.84033966064453,17.62532043457034,16.990463256835966
5.579831932773109,0.008403361344537815,207.75283813476562,196.9139404296875,17.62530517578125,17.035491943359403
5.588235294117647,0.008403361344537815,207.70203399658203,196.91676330566406,17.667861938476562,17.011230468749943
5.5966386554621845,0.008403361344537815,207.71852874755862,196.91468811035156,17.638809204101562,17.028350830078182
5.605042016806722,0.008403361344537815,207.74877166748047,196.89669036865234,17.642501831054688,16.92442321777341
5.61344537815126,0.008403361344537815,207.75713348388672,196.88470458984375,17.640274047851534,16.99444580078125
5.621848739495798,0.008403361344537815,207.7641143798828,196.9082794189453,17.590240478515625,16.9674072265625
5.630252100840337,0.008403361344537815,207.75433349609375,196.88595581054688,17.65203857421878,16.9810791015625
5.638655462184874,0.008403361344537815,207.7575454711914,196.89894104003906,17.637130737304688,16.98858642578122
5.647058823529412,0.008403361344537815,207.7109375,196.9367904663086,17.650787353515682,17.032272338867188
5.65546218487395,0.008403361344537815,207.66371154785156,196.9032745361328,17.582000732421903,17.004699707031193
5.663865546218488,0.008403361344537815,207.77886962890625,196.86365509033203,17.61126708984378,16.99263000488284
5.6722689075630255,0.008403361344537815,207.74842834472656,196.89533233642578,17.652252197265625,16.972091674804716
5.680672268907563,0.008403361344537815,207.75387573242188,196.93257904052734,17.59918212890622,16.972854614257784
5.689075630252101,0.008403361344537815,207.7601318359375,196.87860870361328,17.63317871093747,16.963729858398466
5.697478991596639,0.008403361344537815,207.77007293701172,196.88628387451172,17.63737487792966,16.967880249023466
5.705882352941177,0.008403361344537815,207.71400451660156,196.8675765991211,17.66168212890625,16.973037719726534
5.714285714285714,0.008403361344537815,207.75533294677734,196.9139633178711,17.623519897460938,17.05110168457037
5.722689075630252,0.008403361344537815,207.76187896728516,196.86493682861328,17.631271362304716,16.958847045898466
5.73109243697479,0.008403361344537815,207.76136016845703,196.85049438476562,17.63191223144534,16.932281494140597
5.739495798319328,0.008403361344537815,207.75191497802734,196.8729476928711,17.640640258789062,16.976699829101562
5.7478991596638656,0.008403361344537815,207.73755645751953,196.88738250732422,17.600418090820256,17.057815551757784
5.756302521008403,0.008403361344537815,207.70404052734375,196.89761352539062,17.62976074218747,17.013519287109375
5.764705882352941,0.008403361344537815,207.68163299560547,196.90097045898438,17.55549621582034,17.040008544921903
5.773109243697479,0.008403361344537815,207.6829605102539,196.84264373779297,17.608352661132784,16.99147033691412
5.781512605042017,0.008403361344537815,207.68756103515625,196.9097442626953,17.566070556640653,17.008087158203097
5.7899159663865545,0.008403361344537815,207.72632598876953,196.85514068603516,17.646438598632812,16.92247009277341
5.798319327731092,0.008403361344537815,207.77263641357422,196.8617706298828,17.573898315429688,17.00408935546872
5.80672268907563,0.008403361344537815,207.68687438964844,196.91741180419922,17.540313720703097,17.04161071777338
5.815126050420168,0.008403361344537815,207.70325469970703,196.88076782226562,17.60636901855466,17.118560791015568
5.823529411764706,0.008403361344537815,207.69867706298828,196.90105438232422,17.57768249511716,17.00196838378909
5.831932773109243,0.008403361344537815,207.68612670898438,196.9076156616211,17.67559814453128,16.990676879882812
5.840336134453781,0.008403361344537815,207.74220275878906,196.91362762451172,17.588409423828182,17.037124633789034
5.848739495798319,0.008403361344537815,207.6864776611328,196.88434600830078,17.680328369140597,16.96672058105466
5.857142857142857,0.008403361344537815,207.75,196.8821563720703,17.65362548828122,16.943572998046903
5.8655462184873945,0.008403361344537815,207.74739837646484,196.85804748535156,17.59333801269534,17.004364013671903
5.873949579831932,0.008403361344537815,207.7081298828125,196.83379364013672,17.649017333984347,16.915878295898466
5.882352941176471,0.008403361344537815,207.704833984375,196.91575622558594,17.572967529296932,17.02642822265622
5.890756302521009,0.008403361344537815,207.70964813232422,196.84264373779294,17.65855407714841,16.930252075195312
5.899159663865547,0.008403361344537815,207.76348876953125,196.84671020507812,17.59210205078122,17.04205322265625
5.907563025210084,0.008403361344537815,207.69550323486328,196.8504409790039,17.59748840332034,17.067794799804688
5.915966386554622,0.008403361344537815,207.7541275024414,196.9099349975586,17.636215209960966,17.039413452148438
5.92436974789916,0.008403361344537815,207.7638931274414,196.90161895751956,17.581253051757812,17.024124145507812
5.932773109243698,0.008403361344537815,207.72139739990234,196.86221313476562,17.62535095214841,17.08428955078125
5.9411764705882355,0.008403361344537815,207.771240234375,196.83644104003906,17.665191650390597,16.940399169921847
5.949579831932773,0.008403361344537815,207.7202377319336,196.8955535888672,17.615005493164062,17.006317138671875
5.957983193277311,0.008403361344537815,207.74366760253906,196.8721160888672,17.6392822265625,16.96063232421872
5.966386554621849,0.008403361344537815,207.76918029785156,196.87466430664062,17.636444091796847,16.89569091796875
5.974789915966387,0.008403361344537815,207.7187728881836,196.84575653076172,17.671859741210994,16.922409057617216
5.983193277310924,0.008403361344537815,207.76669311523438,196.88406372070315,17.67584228515628,16.91156005859375
5.991596638655462,0.008403361344537815,207.70044708251953,196.8895263671875,17.641311645507784,16.993682861328125
6.0,0.008403361344537815,207.73207092285156,196.86221313476562,17.67962646484375,17.052886962890653
6.008403361344538,0.008403361344537815,207.76661682128906,196.87010955810547,17.70312500000003,17.039657592773466
6.025210084033613,0.008403361344537815,207.72659301757812,196.8294219970703,17.742156982421847,16.898284912109375
6.033613445378151,0.008403361344537815,207.7477798461914,196.85828399658203,17.756179809570256,16.888107299804716
6.042016806722689,0.008403361344537815,207.74146270751953,196.8185043334961,17.72883605957034,16.88575744628909
6.050420168067227,0.008403361344537815,207.77513885498047,196.86652374267578,17.699905395507784,16.909622192382756
6.0588235294117645,0.008403361344537815,207.7112045288086,196.90023803710938,17.651168823242188,16.955230712890653
6.067226890756302,0.008403361344537815,207.7593231201172,196.9232177734375,17.6348876953125,16.987274169921847
6.07563025210084,0.008403361344537815,207.75078582763672,196.90487670898438,17.60337829589841,17.02569580078128
6.084033613445378,0.008403361344537815,207.7181625366211,196.892822265625,17.64057922363284,16.979797363281193
6.092436974789916,0.008403361344537815,207.713623046875,196.86959838867188,17.665496826171875,16.983398437499915
6.100840336134453,0.008403361344537815,207.6884307861328,196.91844940185547,17.618499755859432,17.02980041503912
6.109243697478991,0.008403361344537815,207.73323822021484,196.89810180664062,17.670608520507812,16.989105224609347
6.117647058823529,0.008403361344537815,207.71255493164062,196.87078857421875,17.639434814453153,16.96282958984375
6.126050420168068,0.008403361344537815,207.72627258300778,196.89349365234375,17.643157958984375,16.985504150390653
6.1344537815126055,0.008403361344537815,207.73410034179688,196.91051483154297,17.605499267578125,16.975204467773466
6.142857142857143,0.008403361344537815,207.65804290771484,196.88661193847656,17.557601928710966,17.06585693359375
6.151260504201681,0.008403361344537815,207.68701171875,196.89443969726562,17.64990234374997,17.00781250000003
6.159663865546219,0.008403361344537815,207.6883087158203,196.91446685791016,17.57110595703122,17.031265258789034
6.168067226890757,0.008403361344537815,207.7336196899414,196.92646026611328,17.602798461914062,16.987045288085938
6.176470588235294,0.008403361344537815,207.69207763671875,196.84308624267578,17.637664794921903,16.945663452148466
6.184873949579832,0.008403361344537815,207.72562408447266,196.8418197631836,17.62232971191409,16.95317077636716
6.19327731092437,0.008403361344537815,207.6767578125,196.82911682128906,17.657409667968835,16.919769287109375
6.201680672268908,0.008403361344537815,207.69073486328125,196.91540527343747,17.60699462890622,17.01409912109375
6.2100840336134455,0.008403361344537815,207.70187377929688,196.84674072265625,17.669525146484375,16.94964599609372
6.218487394957983,0.008403361344537815,207.73943328857422,196.82501220703125,17.682022094726562,16.94769287109378
6.226890756302521,0.008403361344537815,207.7136001586914,196.8402862548828,17.672317504882812,16.940887451171903
6.235294117647059,0.008403361344537815,207.76024627685547,196.85275268554685,17.70091247558591,16.914215087890682
6.243697478991597,0.008403361344537815,207.7171173095703,196.83890533447266,17.66033935546872,16.96705627441412
6.2521008403361344,0.008403361344537815,207.7296142578125,196.85160064697266,17.656585693359375,16.945846557617216
6.260504201680672,0.008403361344537815,207.6948699951172,196.89212036132812,17.68804931640625,16.988800048828125
6.26890756302521,0.008403361344537815,207.74568939208984,196.8664779663086,17.642990112304688,17.06532287597659
6.277310924369748,0.008403361344537815,207.7375717163086,196.8407974243164,17.649520874023494,16.918899536132784
6.285714285714286,0.008403361344537815,207.75745391845703,196.85215759277344,17.68107604980463,16.90887451171872
6.294117647058823,0.008403361344537815,207.75984954833984,196.86690521240234,17.73243713378909,16.942764282226562
6.302521008403361,0.008403361344537815,207.7281723022461,196.8702926635742,17.64582824707034,17.060531616210994
6.310924369747899,0.008403361344537815,207.7616958618164,196.84618377685547,17.702468872070312,16.87559509277338
6.319327731092437,0.008403361344537815,207.73976135253906,196.84774017333984,17.63311767578125,16.949905395507784
6.3277310924369745,0.008403361344537815,207.74118041992188,196.86994171142578,17.677276611328097,17.01844787597659
6.336134453781512,0.008403361344537815,207.72911071777344,196.8667755126953,17.64935302734375,17.044281005859375
6.34453781512605,0.008403361344537815,207.75225067138672,196.8341293334961,17.687759399414006,16.903762817382812
6.352941176470588,0.008403361344537815,207.73551177978518,196.8567123413086,17.660812377929688,17.07188415527341
6.361344537815126,0.008403361344537815,207.76131439208984,196.8876190185547,17.600540161132784,17.04559326171875
6.369747899159663,0.008403361344537815,207.76042938232422,196.82357788085938,17.668838500976534,17.036773681640682
6.378151260504202,0.008403361344537815,207.74771881103516,196.81924438476562,17.667800903320312,17.029937744140625
6.38655462184874,0.008403361344537815,207.72935485839844,196.7879180908203,17.64703369140625,16.91876220703125
6.394957983193278,0.008403361344537815,207.751953125,196.82760620117188,17.683349609375,17.043243408203125
6.4033613445378155,0.008403361344537815,207.7392807006836,196.81873321533203,17.687698364257812,17.033157348632812
6.411764705882353,0.008403361344537815,207.74859619140625,196.83436584472656,17.70440673828128,17.043975830078097
6.420168067226891,0.008403361344537815,207.76734924316406,196.85472869873047,17.71636962890628,17.028091430664062
6.428571428571429,0.008403361344537815,207.75401306152344,196.84993743896484,17.736663818359403,16.96940612792963
6.436974789915967,0.008403361344537815,207.7538833618164,196.80367279052734,17.640670776367216,16.92454528808591
6.445378151260504,0.008403361344537815,207.7631378173828,196.8073196411133,17.669708251953125,16.926773071289062
6.453781512605042,0.008403361344537815,207.7072982788086,196.84050750732422,17.68193054199216,17.054092407226562
6.46218487394958,0.008403361344537815,207.75521087646484,196.8473358154297,17.675521850585938,17.04357910156247
6.470588235294118,0.008403361344537815,207.75228881835938,196.85552978515625,17.72772216796875,16.96166992187497
6.4789915966386555,0.008403361344537815,207.81436920166016,196.876708984375,17.775039672851477,16.970550537109375
6.487394957983193,0.008403361344537815,207.7882080078125,196.88639068603516,17.75360107421875,16.96128845214838
6.495798319327731,0.008403361344537815,207.77526092529297,196.8473129272461,17.702896118164062,16.985885620117188
6.504201680672269,0.008403361344537815,207.74694061279297,196.83846282958984,17.713302612304688,17.03761291503909
6.512605042016807,0.008403361344537815,207.76982879638672,196.8541259765625,17.63362121582037,17.0760498046875
6.5210084033613445,0.008403361344537815,207.78155517578122,196.86607360839844,17.723358154296875,16.895233154296875
6.529411764705882,0.008403361344537815,207.7744064331055,196.88712310791016,17.69981384277338,16.83372497558591
6.53781512605042,0.008403361344537815,207.75599670410156,196.8522186279297,17.639190673828125,16.953765869140597
6.546218487394958,0.008403361344537815,207.72789764404297,196.82688903808597,17.68995666503909,17.08099365234375
6.554621848739496,0.008403361344537815,207.75791931152344,196.87579345703125,17.674072265625,17.05914306640625
6.563025210084033,0.008403361344537815,207.75972747802734,196.83712005615234,17.66432189941409,16.91194152832037
6.571428571428571,0.008403361344537815,207.7814483642578,196.8638916015625,17.693389892578182,16.97824096679679
6.579831932773109,0.008403361344537815,207.74417877197266,196.86627960205078,17.707382202148438,16.998458862304716
6.588235294117647,0.008403361344537815,207.76126861572266,196.8558349609375,17.715530395507812,16.957550048828125
6.5966386554621845,0.008403361344537815,207.7262954711914,196.8115692138672,17.643936157226534,16.960296630859375
6.605042016806722,0.008403361344537815,207.71786499023438,196.83140563964844,17.65466308593753,16.95309448242196
6.61344537815126,0.008403361344537815,207.69676208496094,196.83560180664062,17.62084960937503,16.974334716796875
6.621848739495798,0.008403361344537815,207.7311553955078,196.85562133789062,17.684936523437443,16.976776123046875
6.630252100840337,0.008403361344537815,207.77983856201172,196.86408233642578,17.67732238769534,16.919815063476534
6.638655462184874,0.008403361344537815,207.7848892211914,196.87581634521484,17.70634460449216,16.968429565429688
6.647058823529412,0.008403361344537815,207.69876861572263,196.8301010131836,17.601882934570312,17.07066345214841
6.65546218487395,0.008403361344537815,207.7160873413086,196.85321044921875,17.67582702636716,16.982391357421903
6.663865546218488,0.008403361344537815,207.76293182373047,196.86290740966797,17.725479125976534,16.975540161132812
6.6722689075630255,0.008403361344537815,207.76000213623047,196.8621597290039,17.66984558105463,16.98188781738284
6.680672268907563,0.008403361344537815,207.7313461303711,196.85057830810547,17.651229858398438,17.001632690429688
6.689075630252101,0.008403361344537815,207.74583435058594,196.84784698486328,17.682830810546875,16.959243774414006
6.697478991596639,0.008403361344537815,207.7112808227539,196.7957763671875,17.672042846679716,16.949920654296903
6.705882352941177,0.008403361344537815,207.73784637451172,196.8360595703125,17.62934875488284,17.022003173828153
6.714285714285714,0.008403361344537815,207.72882080078125,196.8358917236328,17.60894775390625,17.03308105468753
6.722689075630252,0.008403361344537815,207.71524810791016,196.79415893554685,17.670303344726562,16.905975341796875
6.73109243697479,0.008403361344537815,207.71854400634766,196.8290252685547,17.681930541992216,16.857513427734347
6.739495798319328,0.008403361344537815,207.69712829589844,196.84030151367188,17.693237304687557,16.869689941406307
6.7478991596638656,0.008403361344537815,207.6966323852539,196.82904052734375,17.70683288574216,16.903228759765597
6.756302521008403,0.008403361344537815,207.6946258544922,196.84926605224612,17.71499633789054,16.861740112304688
6.764705882352941,0.008403361344537815,207.6873016357422,196.86217498779297,17.61639404296878,17.019851684570312
6.773109243697479,0.008403361344537815,207.7201385498047,196.8351287841797,17.616485595703097,17.017303466796847
6.781512605042017,0.008403361344537815,207.72319793701172,196.83219146728516,17.638504028320284,16.996627807617216
6.7899159663865545,0.008403361344537815,207.71900939941406,196.814697265625,17.61126708984372,16.842193603515653
6.798319327731092,0.008403361344537815,207.73104095458984,196.80616760253906,17.62803649902338,16.93103027343747
6.80672268907563,0.008403361344537815,207.7384262084961,196.82491302490232,17.635482788085938,16.886276245117244
6.815126050420168,0.008403361344537815,207.70385742187497,196.86009216308594,17.651580810546875,17.02496337890625
6.823529411764706,0.008403361344537815,207.73887634277344,196.8577117919922,17.656860351562443,16.88903808593747
6.831932773109243,0.008403361344537815,207.72594451904294,196.8302230834961,17.630203247070312,16.904220581054716
6.840336134453781,0.008403361344537815,207.75434112548828,196.8422393798828,17.632614135742216,16.9071044921875
6.848739495798319,0.008403361344537815,207.7339096069336,196.82469940185547,17.638107299804688,16.888504028320312
6.857142857142857,0.008403361344537815,207.7421875,196.85282135009766,17.664459228515597,16.887527465820312
6.8655462184873945,0.008403361344537815,207.72615814208984,196.87281799316406,17.688003540039034,17.036712646484318
6.873949579831932,0.008403361344537815,207.72218322753906,196.85498046875,17.645965576171875,16.921722412109375
6.882352941176471,0.008403361344537815,207.73178100585938,196.8207015991211,17.626892089843693,16.89350891113287
6.890756302521009,0.008403361344537815,207.71509552001953,196.86309051513672,17.69236755371091,17.073959350585938
6.899159663865547,0.008403361344537815,207.6976318359375,196.8681182861328,17.62896728515622,17.05743408203125
6.907563025210084,0.008403361344537815,207.71392059326172,196.85709381103516,17.71025085449213,17.03089904785162
6.915966386554622,0.008403361344537815,207.7404556274414,196.87400817871094,17.67420959472659,17.015899658203097
6.92436974789916,0.008403361344537815,207.72657775878906,196.87062072753906,17.68804931640628,17.030822753906307
6.932773109243698,0.008403361344537815,207.74099731445312,196.82462310791016,17.633758544921875,16.90498352050784
6.9411764705882355,0.008403361344537815,207.73143005371094,196.8521499633789,17.71679687500003,17.042098999023438
6.949579831932773,0.008403361344537815,207.71804809570312,196.81362915039062,17.63861083984372,16.90570068359378
6.957983193277311,0.008403361344537815,207.7130584716797,196.79457092285156,17.644989013671818,16.912811279296875
6.966386554621849,0.008403361344537815,207.73543548583984,196.8691864013672,17.683303833007784,17.04107666015622
6.974789915966387,0.008403361344537815,207.73486328125,196.85506439208984,17.72174072265625,17.02061462402338
6.983193277310924,0.008403361344537815,207.72804260253906,196.86447143554688,17.601165771484347,17.099914550781307
6.991596638655462,0.008403361344537815,207.70571899414062,196.8073272705078,17.667449951171875,16.90893554687497
7.0,0.008403361344537815,207.6802215576172,196.8150177001953,17.68334960937497,16.97717285156253
7.008403361344538,0.008403361344537815,207.67515563964844,196.8167953491211,17.646667480468807,16.89790344238287
7.016806722689076,0.008403361344537815,207.7201156616211,196.8251190185547,17.594589233398466,17.04431152343753
7.025210084033613,0.008403361344537815,207.6980285644531,196.84127044677734,17.56683349609375,17.004318237304688
7.033613445378151,0.008403361344537815,207.68206024169922,196.8472442626953,17.599960327148494,17.0970458984375
7.042016806722689,0.008403361344537815,207.72428131103516,196.8562240600586,17.666915893554716,17.071945190429716
7.050420168067227,0.008403361344537815,207.6540756225586,196.8267364501953,17.549270629882784,17.03802490234375
7.0588235294117645,0.008403361344537815,207.66175842285156,196.8190460205078,17.631500244140625,16.996673583984432
7.067226890756302,0.008403361344537815,207.71011352539062,196.8813934326172,17.586944580078182,17.058441162109347
7.07563025210084,0.008403361344537815,207.70266723632812,196.84288787841797,17.594512939453097,17.058853149414006
7.084033613445378,0.008403361344537815,207.7124786376953,196.89137268066406,17.57891845703125,17.07366943359372
7.092436974789916,0.008403361344537815,207.69952392578125,196.84309387207028,17.611053466796875,16.9547119140625
7.100840336134453,0.008403361344537815,207.7247543334961,196.83275604248047,17.603683471679744,16.951309204101534
7.109243697478991,0.008403361344537815,207.7496795654297,196.8179473876953,17.631683349609403,16.977172851562557
7.117647058823529,0.008403361344537815,207.7210235595703,196.87433624267578,17.61712646484375,16.970626831054716
7.126050420168068,0.008403361344537815,207.71566772460935,196.85436248779297,17.637298583984375,16.944076538085966
7.1344537815126055,0.008403361344537815,207.69078826904297,196.8873062133789,17.62681579589838,17.065353393554744
7.142857142857143,0.008403361344537815,207.67387390136722,196.86284637451172,17.547515869140682,17.016769409179716
7.151260504201681,0.008403361344537815,207.64423370361328,196.859375,17.585098266601562,17.0052490234375
7.159663865546219,0.008403361344537815,207.7611083984375,196.87957763671875,17.63452148437497,16.945892333984375
7.168067226890757,0.008403361344537815,207.69898223876953,196.8792724609375,17.597915649414034,16.997955322265597
7.176470588235294,0.008403361344537815,207.66059112548828,196.8802947998047,17.631912231445312,17.024810791015682
7.184873949579832,0.008403361344537815,207.74540710449222,196.88346099853516,17.672027587890568,16.933914184570312
7.19327731092437,0.008403361344537815,207.7418441772461,196.86942291259766,17.64662170410162,16.953781127929716
7.201680672268908,0.008403361344537815,207.65845489501953,196.8437042236328,17.628219604492216,17.002960205078153
7.2100840336134455,0.008403361344537815,207.73658752441406,196.9093475341797,17.62530517578122,16.961029052734432
7.218487394957983,0.008403361344537815,207.68933105468747,196.91677856445312,17.57391357421875,17.017883300781193
7.226890756302521,0.008403361344537815,207.65605926513672,196.92601776123044,17.585586547851562,17.003494262695312
7.235294117647059,0.008403361344537815,207.60784149169922,196.90599822998047,17.657180786132784,16.98844909667966
7.243697478991597,0.008403361344537815,207.65059661865234,196.87074279785156,17.663131713867188,17.02081298828128
7.2521008403361344,0.008403361344537815,207.6585464477539,196.87342834472656,17.621536254882756,17.019989013671847
7.260504201680672,0.008403361344537815,207.66170501708984,196.86952209472656,17.62513732910159,17.024810791015653
7.26890756302521,0.008403361344537815,207.6948013305664,196.9031982421875,17.61848449707034,16.961029052734403
7.277310924369748,0.008403361344537815,207.63047790527344,196.8632049560547,17.62414550781247,17.010528564453125
7.285714285714286,0.008403361344537815,207.69478607177734,196.8891830444336,17.66642761230466,16.939712524414062
7.294117647058823,0.008403361344537815,207.63787841796875,196.90283203125,17.689514160156193,17.026885986328153
7.302521008403361,0.008403361344537815,207.64545440673828,196.8559341430664,17.620651245117188,16.989089965820284
7.310924369747899,0.008403361344537815,207.63577270507812,196.85633087158203,17.645904541015625,16.98558044433591
7.319327731092437,0.008403361344537815,207.63103485107422,196.86600494384766,17.631149291992102,16.975448608398466
7.3277310924369745,0.008403361344537815,207.71673583984375,196.9007110595703,17.63366699218753,16.989410400390597
7.336134453781512,0.008403361344537815,207.68093872070312,196.87063598632812,17.692108154296847,16.904083251953125
7.34453781512605,0.008403361344537815,207.7072982788086,196.87452697753906,17.634750366210938,16.926116943359403
7.352941176470588,0.008403361344537815,207.71212005615234,196.88949584960938,17.70472717285159,16.98590087890628
7.361344537815126,0.008403361344537815,207.71097564697266,196.8671417236328,17.72834777832034,16.92346191406253
7.369747899159663,0.008403361344537815,207.6937484741211,196.80813598632812,17.682357788085966,16.830657958984347
7.378151260504202,0.008403361344537815,207.6786346435547,196.82344818115234,17.660552978515597,16.911209106445312
7.38655462184874,0.008403361344537815,207.72300720214844,196.85173797607422,17.68670654296875,16.851333618164062
7.394957983193278,0.008403361344537815,207.68846130371094,196.90965270996094,17.5955810546875,16.973480224609403
7.4033613445378155,0.008403361344537815,207.69689178466797,196.8047103881836,17.69648742675787,16.908401489257812
7.411764705882353,0.008403361344537815,207.69438934326172,196.79561614990234,17.65077209472659,16.871261596679716
7.420168067226891,0.008403361344537815,207.67660522460938,196.8354949951172,17.644012451171847,17.00115966796875
7.428571428571429,0.008403361344537815,207.71956634521484,196.81472778320312,17.718643188476506,16.896392822265682
7.436974789915967,0.008403361344537815,207.66893005371094,196.8268280029297,17.70245361328128,16.95111083984378
7.445378151260504,0.008403361344537815,207.68313598632812,196.86917114257812,17.585540771484375,16.983123779296903
7.453781512605042,0.008403361344537815,207.64302825927734,196.82732391357422,17.580215454101562,16.97373962402341
7.46218487394958,0.008403361344537815,207.64074707031253,196.85684967041016,17.591339111328125,17.013107299804744
7.470588235294118,0.008403361344537815,207.66913604736328,196.8779296875,17.591995239257784,16.97814941406247
7.4789915966386555,0.008403361344537815,207.6273422241211,196.85956573486328,17.55030822753909,17.00276184082034
7.487394957983193,0.008403361344537815,207.61996459960938,196.86846923828125,17.583770751953097,16.98590087890628
7.495798319327731,0.008403361344537815,207.64119720458984,196.8616180419922,17.586990356445312,17.006622314453125
7.504201680672269,0.008403361344537815,207.63985443115234,196.87911987304688,17.582412719726562,17.01043701171872
7.512605042016807,0.008403361344537815,207.64691162109375,196.88584136962888,17.621429443359347,16.97962951660162
7.5210084033613445,0.008403361344537815,207.64987182617188,196.85125732421875,17.572021484374943,16.951690673828153
7.529411764705882,0.008403361344537815,207.65209197998047,196.82754516601562,17.55513000488287,16.97564697265625
7.53781512605042,0.008403361344537815,207.69773864746094,196.90480041503906,17.634735107421903,16.9952392578125
7.546218487394958,0.008403361344537815,207.68582916259766,196.88816833496094,17.62065124511713,16.938446044921875
7.554621848739496,0.008403361344537815,207.6766815185547,196.89434814453125,17.59478759765625,16.982391357421847
7.563025210084033,0.008403361344537815,207.6649169921875,196.90299224853516,17.609313964843693,16.99977111816409
7.571428571428571,0.008403361344537815,207.64569854736328,196.85420989990234,17.672958374023438,17.020858764648466
7.579831932773109,0.008403361344537815,207.66487884521484,196.8907012939453,17.58345031738284,16.957794189453153
7.588235294117647,0.008403361344537815,207.63965606689453,196.86231231689453,17.59794616699216,16.999343872070312
7.5966386554621845,0.008403361344537815,207.6859359741211,196.87052154541016,17.62220764160159,16.931900024414062
7.605042016806722,0.008403361344537815,207.67176818847656,196.86732482910156,17.64373779296878,17.041107177734403
7.61344537815126,0.008403361344537815,207.68314361572268,196.89006805419922,17.624832153320312,17.014175415039034
7.621848739495798,0.008403361344537815,207.64820098876953,196.86058044433594,17.67204284667963,17.010955810546903
7.630252100840337,0.008403361344537815,207.64820098876956,196.8826446533203,17.561752319335938,17.0059814453125
7.638655462184874,0.008403361344537815,207.61483764648438,196.89519500732422,17.61431884765625,17.010726928710966
7.647058823529412,0.008403361344537815,207.5942611694336,196.87596893310547,17.61961364746088,17.003768920898466
7.65546218487395,0.008403361344537815,207.58634185791016,196.90979766845703,17.612564086914062,17.002700805664034
7.663865546218488,0.008403361344537815,207.59698486328125,196.87877655029297,17.546905517578068,17.04020690917966
7.6722689075630255,0.008403361344537815,207.61962127685547,196.8804016113281,17.62101745605466,17.0594482421875
7.680672268907563,0.008403361344537815,207.65727996826172,196.89522552490234,17.59587097167966,17.01127624511716
7.689075630252101,0.008403361344537815,207.6555480957031,196.89637756347656,17.659423828125,16.99822998046878
7.697478991596639,0.008403361344537815,207.67272186279297,196.88082122802734,17.629806518554716,16.975601196289062
7.705882352941177,0.008403361344537815,207.6195831298828,196.89749908447266,17.61010742187497,17.04887390136716
7.714285714285714,0.008403361344537815,207.6194610595703,196.8797149658203,17.634246826171847,17.000030517578153
7.722689075630252,0.008403361344537815,207.6428451538086,196.84596252441406,17.636215209960966,17.013977050781193
7.73109243697479,0.008403361344537815,207.5915298461914,196.83502960205078,17.564559936523466,16.948226928710938
7.773109243697479,0.008403361344537815,207.70719146728516,196.8273468017578,17.646286010742216,16.91149902343747
7.781512605042017,0.008403361344537815,207.6677780151367,196.8401336669922,17.659469604492244,16.931579589843835
7.7899159663865545,0.008403361344537815,207.68629455566406,196.85018920898438,17.596710205078097,17.03759765625003
7.798319327731092,0.008403361344537815,207.68157196044922,196.87818145751953,17.62403869628909,16.975814819335966
7.80672268907563,0.008403361344537815,207.64688873291016,196.86475372314453,17.64726257324216,17.029281616210938
7.815126050420168,0.008403361344537815,207.66615295410156,196.88045501708984,17.58868408203128,17.059860229492188
7.823529411764706,0.008403361344537815,207.67667388916016,196.9011688232422,17.610671997070284,16.98956298828128
7.831932773109243,0.008403361344537815,207.6723403930664,196.83941650390625,17.60829162597659,16.896392822265597
7.840336134453781,0.008403361344537815,207.64644622802734,196.82489776611328,17.579269409179688,17.042251586914062
7.848739495798319,0.008403361344537815,207.64449310302737,196.84142303466797,17.630722045898438,17.021835327148352
7.857142857142857,0.008403361344537815,207.67057037353518,196.87012481689453,17.58586120605463,17.006759643554773
7.8655462184873945,0.008403361344537815,207.73867797851562,196.8385009765625,17.54052734375,17.019500732421903
7.873949579831932,0.008403361344537815,207.69644927978516,196.8896484375,17.624618530273466,16.964080810546818
7.882352941176471,0.008403361344537815,207.72403717041016,196.90710449218753,17.60200500488284,17.011505126953125
7.890756302521009,0.008403361344537815,207.65052795410153,196.8261489868164,17.636322021484318,16.94651794433591
7.899159663865547,0.008403361344537815,207.7015914916992,196.8397979736328,17.627365112304688,16.902252197265625
7.907563025210084,0.008403361344537815,207.65950012207034,196.89329528808594,17.57220458984375,16.994354248046847
7.915966386554622,0.008403361344537815,207.69963836669922,196.8515625,17.610824584961023,16.93096923828122
7.92436974789916,0.008403361344537815,207.67185974121094,196.82665252685547,17.613250732421903,16.968826293945312
7.932773109243698,0.008403361344537815,207.7066879272461,196.90360260009766,17.60203552246091,17.001449584960938
7.9411764705882355,0.008403361344537815,207.69723510742188,196.82727813720703,17.66375732421872,16.890457153320312
7.949579831932773,0.008403361344537815,207.7208709716797,196.85433197021484,17.575592041015682,16.989517211914062
7.957983193277311,0.008403361344537815,207.70198822021484,196.8757553100586,17.645736694335966,16.957351684570312
7.966386554621849,0.008403361344537815,207.6338119506836,196.88601684570312,17.56181335449216,17.028778076171903
7.974789915966387,0.008403361344537815,207.68014526367188,196.8670425415039,17.600158691406307,16.924270629882784
7.983193277310924,0.008403361344537815,207.7395782470703,196.87261199951172,17.59143066406253,17.005233764648438
7.991596638655462,0.008403361344537815,207.68703460693357,196.90771484375,17.63545227050787,16.970458984375
8.0,0.008403361344537815,207.73703002929688,196.83448028564453,17.734588623046847,16.925125122070312
8.008403361344538,0.008403361344537815,207.69766235351562,196.8741912841797,17.72686767578125,16.908355712890653
8.016806722689076,0.008403361344537815,207.7614974975586,196.84107208251953,17.615737915039062,17.07740783691409
8.025210084033613,0.008403361344537815,207.74703979492188,196.8540496826172,17.725189208984403,16.905120849609403
8.033613445378151,0.008403361344537815,207.7416534423828,196.8799285888672,17.635284423828125,16.97644042968753
8.042016806722689,0.008403361344537815,207.66339874267578,196.82018280029297,17.680618286132812,16.944503784179688
8.050420168067227,0.008403361344537815,207.69078826904297,196.84928131103516,17.553298950195312,17.040786743164034
8.058823529411764,0.008403361344537815,207.74464416503906,196.8643341064453,17.604522705078153,16.954010009765625
8.067226890756302,0.008403361344537815,207.7126235961914,196.83783721923828,17.593856811523438,16.976882934570284
8.07563025210084,0.008403361344537815,207.7162322998047,196.86346435546875,17.706207275390597,16.892852783203182
8.084033613445378,0.008403361344537815,207.7375259399414,196.85301208496094,17.605148315429716,17.01611328124997
8.092436974789916,0.008403361344537815,207.7742156982422,196.85848999023438,17.599517822265653,17.01068115234375
8.100840336134453,0.008403361344537815,207.73796844482422,196.86026763916013,17.67848205566409,16.914993286132812
8.109243697478991,0.008403361344537815,207.7398223876953,196.871337890625,17.653778076171847,16.92431640624997
8.117647058823529,0.008403361344537815,207.73995971679688,196.8763656616211,17.677825927734318,16.926193237304688
8.134453781512605,0.008403361344537815,207.72171020507812,196.86156463623047,17.672943115234375,16.959457397460938
8.142857142857142,0.008403361344537815,207.73409271240234,196.88157653808594,17.625625610351534,17.043243408203153
8.15126050420168,0.008403361344537815,207.6993408203125,196.9111328125,17.61804199218753,16.974945068359347
8.159663865546218,0.008403361344537815,207.67578887939453,196.90531158447266,17.58601379394534,17.013137817382784
8.168067226890756,0.008403361344537815,207.71637725830078,196.8611068725586,17.672927856445312,16.93678283691409
8.176470588235293,0.008403361344537815,207.72248077392578,196.87554168701172,17.69651794433591,16.92405700683591
8.184873949579831,0.008403361344537815,207.69068145751953,196.9013671875,17.542861938476534,17.040252685546847
8.193277310924369,0.008403361344537815,207.7517852783203,196.8720245361328,17.58813476562503,17.0660400390625
8.201680672268907,0.008403361344537815,207.70077514648438,196.9063720703125,17.610382080078097,17.02349853515628
8.210084033613445,0.008403361344537815,207.67858123779297,196.8891525268555,17.582992553710938,17.06706237792963
8.218487394957982,0.008403361344537815,207.73441314697266,196.83636474609375,17.649124145507812,16.930328369140625
8.22689075630252,0.008403361344537815,207.7311248779297,196.8438949584961,17.561737060546847,16.959030151367244
8.235294117647058,0.008403361344537815,207.69432830810547,196.8290557861328,17.558334350585966,16.961639404296875
8.243697478991596,0.008403361344537815,207.68885040283203,196.80989837646484,17.529312133789034,17.00386047363287
8.252100840336135,0.008403361344537815,207.68965911865234,196.79721069335938,17.551284790039034,17.00469970703125
8.260504201680673,0.008403361344537815,207.68443298339844,196.81117248535156,17.494476318359318,17.007965087890625
8.268907563025211,0.008403361344537815,207.7039947509766,196.82569122314453,17.63250732421875,16.92802429199216
8.277310924369749,0.008403361344537815,207.6828384399414,196.87157440185547,17.60136413574213,17.002761840820227
8.285714285714286,0.008403361344537815,207.69930267333982,196.8661117553711,17.64418029785162,17.001541137695312
8.294117647058824,0.008403361344537815,207.6801300048828,196.83417510986328,17.55975341796872,16.95265197753912
8.302521008403362,0.008403361344537815,207.6699752807617,196.81635284423828,17.607162475585938,16.921951293945312
8.3109243697479,0.008403361344537815,207.6654052734375,196.77281951904297,17.67010498046878,16.94749450683591
8.319327731092438,0.008403361344537815,207.64717864990234,196.80584716796875,17.599960327148523,16.93603515624997
8.327731092436975,0.008403361344537815,207.70642852783203,196.82604217529297,17.62242126464838,16.937118530273466
8.336134453781513,0.008403361344537815,207.6384735107422,196.8060531616211,17.5364990234375,16.992660522460938
8.344537815126051,0.008403361344537815,207.65506744384766,196.8605728149414,17.58290100097659,17.065078735351534
8.352941176470589,0.008403361344537815,207.62996673583982,196.86802673339844,17.525070190429688,16.987091064453125
8.361344537815127,0.008403361344537815,207.64971923828125,196.84143829345703,17.598052978515682,16.960586547851562
8.369747899159664,0.008403361344537815,207.6691131591797,196.804801940918,17.617889404296847,16.946731567382756
8.378151260504202,0.008403361344537815,207.64877319335938,196.7708740234375,17.67913818359375,16.960876464843693
8.38655462184874,0.008403361344537815,207.69449615478516,196.8237762451172,17.599990844726534,16.93536376953125
8.394957983193278,0.008403361344537815,207.64351654052734,196.792236328125,17.630996704101562,16.956817626953125
8.403361344537815,0.008403361344537815,207.69188690185547,196.80357360839844,17.62074279785162,16.977813720703125
8.411764705882353,0.008403361344537815,207.69184112548828,196.8108673095703,17.59599304199213,16.99371337890625
8.420168067226891,0.008403361344537815,207.68082427978516,196.80371856689453,17.60124206542966,16.898483276367188
8.428571428571429,0.008403361344537815,207.66068267822266,196.80150604248047,17.624801635742188,16.933883666992216
8.436974789915967,0.008403361344537815,207.64278411865234,196.81209564208984,17.587142944335966,16.95475769042966
8.445378151260504,0.008403361344537815,207.67130279541016,196.81293487548828,17.58226013183591,16.98384094238284
8.453781512605042,0.008403361344537815,207.71568298339847,196.82318878173828,17.61529541015625,16.949325561523438
8.46218487394958,0.008403361344537815,207.68801879882812,196.81382751464844,17.59027099609378,16.923309326171875
8.470588235294118,0.008403361344537815,207.68885040283206,196.8448486328125,17.61820983886713,16.95080566406247
8.478991596638656,0.008403361344537815,207.65882873535156,196.80423736572266,17.57177734374997,16.971694946289062
8.487394957983193,0.008403361344537815,207.7028350830078,196.85745239257812,17.636260986328068,16.981658935546875
8.495798319327731,0.008403361344537815,207.61695098876953,196.81077575683594,17.614517211914006,17.026947021484347
8.504201680672269,0.008403361344537815,207.71671295166016,196.82962036132812,17.620956420898438,16.941162109374943
8.512605042016807,0.008403361344537815,207.69212341308594,196.897216796875,17.640167236328125,17.010101318359347
8.521008403361344,0.008403361344537815,207.70931243896484,196.8662033081055,17.63414001464841,16.96000671386713
8.529411764705882,0.008403361344537815,207.68750762939456,196.89682006835938,17.573287963867244,17.01184082031253
8.53781512605042,0.008403361344537815,207.6917724609375,196.86978912353516,17.612030029296875,16.98448181152341
8.546218487394958,0.008403361344537815,207.66043090820312,196.83951568603516,17.579132080078125,17.015975952148438
8.554621848739496,0.008403361344537815,207.65727996826172,196.84249877929688,17.583969116210938,17.05322265625003
8.563025210084033,0.008403361344537815,207.65326690673828,196.8437042236328,17.562271118163977,16.99609374999997
8.571428571428571,0.008403361344537815,207.6717071533203,196.8553237915039,17.669708251953125,16.95216369628909
8.579831932773109,0.008403361344537815,207.6373519897461,196.84587860107422,17.547195434570284,17.023880004882784
8.588235294117647,0.008403361344537815,207.65851593017578,196.85545349121094,17.56559753417966,17.030975341796875
8.596638655462185,0.008403361344537815,207.67317962646484,196.86624145507812,17.61979675292966,16.98516845703125
8.605042016806722,0.008403361344537815,207.66947937011722,196.80564880371094,17.685424804687443,16.926666259765597
8.61344537815126,0.008403361344537815,207.67899322509766,196.84068298339844,17.61497497558591,16.93432617187503
8.621848739495798,0.008403361344537815,207.66156005859375,196.86388397216797,17.563323974609403,16.986862182617216
8.630252100840336,0.008403361344537815,207.63833618164065,196.8282012939453,17.572357177734432,17.01074218750003
8.638655462184873,0.008403361344537815,207.66436767578125,196.85575103759766,17.598236083984375,16.98103332519537
8.647058823529411,0.008403361344537815,207.64462280273438,196.817626953125,17.623992919921847,16.93927001953128
8.655462184873949,0.008403361344537815,207.65276336669922,196.87238311767578,17.565628051757812,17.016220092773438
8.663865546218487,0.008403361344537815,207.6521224975586,196.87413024902344,17.51173400878909,16.987518310546847
8.672268907563025,0.008403361344537815,207.6618423461914,196.86347198486328,17.596878051757784,17.002426147460938
8.680672268907562,0.008403361344537815,207.63274383544922,196.88335418701172,17.54002380371091,17.05848693847662
8.6890756302521,0.008403361344537815,207.7087631225586,196.87824249267578,17.62654113769534,16.976272583007784
8.697478991596638,0.008403361344537815,207.67459106445312,196.89864349365234,17.5546875,17.044174194335938
8.705882352941176,0.008403361344537815,207.65908813476562,196.87653350830078,17.561798095703125,16.993362426757784
8.714285714285714,0.008403361344537815,207.63400268554688,196.84723663330078,17.578948974609375,17.021041870117216
8.722689075630251,0.008403361344537815,207.6417999267578,196.86509704589844,17.559295654296847,17.059051513671875
8.731092436974789,0.008403361344537815,207.6871566772461,196.85480499267578,17.600509643554716,16.964401245117216
8.739495798319327,0.008403361344537815,207.65174102783203,196.86090087890625,17.61381530761716,17.04949951171878
8.747899159663865,0.008403361344537815,207.65267944335938,196.85333251953125,17.608032226562557,17.05459594726571
8.756302521008404,0.008403361344537815,207.61541748046875,196.82723999023438,17.520416259765625,17.037872314453153
8.764705882352942,0.008403361344537815,207.62762451171875,196.83760833740234,17.53894042968753,17.02473449707034
8.77310924369748,0.008403361344537815,207.66316986083984,196.893798828125,17.59956359863284,17.0128173828125
8.781512605042018,0.008403361344537815,207.67034912109375,196.89960479736328,17.565093994140597,17.06187438964841
8.789915966386555,0.008403361344537815,207.68810272216797,196.86851501464844,17.56538391113284,16.979461669921903
8.798319327731093,0.008403361344537815,207.67799377441406,196.8934783935547,17.59045410156253,17.035858154296875
8.806722689075631,0.008403361344537815,207.7010040283203,196.86742401123047,17.589538574218693,16.974166870117216
8.815126050420169,0.008403361344537815,207.66075134277344,196.89957427978516,17.533233642578153,17.05873107910159
8.823529411764707,0.008403361344537815,207.64706420898438,196.90119171142578,17.593536376953068,17.048294067382784
8.831932773109244,0.008403361344537815,207.65696716308594,196.89278411865234,17.54931640625,17.080490112304716
8.840336134453782,0.008403361344537815,207.69603729248047,196.84971618652344,17.630081176757812,16.97839355468753
8.84873949579832,0.008403361344537815,207.66171264648438,196.88153839111328,17.573577880859347,17.030227661132812
8.857142857142858,0.008403361344537815,207.72086334228516,196.9013671875,17.622390747070227,17.020721435546932
8.865546218487395,0.008403361344537815,207.66873168945312,196.87843322753906,17.610076904296875,16.97833251953128
8.873949579831933,0.008403361344537815,207.66287994384766,196.89771270751953,17.53755187988284,17.00282287597659
8.882352941176471,0.008403361344537815,207.63506317138672,196.8680648803711,17.556198120117188,17.012954711914062
8.890756302521009,0.008403361344537815,207.6477279663086,196.86859893798828,17.55851745605466,17.023117065429688
8.899159663865547,0.008403361344537815,207.6096420288086,196.88333129882812,17.585922241210938,17.081817626953097
8.907563025210084,0.008403361344537815,207.64095306396484,196.8825454711914,17.52699279785162,17.062332153320256
8.915966386554622,0.008403361344537815,207.6235122680664,196.87580108642578,17.60694885253909,17.05723571777341
8.92436974789916,0.008403361344537815,207.63729095458984,196.86102294921875,17.53755187988284,16.9853515625
8.932773109243698,0.008403361344537815,207.6759262084961,196.81539154052734,17.632797241210938,16.916061401367216
8.941176470588236,0.008403361344537815,207.66500091552734,196.87969207763672,17.565505981445256,17.046890258789062
8.949579831932773,0.008403361344537815,207.6759033203125,196.8831024169922,17.572296142578125,16.964935302734375
8.957983193277311,0.008403361344537815,207.67499542236328,196.8647003173828,17.619674682617244,16.946624755859403
8.966386554621849,0.008403361344537815,207.69194793701175,196.82777404785156,17.643722534179688,16.925567626953125
8.974789915966387,0.008403361344537815,207.71851348876953,196.88833618164062,17.64262390136713,16.984039306640625
8.983193277310924,0.008403361344537815,207.7108383178711,196.86465454101562,17.64738464355466,16.936492919921847
8.991596638655462,0.008403361344537815,207.7363510131836,196.87989044189453,17.651443481445312,16.969467163085938
9.0,0.008403361344537815,207.70172882080078,196.87387084960938,17.532424926757727,16.983612060546875
9.008403361344538,0.008403361344537815,207.7163848876953,196.9139175415039,17.65417480468747,17.04164123535159
9.016806722689076,0.008403361344537815,207.715576171875,196.8643798828125,17.609588623046903,17.018737792968807
9.025210084033613,0.008403361344537815,207.73371124267575,196.88673400878906,17.672988891601562,16.955108642578125
9.033613445378151,0.008403361344537815,207.70546722412112,196.82000732421875,17.575393676757756,16.992858886718807
9.042016806722689,0.008403361344537815,207.72086334228516,196.83472442626953,17.598281860351562,17.014022827148438
9.050420168067227,0.008403361344537815,207.7080078125,196.8456802368164,17.59320068359378,17.073410034179716
9.058823529411764,0.008403361344537815,207.7414093017578,196.88028717041016,17.575012207031307,17.01295471191409
9.067226890756302,0.008403361344537815,207.72330474853516,196.8335723876953,17.62876892089841,16.962158203125
9.07563025210084,0.008403361344537815,207.65888977050784,196.86655426025393,17.636444091796875,17.054824829101506
9.084033613445378,0.008403361344537815,207.6793441772461,196.87296295166016,17.59336853027341,17.02931213378909
9.092436974789916,0.008403361344537815,207.7079620361328,196.86563110351562,17.56646728515622,16.996856689453153
9.100840336134453,0.008403361344537815,207.70086669921875,196.83934020996094,17.587860107421875,16.967864990234347
9.109243697478991,0.008403361344537815,207.67656707763672,196.8252944946289,17.606277465820312,16.97178649902341
9.117647058823529,0.008403361344537815,207.6896209716797,196.8422622680664,17.594024658203153,16.957595825195312
9.126050420168067,0.008403361344537815,207.66266632080078,196.88057708740234,17.63172912597659,17.01359558105466
9.134453781512605,0.008403361344537815,207.66799926757812,196.86936950683594,17.58557128906247,17.068572998046847
9.142857142857142,0.008403361344537815,207.65760040283203,196.85067749023438,17.61997985839841,17.06628417968747
9.15126050420168,0.008403361344537815,207.6313247680664,196.88289642333984,17.588485717773438,17.05686950683591
9.159663865546218,0.008403361344537815,207.69612884521484,196.90151977539062,17.545516967773438,17.00238037109375
9.168067226890756,0.008403361344537815,207.63837432861328,196.8925323486328,17.531448364257812,17.158813476562557
9.176470588235293,0.008403361344537815,207.65218353271484,196.8854522705078,17.598861694335938,17.06988525390628
9.184873949579831,0.008403361344537815,207.66980743408203,196.84876251220703,17.597488403320312,17.048995971679716
9.193277310924369,0.008403361344537815,207.6947021484375,196.88661193847656,17.526672363281165,17.006927490234347
9.201680672268907,0.008403361344537815,207.70208740234375,196.91138458251953,17.57696533203128,17.031265258789006
9.210084033613445,0.008403361344537815,207.65589141845703,196.8836669921875,17.576278686523438,17.041595458984432
9.218487394957982,0.008403361344537815,207.7365951538086,196.9060287475586,17.61231994628909,17.050552368164034
9.22689075630252,0.008403361344537815,207.70579528808594,196.87114715576172,17.59814453124997,17.049514770507756
9.235294117647058,0.008403361344537815,207.66986846923828,196.88089752197266,17.58171081542966,17.05351257324216
9.243697478991596,0.008403361344537815,207.66287231445312,196.8252944946289,17.62884521484372,16.936111450195284
9.252100840336135,0.008403361344537815,207.68029022216797,196.8881988525391,17.637496948242188,17.032592773437443
9.260504201680673,0.008403361344537815,207.6621551513672,196.8491363525391,17.608215332031165,16.978363037109318
9.268907563025211,0.008403361344537815,207.67074584960938,196.8544158935547,17.5606689453125,17.043975830078097
9.277310924369749,0.008403361344537815,207.68328857421875,196.86257934570312,17.610443115234375,16.958770751953125
9.285714285714286,0.008403361344537815,207.73224639892578,196.82482147216797,17.59114074707034,16.927963256835938
9.294117647058824,0.008403361344537815,207.66627502441406,196.83592987060547,17.603485107421818,17.053421020507812
9.302521008403362,0.008403361344537815,207.67686462402344,196.84264373779297,17.576904296874943,17.02369689941409
9.3109243697479,0.008403361344537815,207.62975311279294,196.88008880615234,17.573196411132812,17.10182189941409
9.319327731092438,0.008403361344537815,207.68038940429688,196.8677749633789,17.628784179687557,17.06114196777341
9.327731092436975,0.008403361344537815,207.69318389892578,196.85984802246094,17.58512878417966,17.040496826171875
9.336134453781513,0.008403361344537815,207.6826171875,196.8228988647461,17.550262451171903,17.01731872558588
9.344537815126051,0.008403361344537815,207.6731185913086,196.82827758789062,17.61378479003909,16.994293212890597
9.352941176470589,0.008403361344537815,207.68453216552737,196.82398223876953,17.606155395507812,16.960769653320312
9.361344537815127,0.008403361344537815,207.6880645751953,196.8503875732422,17.654449462890682,16.95092773437503
9.369747899159664,0.008403361344537815,207.6426544189453,196.84519958496094,17.549560546875,17.060394287109318
9.378151260504202,0.008403361344537815,207.62232208251953,196.84040069580078,17.51640319824213,17.040756225585938
9.38655462184874,0.008403361344537815,207.6536865234375,196.83946228027344,17.601348876953125,17.022552490234403
9.394957983193278,0.008403361344537815,207.63797760009763,196.86292266845703,17.60816955566412,16.969253540038977
9.403361344537815,0.008403361344537815,207.7166290283203,196.81922149658203,17.528900146484375,16.982742309570312
9.411764705882353,0.008403361344537815,207.674072265625,196.85447692871094,17.53887939453122,17.00604248046875
9.420168067226891,0.008403361344537815,207.663330078125,196.83822631835938,17.534515380859403,17.0218505859375
9.428571428571429,0.008403361344537815,207.63490295410156,196.83670043945312,17.59820556640622,17.044342041015597
9.436974789915967,0.008403361344537815,207.63060760498047,196.8660888671875,17.504867553710938,17.0830078125
9.445378151260504,0.008403361344537815,207.6578369140625,196.85842132568357,17.576019287109318,17.037551879882812
9.453781512605042,0.008403361344537815,207.6047134399414,196.8252182006836,17.587600708007756,17.058456420898466
9.46218487394958,0.008403361344537815,207.67617797851562,196.87936401367188,17.57824707031253,17.01440429687503
9.470588235294118,0.008403361344537815,207.69287109375,196.8407974243164,17.547576904296903,17.021499633789062
9.478991596638656,0.008403361344537815,207.6281280517578,196.82962799072266,17.5748291015625,17.044479370117188
9.487394957983193,0.008403361344537815,207.62476348876953,196.85271453857422,17.568008422851562,17.01472473144537
9.495798319327731,0.008403361344537815,207.65804290771484,196.81017303466797,17.62309265136716,16.96952819824213
9.504201680672269,0.008403361344537815,207.6339569091797,196.87052154541016,17.489746093750057,17.09324645996091
9.512605042016807,0.008403361344537815,207.64090728759766,196.88007354736328,17.541000366210966,17.014633178710966
9.521008403361344,0.008403361344537815,207.6470947265625,196.88872528076172,17.560882568359375,17.003463745117188
9.529411764705882,0.008403361344537815,207.63890075683594,196.86395263671878,17.56628417968747,17.051574707031193
9.53781512605042,0.008403361344537815,207.6011962890625,196.82510375976562,17.46160888671872,17.01715087890628
9.546218487394958,0.008403361344537815,207.69824981689453,196.90351104736328,17.56840515136716,17.005691528320284
9.554621848739496,0.008403361344537815,207.65794372558594,196.84294891357422,17.609649658203125,17.011367797851534
9.563025210084033,0.008403361344537815,207.6153793334961,196.8637466430664,17.567581176757784,17.031265258789034
9.571428571428571,0.008403361344537815,207.62310791015625,196.84607696533203,17.494903564453125,17.11274719238284
9.579831932773109,0.008403361344537815,207.6374053955078,196.8625717163086,17.555694580078097,17.061782836914062
9.588235294117647,0.008403361344537815,207.63257598876953,196.86183166503906,17.579971313476562,17.04241943359372
9.596638655462185,0.008403361344537815,207.64320373535156,196.8775177001953,17.569244384765568,17.05981445312503
9.605042016806722,0.008403361344537815,207.60836029052734,196.85550689697266,17.48100280761716,17.031570434570312
9.61344537815126,0.008403361344537815,207.5715789794922,196.81356811523438,17.535552978515653,17.00927734375003
9.621848739495798,0.008403361344537815,207.64881134033203,196.86824798583984,17.591598510742216,17.047653198242216
9.630252100840336,0.008403361344537815,207.60287475585938,196.87026977539062,17.591339111328068,17.0098876953125
9.638655462184873,0.008403361344537815,207.57774353027344,196.8470230102539,17.508605957031335,17.012008666992216
9.647058823529411,0.008403361344537815,207.62222290039062,196.89771270751953,17.60687255859375,17.084854125976534
9.655462184873949,0.008403361344537815,207.67906188964844,196.8845443725586,17.579864501953153,16.99427795410159
9.663865546218487,0.008403361344537815,207.66565704345703,196.89971160888672,17.577560424804716,17.039138793945284
9.672268907563025,0.008403361344537815,207.6148681640625,196.9108428955078,17.571075439453153,17.10519409179679
9.680672268907562,0.008403361344537815,207.69541931152344,196.92028045654297,17.591094970703182,16.993637084960966
9.6890756302521,0.008403361344537815,207.67349243164062,196.9156951904297,17.562103271484375,17.053985595703097
9.697478991596638,0.008403361344537815,207.70935821533203,196.89850616455078,17.592605590820312,17.018936157226534
9.705882352941176,0.008403361344537815,207.64759826660156,196.89088439941403,17.569549560546903,17.042388916015682
9.714285714285714,0.008403361344537815,207.69955444335938,196.89899444580078,17.598785400390625,16.975112915039062
9.722689075630251,0.008403361344537815,207.64077758789062,196.91436004638672,17.59710693359378,17.037063598632784
9.731092436974789,0.008403361344537815,207.6250457763672,196.9066390991211,17.561401367187557,17.024917602539034
9.739495798319327,0.008403361344537815,207.64178466796875,196.91130828857422,17.51116943359372,17.07154846191409
9.747899159663865,0.008403361344537815,207.61083984375,196.87682342529297,17.551208496093807,17.05937194824216
9.756302521008404,0.008403361344537815,207.6683120727539,196.87393188476565,17.539291381835994,16.996917724609375
9.764705882352942,0.008403361344537815,207.6029052734375,196.89710998535156,17.61383056640625,17.053894042968693
9.77310924369748,0.008403361344537815,207.65939331054688,196.89644622802734,17.54687500000003,17.04158020019534
9.781512605042018,0.008403361344537815,207.62025451660156,196.93577575683594,17.622070312500057,17.076019287109403
9.789915966386555,0.008403361344537815,207.60507202148438,196.9010467529297,17.56744384765628,17.051055908203097
9.798319327731093,0.008403361344537815,207.58692932128906,196.9207000732422,17.543304443359403,17.07659912109378
9.806722689075631,0.008403361344537815,207.64493560791016,196.88148498535156,17.549392700195284,17.057403564453153
9.815126050420169,0.008403361344537815,207.5940170288086,196.90704345703125,17.545761108398494,17.04705810546875
9.823529411764707,0.008403361344537815,207.6423797607422,196.9214630126953,17.56481933593753,17.03713989257804
9.831932773109244,0.008403361344537815,207.67011260986328,196.89569091796875,17.589157104492216,17.10699462890625
9.840336134453782,0.008403361344537815,207.68333435058597,196.8963394165039,17.56292724609375,17.10691833496088
9.84873949579832,0.008403361344537815,207.6773681640625,196.91250610351562,17.54583740234372,17.008331298828125
9.857142857142858,0.008403361344537815,207.6639862060547,196.90802764892578,17.58880615234372,17.02848815917966
9.865546218487395,0.008403361344537815,207.6467742919922,196.90809631347656,17.52429199218753,17.061920166015625
9.873949579831933,0.008403361344537815,207.69143676757812,196.89131927490234,17.55816650390625,17.074325561523438
9.882352941176471,0.008403361344537815,207.6822280883789,196.8999786376953,17.55607604980463,17.07110595703122
9.890756302521009,0.008403361344537815,207.6290283203125,196.92212677001953,17.556427001953097,17.06874084472659
9.899159663865547,0.008403361344537815,207.63549041748047,196.92465972900393,17.605239868164062,17.065383911132812
9.907563025210084,0.008403361344537815,207.68006134033203,196.90184783935547,17.561386108398438,17.09822082519534
9.915966386554622,0.008403361344537815,207.64759063720703,196.90361785888672,17.51667785644534,17.119949340820284
9.92436974789916,0.008403361344537815,207.6492919921875,196.90933227539062,17.557708740234375,16.992889404296875
9.932773109243698,0.008403361344537815,207.68553161621094,196.8919219970703,17.615264892578097,16.947540283203097
9.941176470588236,0.008403361344537815,207.64417266845703,196.91165161132812,17.54872131347659,17.04986572265622
9.949579831932773,0.008403361344537815,207.60751342773438,196.87322235107422,17.606170654296903,17.024063110351534
9.957983193277311,0.008403361344537815,207.70035552978516,196.91502380371094,17.52122497558591,16.992919921875
9.966386554621849,0.008403361344537815,207.7053985595703,196.8959732055664,17.60302734375003,16.96046447753909
9.974789915966387,0.008403361344537815,207.6822738647461,196.86631774902344,17.580825805664062,17.02984619140625
9.983193277310924,0.008403361344537815,207.66991424560547,196.92707061767578,17.555618286132784,17.012466430664034
9.991596638655462,0.008403361344537815,207.65763092041016,196.93048858642578,17.586380004882812,17.05116271972662
10.0,0.008403361344537815,207.6284637451172,196.9051055908203,17.49829101562503,17.0863037109375
10.008403361344538,0.008403361344537815,207.6328125,196.9031982421875,17.606170654296875,17.040924072265653
10.016806722689076,0.008403361344537815,207.65238189697266,196.9147186279297,17.566635131835966,17.053100585937557
10.025210084033613,0.008403361344537815,207.64645385742188,196.91193389892578,17.54632568359378,17.10169982910162
10.033613445378151,0.008403361344537815,207.6303939819336,196.89765167236328,17.503219604492244,17.068984985351562
10.042016806722689,0.008403361344537815,207.6220703125,196.9157257080078,17.52087402343753,17.113800048828125
10.050420168067227,0.008403361344537815,207.6286163330078,196.9179916381836,17.593414306640682,17.02012634277341
10.058823529411764,0.008403361344537815,207.6332778930664,196.8998260498047,17.558578491210966,17.061981201171847
10.067226890756302,0.008403361344537815,207.63191223144528,196.89981079101562,17.6387939453125,17.03643798828128
10.07563025210084,0.008403361344537815,207.61324310302734,196.9026336669922,17.650497436523438,17.01202392578122
10.084033613445378,0.008403361344537815,207.6176528930664,196.90374755859375,17.657089233398438,17.017913818359375
10.092436974789916,0.008403361344537815,207.61043548583984,196.90005493164062,17.65425109863284,17.003936767578125
10.100840336134453,0.008403361344537815,207.66448211669922,196.98320770263672,17.58189392089841,17.118301391601562
10.109243697478991,0.008403361344537815,207.6708755493164,196.93622589111328,17.698257446288977,17.069656372070312
10.117647058823529,0.008403361344537815,207.6043243408203,196.90314483642578,17.686676025390653,17.000991821289006
10.126050420168067,0.008403361344537815,207.59117126464844,196.88580322265625,17.653106689453125,17.045013427734347
10.134453781512605,0.008403361344537815,207.62024688720703,196.91123962402344,17.671951293945256,17.04693603515622
10.142857142857142,0.008403361344537815,207.60903930664062,196.91065216064453,17.674713134765653,17.026931762695312
10.15126050420168,0.008403361344537815,207.61980438232422,196.91456604003906,17.685165405273438,17.066894531250057
10.159663865546218,0.008403361344537815,207.6482696533203,196.91118621826172,17.65130615234375,17.072616577148466
10.168067226890756,0.008403361344537815,207.6475372314453,196.93207550048828,17.558380126953097,17.109512329101534
10.176470588235293,0.008403361344537815,207.71497344970703,196.88652801513672,17.565597534179688,17.058273315429716
10.184873949579831,0.008403361344537815,207.6872100830078,196.91768646240234,17.548889160156307,17.074203491210938
10.193277310924369,0.008403361344537815,207.6730499267578,196.90679168701172,17.551025390625057,17.094497680664034
10.201680672268907,0.008403361344537815,207.7123794555664,196.88878631591797,17.649032592773438,17.044784545898523
10.210084033613445,0.008403361344537815,207.66106414794922,196.89762115478516,17.649124145507784,17.054428100585994
10.218487394957982,0.008403361344537815,207.62860870361328,196.91940307617188,17.685409545898466,17.03417968750003
10.22689075630252,0.008403361344537815,207.68216705322266,196.91659545898438,17.570663452148466,17.07830810546872
10.235294117647058,0.008403361344537815,207.63189697265622,196.86832427978516,17.65802001953125,17.008010864257784
10.243697478991596,0.008403361344537815,207.6572494506836,196.87865447998047,17.592330932617216,17.013473510742216
10.252100840336135,0.008403361344537815,207.63665008544922,196.92501068115234,17.57765197753909,17.103713989257812
10.260504201680673,0.008403361344537815,207.6651611328125,196.91790008544922,17.5931396484375,17.114700317382784
10.268907563025211,0.008403361344537815,207.62784576416016,196.89917755126953,17.640670776367188,17.06547546386716
10.277310924369749,0.008403361344537815,207.6013488769531,196.88922119140625,17.659027099609432,17.064971923828125
10.285714285714286,0.008403361344537815,207.62437438964844,196.8846435546875,17.68768310546872,17.050109863281335
10.294117647058824,0.008403361344537815,207.63841247558594,196.90436553955078,17.65515136718753,17.04801940917966
10.302521008403362,0.008403361344537815,207.61905670166016,196.92662811279297,17.64518737792966,17.059860229492273
10.3109243697479,0.008403361344537815,207.69768524169922,196.92359924316406,17.617568969726506,17.004852294921875
10.319327731092438,0.008403361344537815,207.6904296875,196.89073944091797,17.66619873046875,17.051712036132812
10.327731092436975,0.008403361344537815,207.68377685546875,196.90709686279297,17.591705322265625,17.00840759277338
10.336134453781513,0.008403361344537815,207.755859375,196.86040496826172,17.57568359375003,17.065475463867216
10.344537815126051,0.008403361344537815,207.6549835205078,196.90457153320312,17.63232421875003,17.06292724609372
10.352941176470589,0.008403361344537815,207.63706970214844,196.92176055908203,17.665679931640682,17.013839721679716
10.361344537815127,0.008403361344537815,207.7017822265625,196.89955139160156,17.621124267578068,16.984893798828153
10.369747899159664,0.008403361344537815,207.68180084228516,196.90765380859375,17.602462768554744,16.982666015624943
10.378151260504202,0.008403361344537815,207.69578552246094,196.89268493652344,17.634918212890568,16.971405029296903
10.38655462184874,0.008403361344537815,207.74002075195312,196.90927124023438,17.620330810546847,16.96630859375
10.394957983193278,0.008403361344537815,207.71615600585938,196.9068603515625,17.60382080078122,17.049346923828153
10.403361344537815,0.008403361344537815,207.72239685058594,196.89195251464844,17.603179931640568,17.02832031250003
10.411764705882353,0.008403361344537815,207.70455169677734,196.90766143798828,17.69306945800787,16.892684936523438
10.420168067226891,0.008403361344537815,207.71087646484375,196.94805908203125,17.64825439453122,17.024749755859432
10.428571428571429,0.008403361344537815,207.7035903930664,196.9233627319336,17.610183715820284,16.991043090820312
10.436974789915967,0.008403361344537815,207.75191497802734,196.8907012939453,17.587112426757784,17.020843505859403
10.445378151260504,0.008403361344537815,207.7070770263672,196.91319274902344,17.571350097656193,16.9974365234375
10.453781512605042,0.008403361344537815,207.74102020263672,196.88490295410153,17.59489440917966,17.022644042968807
10.46218487394958,0.008403361344537815,207.74000549316406,196.88333129882812,17.59210205078122,17.021392822265625
10.470588235294118,0.008403361344537815,207.72969818115234,196.83428955078125,17.64787292480466,16.93530273437503
10.478991596638656,0.008403361344537815,207.68863677978516,196.8247299194336,17.63459777832034,16.939376831054716
10.487394957983193,0.008403361344537815,207.72733306884766,196.8768539428711,17.74116516113284,16.913192749023494
10.495798319327731,0.008403361344537815,207.70609283447266,196.88451385498044,17.708511352539062,16.89479064941412
10.504201680672269,0.008403361344537815,207.7514190673828,196.87364959716797,17.67535400390625,16.91365051269534
10.521008403361344,0.008403361344537815,207.71009826660156,196.86815643310547,17.68835449218753,16.88301086425784
10.529411764705882,0.008403361344537815,207.69190216064453,196.8723602294922,17.581802368164062,17.014862060546847
10.53781512605042,0.008403361344537815,207.72904968261722,196.87841033935544,17.65325927734375,17.01228332519537
10.546218487394958,0.008403361344537815,207.68954467773438,196.9213638305664,17.682769775390568,17.004287719726534
10.571428571428571,0.008403361344537815,207.67352294921875,196.90895080566406,17.59075927734372,16.990173339843693
10.579831932773109,0.008403361344537815,207.72447967529297,196.90737915039062,17.588912963867216,17.00714111328125
10.588235294117647,0.008403361344537815,207.70703125,196.91773986816406,17.60394287109375,16.989410400390653
10.596638655462185,0.008403361344537815,207.72049713134766,196.9056167602539,17.598983764648438,17.046798706054688
10.605042016806722,0.008403361344537815,207.70796966552734,196.90555572509766,17.630752563476534,16.905502319335966
10.61344537815126,0.008403361344537815,207.71934509277344,196.94962310791016,17.639923095703182,17.05351257324216
10.621848739495798,0.008403361344537815,207.77410888671875,196.89451599121094,17.553527832031307,17.034729003906307
10.638655462184873,0.008403361344537815,207.7336196899414,196.95831298828125,17.582870483398466,16.965057373046847
10.647058823529411,0.008403361344537815,207.70670318603513,196.88009643554688,17.65766906738287,16.929595947265568
10.655462184873949,0.008403361344537815,207.73357391357422,196.92970275878906,17.64793395996091,16.88629150390628
10.663865546218487,0.008403361344537815,207.72910308837893,196.9020233154297,17.687881469726562,16.90112304687503
10.672268907563025,0.008403361344537815,207.72321319580078,196.92675018310547,17.65211486816409,17.01692199707034
10.680672268907562,0.008403361344537815,207.7284698486328,196.89508056640625,17.688507080078068,16.88403320312497
10.6890756302521,0.008403361344537815,207.73873138427734,196.9158172607422,17.612777709960938,17.040069580078125
10.697478991596638,0.008403361344537815,207.77433013916016,196.8943328857422,17.621475219726534,17.00201416015625
10.705882352941176,0.008403361344537815,207.72894287109375,196.91280364990234,17.661895751953153,16.979568481445312
10.714285714285714,0.008403361344537815,207.73192596435547,196.93251037597656,17.635940551757784,17.036651611328097
10.722689075630251,0.008403361344537815,207.73460388183594,196.87559509277344,17.678131103515625,16.959472656249943
10.731092436974789,0.008403361344537815,207.7539291381836,196.94982147216797,17.58821105957037,16.978195190429688
10.739495798319327,0.008403361344537815,207.7373504638672,196.8871307373047,17.66802978515625,16.936218261718807
10.747899159663865,0.008403361344537815,207.73614501953125,196.9113998413086,17.603851318359375,17.022354125976562
10.756302521008404,0.008403361344537815,207.75189208984375,196.90218353271484,17.618469238281307,16.995498657226506
10.764705882352942,0.008403361344537815,207.7323760986328,196.89484405517578,17.628509521484403,17.093002319335938
10.77310924369748,0.008403361344537815,207.75650024414062,196.93404388427734,17.64453125,17.003616333007812
10.781512605042018,0.008403361344537815,207.74610900878906,196.98849487304688,17.56524658203128,16.99542236328122
10.789915966386555,0.008403361344537815,207.74673461914062,196.8925704956055,17.602508544921903,16.941238403320312
10.798319327731093,0.008403361344537815,207.70181274414062,196.89949798583984,17.64501953125,16.92924499511716
10.806722689075631,0.008403361344537815,207.69786834716797,196.89374542236328,17.651962280273466,17.058731079101534
10.815126050420169,0.008403361344537815,207.75503540039062,196.8977508544922,17.640228271484375,16.923004150390653
10.823529411764707,0.008403361344537815,207.74085235595703,196.9333724975586,17.637710571289034,16.98841857910162
10.831932773109244,0.008403361344537815,207.68792724609375,196.91959381103513,17.621429443359375,17.031784057617244
10.840336134453782,0.008403361344537815,207.76239013671875,196.8745346069336,17.69494628906253,16.913436889648438
10.84873949579832,0.008403361344537815,207.7604522705078,196.9059066772461,17.645660400390625,16.97825622558591
10.857142857142858,0.008403361344537815,207.78590393066406,196.92733001708984,17.66464233398446,17.011062622070312
10.865546218487395,0.008403361344537815,207.76248168945312,196.90923309326172,17.661285400390568,16.890975952148438
10.873949579831933,0.008403361344537815,207.76471710205078,196.94342041015625,17.614273071289062,17.001739501953125
10.882352941176471,0.008403361344537815,207.76129913330078,196.90320587158203,17.568710327148466,16.993881225585938
10.890756302521009,0.008403361344537815,207.75922393798828,196.91531372070312,17.61564636230463,17.007781982421875
10.899159663865547,0.008403361344537815,207.7441864013672,196.9066162109375,17.621673583984375,17.032867431640597
10.907563025210084,0.008403361344537815,207.76554107666016,196.9325408935547,17.615768432617216,16.977447509765597
10.915966386554622,0.008403361344537815,207.6820526123047,196.91461944580078,17.668426513671818,16.994338989257784
10.92436974789916,0.008403361344537815,207.73928833007812,196.95487213134766,17.616851806640625,17.04493713378909
10.932773109243698,0.008403361344537815,207.7431869506836,196.929069519043,17.627456665039062,17.017745971679688
10.949579831932773,0.008403361344537815,207.70197296142575,196.98082733154297,17.581954956054688,17.112655639648466
10.966386554621849,0.008403361344537815,207.7515869140625,196.95301818847656,17.566925048828182,16.996429443359403
10.974789915966387,0.008403361344537815,207.77932739257812,196.93255615234375,17.589233398437443,16.92523193359372
10.983193277310924,0.008403361344537815,207.77281951904297,196.9277114868164,17.632736206054716,16.899551391601534
10.991596638655462,0.008403361344537815,207.75418853759766,196.8992691040039,17.647720336914062,16.94355773925784
11.0,0.008403361344537815,207.7442169189453,197.00355529785156,17.647613525390568,17.03979492187497
11.008403361344538,0.008403361344537815,207.71344757080078,196.98861694335938,17.62699890136713,17.056854248046903
11.016806722689076,0.008403361344537815,207.78942108154294,197.0328826904297,17.573165893554688,17.06298828125
11.025210084033613,0.008403361344537815,207.7336273193359,196.92749786376953,17.661437988281307,17.082809448242244
11.033613445378151,0.008403361344537815,207.7293930053711,196.93594360351562,17.670272827148494,16.976715087890653
11.042016806722689,0.008403361344537815,207.7538070678711,196.9654998779297,17.62928771972662,17.013153076171903
11.050420168067227,0.008403361344537815,207.75296783447266,196.91503143310547,17.681594848632812,16.872177124023494
11.058823529411764,0.008403361344537815,207.76911163330078,196.87530517578125,17.626388549804602,16.94305419921875
11.067226890756302,0.008403361344537815,207.74411010742188,196.98574829101562,17.628204345703153,17.046539306640625
11.07563025210084,0.008403361344537815,207.79078674316406,197.00354766845703,17.560272216796875,17.03550720214841
11.084033613445378,0.008403361344537815,207.76763153076172,196.9888153076172,17.562362670898494,16.997711181640625
11.092436974789916,0.008403361344537815,207.77400207519534,196.91934204101562,17.658233642578125,17.061614990234347
11.100840336134453,0.008403361344537815,207.83602142333984,196.9583282470703,17.608352661132812,16.973663330078153
11.109243697478991,0.008403361344537815,207.72905731201172,196.99817657470703,17.587295532226534,17.050216674804716
11.117647058823529,0.008403361344537815,207.77617645263672,196.91934204101562,17.594894409179688,17.02209472656253
11.126050420168067,0.008403361344537815,207.80127716064453,196.96822357177734,17.580459594726534,16.968521118164062
11.134453781512605,0.008403361344537815,207.78353881835938,197.00452423095703,17.59564208984375,17.086044311523438
11.142857142857142,0.008403361344537815,207.74142456054688,196.92828369140625,17.593536376953153,16.93780517578128
11.15126050420168,0.008403361344537815,207.77853393554688,196.9162368774414,17.613433837890597,16.890060424804688
11.159663865546218,0.008403361344537815,207.7883071899414,196.94577026367188,17.574264526367216,16.92114257812497
11.168067226890756,0.008403361344537815,207.78204345703122,197.0062713623047,17.596496582031307,17.08935546875003
11.176470588235293,0.008403361344537815,207.78269958496094,196.93946075439453,17.599426269531307,16.946701049804688
11.184873949579831,0.008403361344537815,207.77316284179688,196.96912384033206,17.59490966796878,16.961990356445312
11.193277310924369,0.008403361344537815,207.7768783569336,196.94864654541016,17.61656188964841,16.897354125976562
11.201680672268907,0.008403361344537815,207.79766845703125,196.9489517211914,17.653564453125,16.95799255371091
11.210084033613445,0.008403361344537815,207.7503433227539,196.99768829345703,17.60224914550784,17.013778686523466
11.218487394957982,0.008403361344537815,207.74845123291016,196.9518051147461,17.650802612304688,17.06446838378909
11.22689075630252,0.008403361344537815,207.71703338623047,196.90410614013672,17.594894409179716,17.16798400878909
11.235294117647058,0.008403361344537815,207.7633209228516,196.9974365234375,17.576995849609375,17.03967285156253
11.243697478991596,0.008403361344537815,207.77008056640622,196.96611785888672,17.620788574218807,17.05067443847659
11.252100840336135,0.008403361344537815,207.83245849609375,196.9266128540039,17.613800048828182,16.92686462402341
11.260504201680673,0.008403361344537815,207.77218627929688,196.97510528564453,17.58697509765625,17.037796020507812
11.268907563025211,0.008403361344537815,207.73902893066406,196.9135971069336,17.653594970703125,17.092605590820312
11.277310924369749,0.008403361344537815,207.74700927734375,196.9066390991211,17.634429931640653,17.08314514160159
11.285714285714286,0.008403361344537815,207.7883071899414,196.93633270263672,17.668411254882784,17.09776306152341
11.294117647058824,0.008403361344537815,207.7794418334961,196.91400146484375,17.68690490722659,17.053039550781307
11.302521008403362,0.008403361344537815,207.82378387451172,196.92378997802734,17.598892211914062,17.089340209960938
11.3109243697479,0.008403361344537815,207.78500366210938,196.9000473022461,17.647308349609403,16.93138122558591
11.319327731092438,0.008403361344537815,207.76953887939453,196.8846435546875,17.64762878417966,17.06185913085946
11.327731092436975,0.008403361344537815,207.7604217529297,196.89927673339844,17.637847900390597,17.139068603515653
11.336134453781513,0.008403361344537815,207.8330307006836,196.8888702392578,17.632339477539006,17.07153320312503
11.344537815126051,0.008403361344537815,207.79515075683597,196.8485870361328,17.72711181640625,16.963775634765682
11.361344537815127,0.008403361344537815,207.78550720214844,196.91805267333984,17.667663574218693,17.09580993652341
11.369747899159664,0.008403361344537815,207.8189926147461,196.88221740722656,17.666244506835938,17.04010009765628
11.378151260504202,0.008403361344537815,207.79379272460938,196.86739349365234,17.663909912109375,17.040573120117216
11.38655462184874,0.008403361344537815,207.7396011352539,196.90667724609375,17.618087768554688,17.084808349609347
11.394957983193278,0.008403361344537815,207.79177856445312,196.84996032714844,17.7275390625,16.917144775390597
11.403361344537815,0.008403361344537815,207.76752471923828,196.8667449951172,17.62721252441409,17.0367431640625
11.411764705882353,0.008403361344537815,207.8075180053711,196.85061645507812,17.73689270019534,16.97796630859375
11.420168067226891,0.008403361344537815,207.7700958251953,196.88701629638672,17.621978759765597,17.017562866210994
11.428571428571429,0.008403361344537815,207.77548217773438,196.91187286376953,17.623077392578153,17.15684509277341
11.436974789915967,0.008403361344537815,207.73387145996094,196.907958984375,17.659088134765653,17.090728759765568
11.445378151260504,0.008403361344537815,207.7560577392578,196.959716796875,17.617095947265597,17.02276611328128
11.453781512605042,0.008403361344537815,207.7836685180664,196.8659439086914,17.63920593261716,16.942184448242188
11.46218487394958,0.008403361344537815,207.78707885742188,196.87122344970703,17.628265380859432,16.934768676757784
11.470588235294118,0.008403361344537815,207.80121612548828,196.9439697265625,17.57099914550784,16.95880126953125
11.478991596638656,0.008403361344537815,207.76498413085938,196.91293334960938,17.62030029296878,16.963714599609375
11.487394957983193,0.008403361344537815,207.7303009033203,196.94904327392578,17.62384033203125,16.981948852539034
11.495798319327731,0.008403361344537815,207.77809143066406,196.8767318725586,17.705322265625,16.936935424804716
11.504201680672269,0.008403361344537815,207.77626037597656,196.95012664794925,17.636566162109347,16.996597290039006
11.512605042016807,0.008403361344537815,207.77190399169922,196.91671752929688,17.651107788085966,17.053436279296875
11.521008403361344,0.008403361344537815,207.73949432373047,196.8637924194336,17.700607299804688,16.921463012695312
11.529411764705882,0.008403361344537815,207.73290252685547,196.91873168945312,17.657302856445284,17.037078857421847
11.53781512605042,0.008403361344537815,207.6937026977539,196.87640380859375,17.61723327636716,17.085174560546903
11.546218487394958,0.008403361344537815,207.77403259277347,196.88536834716797,17.677032470703125,16.970932006835938
11.554621848739496,0.008403361344537815,207.75933074951172,196.8668212890625,17.704971313476534,16.93951416015628
11.563025210084033,0.008403361344537815,207.75164031982422,196.88961791992188,17.70811462402341,16.929260253906307
11.571428571428571,0.008403361344537815,207.7530517578125,196.90132904052734,17.622283935546875,17.00822448730466
11.579831932773109,0.008403361344537815,207.7334671020508,196.9023666381836,17.584182739257812,17.022506713867216
11.588235294117647,0.008403361344537815,207.74514770507812,196.94165802001953,17.68548583984372,17.074264526367188
11.596638655462185,0.008403361344537815,207.7643585205078,196.86287689208982,17.67852783203125,16.938583374023438
11.605042016806722,0.008403361344537815,207.7120819091797,196.88449096679688,17.632415771484347,17.018951416015653
11.61344537815126,0.008403361344537815,207.76820373535156,196.84310150146484,17.701324462890625,16.94944763183591
11.621848739495798,0.008403361344537815,207.74436187744143,196.8270492553711,17.63951110839838,16.913864135742216
11.630252100840336,0.008403361344537815,207.74000549316406,196.85767364501953,17.67810058593747,16.926528930664034
11.638655462184873,0.008403361344537815,207.79161071777344,196.88146209716797,17.636932373046903,16.99357604980466
11.647058823529411,0.008403361344537815,207.75827026367188,196.86801147460938,17.728302001953153,16.88470458984372
11.655462184873949,0.008403361344537815,207.75045776367188,196.874267578125,17.620941162109403,17.02862548828128
11.663865546218487,0.008403361344537815,207.7883758544922,196.89210510253906,17.64938354492179,17.013214111328153
11.672268907563025,0.008403361344537815,207.76866912841797,196.8651580810547,17.682693481445312,16.942962646484403
11.680672268907562,0.008403361344537815,207.7479705810547,196.86636352539062,17.659820556640625,17.014709472656335
11.6890756302521,0.008403361344537815,207.76302337646484,196.85941314697266,17.70722961425784,16.906112670898438
11.697478991596638,0.008403361344537815,207.71804809570312,196.87337493896484,17.693145751953068,17.035934448242188
11.705882352941176,0.008403361344537815,207.7631607055664,196.86380004882812,17.670272827148438,17.04022216796875
11.714285714285714,0.008403361344537815,207.7629852294922,196.88715362548828,17.688720703124943,16.93516540527341
11.722689075630251,0.008403361344537815,207.77479553222656,196.8693389892578,17.68566894531247,16.97283935546875
11.731092436974789,0.008403361344537815,207.76177215576172,196.87503051757812,17.693161010742244,16.950256347656307
11.739495798319327,0.008403361344537815,207.7673797607422,196.8559799194336,17.598541259765653,17.016464233398466
11.747899159663865,0.008403361344537815,207.73934936523438,196.86907196044922,17.64898681640625,16.94969177246088
11.756302521008404,0.008403361344537815,207.76573181152344,196.86275482177734,17.685180664062557,16.905075073242216
11.764705882352942,0.008403361344537815,207.7620086669922,196.86888122558594,17.699066162109403,16.9083251953125
11.77310924369748,0.008403361344537815,207.76058959960938,196.84423065185547,17.59869384765625,16.998306274414062
11.781512605042018,0.008403361344537815,207.7328643798828,196.8556671142578,17.653778076171875,17.02618408203122
11.789915966386555,0.008403361344537815,207.7608642578125,196.8712387084961,17.680084228515625,16.910751342773494
11.798319327731093,0.008403361344537815,207.74851989746094,196.91305541992188,17.638397216796932,17.04162597656247
11.806722689075631,0.008403361344537815,207.73085021972656,196.90816497802734,17.65600585937497,16.944107055664062
11.815126050420169,0.008403361344537815,207.7467803955078,196.92384338378906,17.64520263671878,16.944976806640653
11.823529411764707,0.008403361344537815,207.7676010131836,196.84333038330078,17.570663452148466,17.119400024414062
11.831932773109244,0.008403361344537815,207.76343536376953,196.8486557006836,17.686752319335966,16.93867492675787
11.840336134453782,0.008403361344537815,207.76573944091797,196.9116439819336,17.613998413085994,17.046157836914062
11.84873949579832,0.008403361344537815,207.78797149658203,196.87783813476562,17.64732360839841,16.94494628906253
11.857142857142858,0.008403361344537815,207.77735137939453,196.8893814086914,17.706192016601534,17.060440063476562
11.865546218487395,0.008403361344537815,207.75341796875,196.87268829345703,17.657440185546903,16.953964233398438
11.873949579831933,0.008403361344537815,207.74857330322266,196.87996673583984,17.673019409179716,16.948135375976562
11.882352941176471,0.008403361344537815,207.7357940673828,196.8662872314453,17.66839599609372,16.905548095703153
11.890756302521009,0.008403361344537815,207.77073669433594,196.8853759765625,17.71490478515622,17.071380615234347
11.899159663865547,0.008403361344537815,207.7660675048828,196.89875793457034,17.662414550781193,17.093933105468693
11.907563025210084,0.008403361344537815,207.7911834716797,196.86095428466797,17.64190673828122,17.04804992675784
11.915966386554622,0.008403361344537815,207.7360610961914,196.88245391845703,17.612045288085966,17.126205444335966
11.92436974789916,0.008403361344537815,207.75128173828125,196.9100112915039,17.603851318359375,16.970596313476534
11.932773109243698,0.008403361344537815,207.77427673339844,196.85678100585938,17.66412353515622,16.91464233398446
11.941176470588236,0.008403361344537815,207.74905395507812,196.85030364990234,17.662200927734375,16.932052612304688
11.949579831932773,0.008403361344537815,207.75176239013672,196.89286041259766,17.645523071289062,17.014328002929744
11.957983193277311,0.008403361344537815,207.74076080322266,196.86467742919922,17.670059204101562,16.930648803710966
11.966386554621849,0.008403361344537815,207.7517318725586,196.8445281982422,17.642562866210966,16.91033935546872
11.974789915966387,0.008403361344537815,207.78152465820312,196.87298583984378,17.558868408203097,17.1055908203125
11.983193277310924,0.008403361344537815,207.7510757446289,196.86310577392578,17.594894409179688,17.041763305664034
11.991596638655462,0.008403361344537815,207.80565643310547,196.85625457763672,17.728622436523438,17.023727416992188
12.0,0.008403361344537815,207.75109100341797,196.88530731201172,17.623428344726534,16.966079711914148
12.008403361344538,0.008403361344537815,207.6912841796875,196.833984375,17.648559570312585,17.00628662109375
12.016806722689076,0.008403361344537815,207.73735809326172,196.840576171875,17.648208618164034,17.046600341796903
12.025210084033613,0.008403361344537815,207.79329681396484,196.85157775878906,17.672561645507784,16.92614746093753
12.033613445378151,0.008403361344537815,207.76045989990234,196.81412506103518,17.66697692871091,16.913101196289062
12.042016806722689,0.008403361344537815,207.76114654541016,196.83386993408203,17.671737670898466,16.92134094238287
12.050420168067227,0.008403361344537815,207.71033477783203,196.8491668701172,17.621047973632784,17.0369873046875
12.058823529411764,0.008403361344537815,207.74815368652344,196.8377227783203,17.6314697265625,17.049682617187443
12.067226890756302,0.008403361344537815,207.7456512451172,196.86310577392578,17.64306640625,17.00556945800784
12.07563025210084,0.008403361344537815,207.72409057617188,196.8577880859375,17.651580810546875,16.91284179687503
12.084033613445378,0.008403361344537815,207.7426986694336,196.87422943115234,17.68574523925787,16.92185974121091
12.092436974789916,0.008403361344537815,207.7430648803711,196.81342315673828,17.65998840332034,16.911453247070256
12.100840336134453,0.008403361344537815,207.7408981323242,196.8235855102539,17.662094116210938,16.921890258789034
12.109243697478991,0.008403361344537815,207.73784637451172,196.8329086303711,17.650558471679716,16.904037475585966
12.117647058823529,0.008403361344537815,207.75768280029297,196.82979583740234,17.66395568847659,16.88456726074216
12.126050420168067,0.008403361344537815,207.71073150634766,196.83275604248047,17.634658813476648,16.90419006347662
12.134453781512605,0.008403361344537815,207.7349395751953,196.8642120361328,17.705078124999915,16.886688232421932
12.142857142857142,0.008403361344537815,207.7241668701172,196.82432556152344,17.668090820312443,16.8658447265625
12.15126050420168,0.008403361344537815,207.73651123046875,196.82479095458984,17.701080322265653,16.883407592773438
12.159663865546218,0.008403361344537815,207.67610931396484,196.8473892211914,17.63771057128909,16.965194702148466
12.168067226890756,0.008403361344537815,207.70217132568357,196.91241455078125,17.667739868164062,16.999664306640597
12.176470588235293,0.008403361344537815,207.66946411132812,196.91834259033203,17.58685302734372,17.028671264648494
12.184873949579831,0.008403361344537815,207.66364288330078,196.92789459228516,17.60975646972659,17.00340270996091
12.193277310924369,0.008403361344537815,207.7342987060547,196.87152862548828,17.606964111328153,16.94502258300787
12.201680672268907,0.008403361344537815,207.7541046142578,196.83978271484375,17.612213134765597,16.990081787109403
12.210084033613445,0.008403361344537815,207.67080688476562,196.85240936279297,17.61462402343753,17.069931030273438
12.218487394957982,0.008403361344537815,207.68070220947266,196.85851287841797,17.591598510742188,16.999679565429773
12.22689075630252,0.008403361344537815,207.68055725097656,196.88209533691406,17.583526611328125,16.992156982421903
12.235294117647058,0.008403361344537815,207.67202758789062,196.8215408325195,17.631866455078153,16.984085083007812
12.243697478991596,0.008403361344537815,207.63571929931643,196.83856201171875,17.65391540527338,17.016082763671875
12.252100840336135,0.008403361344537815,207.68324279785156,196.82369995117188,17.63372802734378,16.955444335937557
12.260504201680673,0.008403361344537815,207.6959457397461,196.83086395263672,17.60520935058591,16.974227905273466
12.268907563025211,0.008403361344537815,207.70279693603516,196.7924346923828,17.605026245117188,16.92498779296878
12.277310924369749,0.008403361344537815,207.6618423461914,196.81182098388672,17.56022644042963,16.912063598632756
12.285714285714286,0.008403361344537815,207.66756439208984,196.79881286621094,17.608108520507812,16.99383544921875
12.294117647058824,0.008403361344537815,207.6645736694336,196.82765197753906,17.523483276367188,17.00787353515622
12.302521008403362,0.008403361344537815,207.6861801147461,196.79785919189453,17.629440307617216,16.915115356445312
12.3109243697479,0.008403361344537815,207.65328979492188,196.81874084472656,17.6065673828125,16.995391845703097
12.319327731092438,0.008403361344537815,207.65380859375,196.81008148193357,17.610778808593693,16.965042114257812
12.327731092436975,0.008403361344537815,207.65966796875,196.8265609741211,17.591278076171875,17.022994995117188
12.336134453781513,0.008403361344537815,207.67822265625,196.80633544921875,17.6497802734375,16.927093505859318
12.344537815126051,0.008403361344537815,207.70761108398438,196.80506896972656,17.63720703125,16.921417236328097
12.352941176470589,0.008403361344537815,207.7215118408203,196.83277893066406,17.64208984374997,16.811492919921903
12.361344537815127,0.008403361344537815,207.69143676757812,196.81356811523438,17.60986328124997,16.964202880859432
12.369747899159664,0.008403361344537815,207.73395538330078,196.79890441894528,17.617324829101562,16.870422363281307
12.378151260504202,0.008403361344537815,207.70600128173828,196.7906036376953,17.64503479003912,16.897186279296847
12.38655462184874,0.008403361344537815,207.70457458496094,196.85894012451172,17.6617431640625,16.971694946289034
12.394957983193278,0.008403361344537815,207.70092010498047,196.85604095458984,17.670883178710966,16.966873168945312
12.403361344537815,0.008403361344537815,207.71942901611328,196.80872344970703,17.642684936523438,16.895614624023523
12.411764705882353,0.008403361344537815,207.68852996826172,196.78289031982422,17.630569458007784,16.83979797363284
12.420168067226891,0.008403361344537815,207.73580932617188,196.82101440429688,17.615966796874943,16.907226562499943
12.428571428571429,0.008403361344537815,207.72664642333984,196.7958984375,17.641494750976534,16.883575439453153
12.436974789915967,0.008403361344537815,207.70823669433594,196.8470458984375,17.668548583984403,16.82891845703125
12.445378151260504,0.008403361344537815,207.72430419921875,196.81838989257812,17.657745361328182,16.90869140625
12.453781512605042,0.008403361344537815,207.67589569091797,196.80294799804688,17.63047790527341,16.87145996093753
12.46218487394958,0.008403361344537815,207.68453979492188,196.82276916503906,17.62982177734372,16.90634155273429
12.470588235294118,0.008403361344537815,207.72418975830078,196.82997131347656,17.709335327148438,16.877655029296875
12.478991596638656,0.008403361344537815,207.74633789062503,196.83340454101562,17.6754150390625,16.910705566406307
12.487394957983193,0.008403361344537815,207.7048110961914,196.84651947021484,17.663925170898438,16.82209777832034
12.495798319327731,0.008403361344537815,207.72798919677734,196.82575225830078,17.591476440429744,16.945419311523466
12.504201680672269,0.008403361344537815,207.72010803222656,196.81973266601562,17.66619873046878,16.923095703125
12.512605042016807,0.008403361344537815,207.7030029296875,196.8211669921875,17.634002685546847,16.924835205078097
12.521008403361344,0.008403361344537815,207.67891693115234,196.8296661376953,17.574508666992216,17.0194091796875
12.529411764705882,0.008403361344537815,207.7081069946289,196.8584213256836,17.61027526855466,16.955184936523494
12.53781512605042,0.008403361344537815,207.69281005859375,196.81742095947266,17.69000244140628,16.877670288085938
12.546218487394958,0.008403361344537815,207.7011260986328,196.83774566650388,17.667968749999943,16.928604125976562
12.554621848739496,0.008403361344537815,207.6820068359375,196.82405853271484,17.672027587890682,16.897384643554688
12.563025210084033,0.008403361344537815,207.74163818359375,196.8824920654297,17.679534912109375,16.922515869140597
12.571428571428571,0.008403361344537815,207.74099731445312,196.8837890625,17.60278320312503,16.92565917968747
12.579831932773109,0.008403361344537815,207.72915649414062,196.85227966308594,17.67596435546872,16.902069091796847
12.588235294117647,0.008403361344537815,207.7297134399414,196.86756134033203,17.66032409667966,16.90635681152341
12.596638655462185,0.008403361344537815,207.74019622802734,196.85311126708984,17.683303833007812,16.88325500488284
12.621848739495798,0.008403361344537815,207.7497100830078,196.85015869140625,17.69433593750003,16.868988037109375
12.630252100840336,0.008403361344537815,207.7068328857422,196.9012222290039,17.66195678710946,16.997543334960938
12.638655462184873,0.008403361344537815,207.67520904541016,196.8626480102539,17.57157897949216,16.914993286132784
12.647058823529411,0.008403361344537815,207.73118591308594,196.8627700805664,17.679595947265625,16.897842407226534
12.655462184873949,0.008403361344537815,207.6916046142578,196.83173370361328,17.62457275390628,16.906448364257812
12.663865546218487,0.008403361344537815,207.7688980102539,196.80343627929688,17.646011352539062,16.89300537109378
12.672268907563025,0.008403361344537815,207.67344665527344,196.79920959472656,17.65808105468747,16.907318115234347
12.680672268907562,0.008403361344537815,207.73764038085938,196.80522918701175,17.685821533203182,16.89421081542963
12.6890756302521,0.008403361344537815,207.74495697021484,196.84075927734375,17.614944458007784,16.886810302734375
12.697478991596638,0.008403361344537815,207.7246322631836,196.8512191772461,17.59965515136716,17.06614685058591
12.705882352941176,0.008403361344537815,207.72766876220703,196.83606719970703,17.630477905273494,16.885330200195312
12.714285714285714,0.008403361344537815,207.77832794189453,196.86095428466797,17.66267395019534,16.991714477539034
12.722689075630251,0.008403361344537815,207.78895568847656,196.8351287841797,17.62506103515625,16.895721435546847
12.731092436974789,0.008403361344537815,207.76285552978516,196.82965087890625,17.662796020507784,16.88922119140625
12.739495798319327,0.008403361344537815,207.72917938232422,196.8380432128906,17.66011047363287,16.8983154296875
12.747899159663865,0.008403361344537815,207.74327850341797,196.83078002929688,17.73399353027355,16.8626708984375
12.756302521008404,0.008403361344537815,207.7205352783203,196.83544158935547,17.674346923828068,16.890579223632784
12.764705882352942,0.008403361344537815,207.69469451904297,196.84292602539062,17.649673461914006,16.928070068359375
12.77310924369748,0.008403361344537815,207.71810150146484,196.85342407226562,17.656784057617244,16.917510986328153
12.781512605042018,0.008403361344537815,207.76162719726562,196.89208221435547,17.63568115234375,16.94935607910162
12.789915966386555,0.008403361344537815,207.71762084960938,196.91016387939453,17.66864013671872,16.968734741210966
12.798319327731093,0.008403361344537815,207.77689361572266,196.861083984375,17.580307006835966,16.964202880859403
12.806722689075631,0.008403361344537815,207.76686096191406,196.8641357421875,17.660888671874943,16.907379150390653
12.815126050420169,0.008403361344537815,207.80252075195312,196.8776092529297,17.65649414062503,16.921630859375
12.823529411764707,0.008403361344537815,207.7859649658203,196.8616714477539,17.677215576171903,16.909805297851562
12.831932773109244,0.008403361344537815,207.80062103271484,196.8647918701172,17.69554138183588,16.87548828125
12.840336134453782,0.008403361344537815,207.77328491210938,196.8646011352539,17.665557861328153,16.89347839355466
12.84873949579832,0.008403361344537815,207.76827239990234,196.8798828125,17.60719299316409,17.09094238281253
12.857142857142858,0.008403361344537815,207.74368286132815,196.8800277709961,17.60382080078125,17.06156921386716
12.865546218487395,0.008403361344537815,207.76773071289062,196.8516616821289,17.624237060546875,17.046524047851534
12.873949579831933,0.008403361344537815,207.73345184326172,196.9187240600586,17.58976745605466,16.997482299804688
12.882352941176471,0.008403361344537815,207.7297134399414,196.8821563720703,17.65071105957034,16.90222167968747
12.890756302521009,0.008403361344537815,207.6384429931641,196.89642333984375,17.513946533203125,16.99490356445321
12.899159663865547,0.008403361344537815,207.68319702148438,196.90223693847656,17.571868896484403,17.016754150390625
12.907563025210084,0.008403361344537815,207.65752410888672,196.8920669555664,17.564804077148466,17.010757446289034
12.92436974789916,0.008403361344537815,207.6999053955078,196.93470001220703,17.576568603515682,17.04399108886716
12.932773109243698,0.008403361344537815,207.68067932128906,196.9279327392578,17.586456298828097,17.041198730468807
12.941176470588236,0.008403361344537815,207.74199676513672,196.90892791748047,17.717391967773438,16.966934204101562
12.949579831932773,0.008403361344537815,207.69961547851562,196.90511322021484,17.602996826171903,16.993820190429716
12.957983193277311,0.008403361344537815,207.66193389892578,196.9197540283203,17.669692993164062,16.980804443359375
12.966386554621849,0.008403361344537815,207.70384979248044,196.89727783203128,17.616043090820312,17.019500732421875
12.974789915966387,0.008403361344537815,207.69873046874997,196.90792846679688,17.607879638671875,16.99017333984378
12.983193277310924,0.008403361344537815,207.69405364990234,196.90435028076172,17.595687866210966,17.000106811523438
12.991596638655462,0.008403361344537815,207.68192291259766,196.87377929687497,17.587081909179744,16.962371826171932
13.0,0.008403361344537815,207.7494354248047,196.9144287109375,17.64477539062503,17.030303955078097
13.008403361344538,0.008403361344537815,207.69925689697266,196.89241790771484,17.651931762695312,17.068801879882812
13.016806722689076,0.008403361344537815,207.5820541381836,196.9101333618164,17.589706420898438,17.076065063476562
13.025210084033613,0.008403361344537815,207.70453643798828,196.84767913818357,17.70060729980466,16.98139953613287
13.033613445378151,0.008403361344537815,207.6782455444336,196.8880844116211,17.661544799804688,16.991744995117188
13.042016806722689,0.008403361344537815,207.66155242919922,196.90020751953125,17.62312316894534,17.10943603515622
13.050420168067227,0.008403361344537815,207.6834259033203,196.86970520019534,17.643341064453153,17.008392333984375
13.058823529411764,0.008403361344537815,207.70203399658206,196.89362335205078,17.656204223632812,17.013565063476534
13.067226890756302,0.008403361344537815,207.6051483154297,196.8930435180664,17.661529541015568,17.103836059570312
13.07563025210084,0.008403361344537815,207.65540313720703,196.85570526123047,17.653701782226562,16.973800659179688
13.084033613445378,0.008403361344537815,207.68841552734372,196.8607177734375,17.615203857421875,17.013397216796875
13.092436974789916,0.008403361344537815,207.67044067382815,196.85611724853516,17.609100341796818,17.000869750976534
13.100840336134453,0.008403361344537815,207.68638610839844,196.9065933227539,17.584381103515597,17.03993225097659
13.109243697478991,0.008403361344537815,207.70928192138675,196.876220703125,17.594894409179688,17.006561279296847
13.117647058823529,0.008403361344537815,207.701904296875,196.89989471435547,17.59033203125003,17.025192260742188
13.126050420168067,0.008403361344537815,207.70281219482425,196.86177825927734,17.621963500976506,17.026351928710938
13.134453781512605,0.008403361344537815,207.68438720703125,196.85032653808594,17.61920166015625,17.021636962890568
13.142857142857142,0.008403361344537815,207.66519165039062,196.86715698242188,17.606658935546875,17.029815673828182
13.15126050420168,0.008403361344537815,207.65028381347656,196.86196899414062,17.601043701171903,17.02758789062503
13.159663865546218,0.008403361344537815,207.6188201904297,196.86605834960938,17.60229492187503,17.030059814453153
13.201680672268907,0.008403361344537815,207.5995864868164,196.85841369628906,17.577316284179716,17.06317138671875
13.235294117647058,0.008403361344537815,207.60189056396484,196.8633575439453,17.56709289550787,17.079864501953097
13.243697478991596,0.008403361344537815,207.60526275634766,196.872444152832,17.58390808105466,17.069778442382812
13.252100840336135,0.008403361344537815,207.62914276123047,196.86712646484375,17.568679809570284,17.04443359374997
13.260504201680673,0.008403361344537815,207.60345458984375,196.84957122802734,17.560028076171903,17.067459106445284
13.268907563025211,0.008403361344537815,207.60519409179688,196.8574676513672,17.569183349609318,17.093841552734375
13.277310924369749,0.008403361344537815,207.6290054321289,196.88377380371094,17.594467163085966,17.033111572265653
13.285714285714286,0.008403361344537815,207.62320709228516,196.86607360839844,17.60978698730466,17.02575683593747
13.294117647058824,0.008403361344537815,207.57215881347656,196.82814025878906,17.536468505859318,17.080261230468693
13.302521008403362,0.008403361344537815,207.6072006225586,196.85486602783203,17.574691772460938,17.079299926757756
13.3109243697479,0.008403361344537815,207.59503173828125,196.855224609375,17.583160400390625,17.062896728515597
13.319327731092438,0.008403361344537815,207.60294342041016,196.83489990234375,17.56523132324216,17.035614013671847
13.327731092436975,0.008403361344537815,207.57561492919922,196.8585662841797,17.56941223144537,17.019378662109403
13.344537815126051,0.008403361344537815,207.62491607666016,196.8498077392578,17.570785522460938,17.053802490234347
13.352941176470589,0.008403361344537815,207.55971527099612,196.7881851196289,17.519302368164062,17.074813842773466
13.361344537815127,0.008403361344537815,207.6071319580078,196.82567596435547,17.591217041015653,16.986557006835938
13.369747899159664,0.008403361344537815,207.5710678100586,196.81122589111328,17.508926391601534,16.990097045898438
13.378151260504202,0.008403361344537815,207.5924835205078,196.81417083740234,17.568084716796903,17.024063110351562
13.38655462184874,0.008403361344537815,207.58829498291018,196.81967163085938,17.567306518554688,17.04327392578122
13.394957983193278,0.008403361344537815,207.63899993896482,196.8893814086914,17.618270874023438,17.045486450195312
13.403361344537815,0.008403361344537815,207.6252212524414,196.84972381591797,17.607955932617188,17.088424682617188
13.411764705882353,0.008403361344537815,207.5995330810547,196.84308624267578,17.583862304687557,17.06831359863287
13.420168067226891,0.008403361344537815,207.63248443603516,196.90889739990234,17.63252258300784,17.050277709960938
13.428571428571429,0.008403361344537815,207.64598846435547,196.85545349121094,17.634597778320312,17.09161376953128
13.436974789915967,0.008403361344537815,207.63880920410156,196.83859252929688,17.576385498046847,17.070281982421932
13.445378151260504,0.008403361344537815,207.6448745727539,196.89625549316406,17.594253540039062,17.054412841796847
13.453781512605042,0.008403361344537815,207.62931060791016,196.86951446533203,17.597610473632784,17.104873657226562
13.470588235294118,0.008403361344537815,207.62442016601562,196.90496063232422,17.597625732421847,17.051376342773466
13.478991596638656,0.008403361344537815,207.6213226318359,196.8598175048828,17.561798095703125,17.057403564453153
13.495798319327731,0.008403361344537815,207.5926284790039,196.8415985107422,17.579391479492216,17.081115722656307
13.504201680672269,0.008403361344537815,207.6060791015625,196.8706817626953,17.56872558593753,17.083709716796903
13.512605042016807,0.008403361344537815,207.63011169433594,196.85704803466797,17.584442138671903,17.032546997070284
13.521008403361344,0.008403361344537815,207.6170883178711,196.92198181152344,17.608810424804744,17.05297851562497
13.53781512605042,0.008403361344537815,207.6311264038086,196.8833236694336,17.571578979492244,17.087661743164006
13.546218487394958,0.008403361344537815,207.63993072509766,196.92264556884766,17.581680297851534,17.04661560058591
13.554621848739496,0.008403361344537815,207.6214828491211,196.92346954345703,17.55705261230466,17.05363464355466
13.563025210084033,0.008403361344537815,207.66265869140625,196.8520278930664,17.649200439453097,16.97840881347659
13.571428571428571,0.008403361344537815,207.66336822509766,196.90221405029297,17.580429077148466,17.003585815429688
13.579831932773109,0.008403361344537815,207.69415283203125,196.89495086669922,17.58618164062503,17.013900756835938
13.588235294117647,0.008403361344537815,207.68726348876953,196.89083099365234,17.61698913574213,17.012924194335938
13.596638655462185,0.008403361344537815,207.6266860961914,196.90951538085938,17.65626525878909,17.103088378906307
13.605042016806722,0.008403361344537815,207.71028137207028,196.90677642822266,17.62493896484375,17.004226684570256
13.61344537815126,0.008403361344537815,207.70362854003906,196.90425872802734,17.641204833984347,16.993972778320312
13.621848739495798,0.008403361344537815,207.68152618408203,196.91765594482422,17.71485900878909,17.006088256835938
13.630252100840336,0.008403361344537815,207.64069366455078,196.8931884765625,17.595474243164062,17.071868896484403
13.638655462184873,0.008403361344537815,207.6443099975586,196.8973617553711,17.536239624023438,17.106918334960994
13.647058823529411,0.008403361344537815,207.69183349609375,196.91268920898438,17.575408935546875,17.079132080078125
13.655462184873949,0.008403361344537815,207.73500061035156,196.8303985595703,17.68759155273426,16.954010009765653
13.663865546218487,0.008403361344537815,207.69458770751953,196.87633514404297,17.658096313476534,16.997207641601562
13.672268907563025,0.008403361344537815,207.6257553100586,196.89390563964844,17.591201782226562,17.135284423828153
13.680672268907562,0.008403361344537815,207.6193618774414,196.87335968017578,17.588058471679716,17.082443237304716
13.6890756302521,0.008403361344537815,207.66574096679688,196.88385009765625,17.640472412109375,17.00561523437497
13.697478991596638,0.008403361344537815,207.70382690429688,196.87801361083984,17.6341552734375,16.97688293457034
13.705882352941176,0.008403361344537815,207.713623046875,196.87252044677734,17.607269287109347,16.979660034179716
13.714285714285714,0.008403361344537815,207.67508697509766,196.87999725341797,17.68547058105466,16.987838745117188
13.722689075630251,0.008403361344537815,207.6899871826172,196.91355895996094,17.731384277343807,17.01513671875003
13.731092436974789,0.008403361344537815,207.6856918334961,196.87598419189453,17.645828247070284,17.02650451660159
13.739495798319327,0.008403361344537815,207.71263122558594,196.87774658203125,17.6392822265625,16.98419189453125
13.747899159663865,0.008403361344537815,207.68593597412112,196.89354705810547,17.58961486816412,17.01051330566412
13.756302521008404,0.008403361344537815,207.7016372680664,196.86324310302734,17.60758972167966,16.96775817871091
13.764705882352942,0.008403361344537815,207.68885040283203,196.91364288330078,17.61289978027341,17.058853149414062
13.77310924369748,0.008403361344537815,207.68655395507812,196.87972259521484,17.598724365234403,17.012466430664034
13.781512605042018,0.008403361344537815,207.70572662353516,196.9229736328125,17.61408996582037,17.0213623046875
13.789915966386555,0.008403361344537815,207.691162109375,196.91808319091797,17.726165771484403,16.99308776855466
13.798319327731093,0.008403361344537815,207.6852874755859,196.91710662841797,17.723724365234375,17.007858276367216
13.806722689075631,0.008403361344537815,207.76754760742188,196.8649444580078,17.601593017578125,17.07739257812497
13.815126050420169,0.008403361344537815,207.67774963378906,196.95404052734375,17.631317138671903,17.099090576171818
13.823529411764707,0.008403361344537815,207.7243423461914,196.91326141357422,17.627426147460994,16.99711608886716
13.831932773109244,0.008403361344537815,207.67505645751956,196.86151885986328,17.572311401367188,16.988815307617188
13.840336134453782,0.008403361344537815,207.6992645263672,196.95738983154297,17.663574218749943,17.10002136230466
13.84873949579832,0.008403361344537815,207.69476318359375,196.8915023803711,17.619201660156193,17.012008666992216
13.857142857142858,0.008403361344537815,207.6670608520508,196.91410064697266,17.726608276367188,17.019241333007812
13.865546218487395,0.008403361344537815,207.68565368652344,196.90448760986328,17.685516357421903,17.01463317871091
13.873949579831933,0.008403361344537815,207.69823455810547,196.95304107666016,17.666397094726562,17.082290649414034
13.882352941176471,0.008403361344537815,207.70875549316406,196.9164810180664,17.740997314453153,17.01048278808591
13.890756302521009,0.008403361344537815,207.6963348388672,196.91432189941406,17.725799560546847,17.00048828125
13.899159663865547,0.008403361344537815,207.68377685546875,196.88327026367188,17.621887207031193,17.13122558593753
13.907563025210084,0.008403361344537815,207.70772552490234,196.96792602539062,17.664077758789034,17.107971191406335
13.915966386554622,0.008403361344537815,207.70284271240234,196.90325927734375,17.718948364257812,16.997161865234347
13.92436974789916,0.008403361344537815,207.7120361328125,196.97612762451172,17.60748291015625,17.076065063476562
13.932773109243698,0.008403361344537815,207.67267608642578,196.89215087890625,17.654647827148438,17.156524658203153
13.941176470588236,0.008403361344537815,207.71234130859375,196.89293670654297,17.66943359375,17.009902954101534
13.949579831932773,0.008403361344537815,207.71176147460938,196.89486694335938,17.651580810546903,17.08544921875
13.957983193277311,0.008403361344537815,207.74473571777344,196.8489532470703,17.673706054687443,16.979736328125
13.966386554621849,0.008403361344537815,207.69088745117188,196.9365081787109,17.677703857421932,17.0098876953125
13.974789915966387,0.008403361344537815,207.7071533203125,196.9432601928711,17.733001708984375,17.006454467773466
13.983193277310924,0.008403361344537815,207.691650390625,196.91383361816406,17.73834228515622,16.998687744140682
13.991596638655462,0.008403361344537815,207.71833038330078,196.91015625,17.64109802246091,16.993072509765653
14.0,0.008403361344537815,207.6920166015625,196.88409423828125,17.749237060546903,17.01446533203125
14.008403361344538,0.008403361344537815,207.72907257080078,196.9453353881836,17.645248413085966,16.98976135253909
14.016806722689076,0.008403361344537815,207.74058532714844,196.9147720336914,17.66796875000003,17.013931274414034
14.025210084033613,0.008403361344537815,207.73662567138672,196.904541015625,17.674301147460966,17.08831787109378
14.033613445378151,0.008403361344537815,207.7375946044922,196.8544692993164,17.603485107421875,17.039505004882756
14.042016806722689,0.008403361344537815,207.7018280029297,196.91436767578125,17.736846923828125,17.00329589843747
14.050420168067227,0.008403361344537815,207.67618560791016,196.92262268066406,17.709152221679688,17.03533935546875
14.058823529411764,0.008403361344537815,207.70455169677734,196.93870544433594,17.706100463867216,17.046600341796875
14.067226890756302,0.008403361344537815,207.71955108642578,196.88314819335938,17.70375061035159,16.966583251953153
14.07563025210084,0.008403361344537815,207.70501708984375,196.9205093383789,17.728179931640653,17.009475708007784
14.084033613445378,0.008403361344537815,207.67925262451172,196.90491485595703,17.704818725585966,17.038223266601562
14.092436974789916,0.008403361344537815,207.66631317138672,196.96560668945312,17.622024536132812,17.09350585937497
14.100840336134453,0.008403361344537815,207.70689392089844,196.96251678466797,17.6923828125,17.057937622070312
14.109243697478991,0.008403361344537815,207.6750946044922,196.94168853759766,17.65203857421878,17.027847290039062
14.117647058823529,0.008403361344537815,207.70799255371094,196.9251708984375,17.71014404296872,16.993438720703125
14.126050420168067,0.008403361344537815,207.70474243164062,196.9153060913086,17.553680419921847,17.029312133789006
14.134453781512605,0.008403361344537815,207.69023895263672,196.92627716064453,17.66960144042963,17.008377075195312
14.142857142857142,0.008403361344537815,207.6957778930664,196.93500518798828,17.668960571289034,17.045730590820312
14.15126050420168,0.008403361344537815,207.63563537597656,196.9301528930664,17.60290527343753,17.116012573242188
14.159663865546218,0.008403361344537815,207.6632080078125,196.92755126953125,17.65887451171872,16.99194335937503
14.168067226890756,0.008403361344537815,207.67562866210938,196.94153594970703,17.683868408203125,17.026870727539034
14.176470588235293,0.008403361344537815,207.68223571777344,196.91210174560547,17.56829833984378,16.99894714355463
14.184873949579831,0.008403361344537815,207.7155609130859,196.91747283935547,17.616912841796818,17.025741577148438
14.193277310924369,0.008403361344537815,207.72661590576172,196.9127960205078,17.606399536132812,17.044036865234375
14.201680672268907,0.008403361344537815,207.68109130859375,196.91621398925784,17.70965576171878,17.017578124999943
14.210084033613445,0.008403361344537815,207.74844360351562,196.88115692138672,17.69006347656247,17.062545776367244
14.218487394957982,0.008403361344537815,207.69708251953125,196.90474700927737,17.727294921875,17.003402709960938
14.22689075630252,0.008403361344537815,207.72743225097656,196.91529083251953,17.599212646484403,17.041915893554688
14.235294117647058,0.008403361344537815,207.68338775634766,196.9294204711914,17.664535522460938,17.006790161132784
14.243697478991596,0.008403361344537815,207.71826934814453,196.9477767944336,17.680801391601562,17.037521362304773
14.252100840336135,0.008403361344537815,207.6371307373047,196.97534942626953,17.608734130859375,17.043716430664062
14.260504201680673,0.008403361344537815,207.6795196533203,196.9207534790039,17.678253173828153,17.005813598632756
14.268907563025211,0.008403361344537815,207.71067810058594,196.91275024414062,17.676177978515625,17.052947998046903
14.277310924369749,0.008403361344537815,207.67787170410156,196.90193939208984,17.644561767578068,17.058975219726562
14.285714285714286,0.008403361344537815,207.69149780273438,196.8935775756836,17.595367431640653,17.008651733398466
14.294117647058824,0.008403361344537815,207.72113800048828,196.90341186523438,17.71635437011716,17.01281738281247
14.302521008403362,0.008403361344537815,207.66539764404294,196.91832733154297,17.688644409179688,17.06105041503912
14.3109243697479,0.008403361344537815,207.6826629638672,196.87406158447263,17.61712646484375,17.080307006835994
14.319327731092438,0.008403361344537815,207.7155532836914,196.9915542602539,17.576400756835938,17.07023620605466
14.327731092436975,0.008403361344537815,207.66598510742188,196.90619659423828,17.610382080078097,17.123092651367188
14.336134453781513,0.008403361344537815,207.67855072021484,196.89189910888672,17.658401489257784,17.109756469726506
14.344537815126051,0.008403361344537815,207.73700714111328,196.90245819091797,17.615402221679688,17.01313781738284
14.352941176470589,0.008403361344537815,207.6810760498047,196.90216064453125,17.682281494140568,17.026580810546847
14.361344537815127,0.008403361344537815,207.7279815673828,196.87688446044922,17.570770263671875,17.03559875488284
14.369747899159664,0.008403361344537815,207.69414520263672,196.90845489501953,17.583053588867244,17.028610229492188
14.378151260504202,0.008403361344537815,207.73229217529297,196.93573760986328,17.61222839355466,16.99198913574216
14.38655462184874,0.008403361344537815,207.7248077392578,196.90817260742188,17.5509033203125,17.026397705078125
14.394957983193278,0.008403361344537815,207.73765563964844,196.8768615722656,17.604217529296875,16.954620361328182
14.403361344537815,0.008403361344537815,207.64031982421875,196.90143585205078,17.651275634765625,17.09385681152341
14.411764705882353,0.008403361344537815,207.70279693603516,196.9175567626953,17.639480590820284,16.98388671875
14.420168067226891,0.008403361344537815,207.69698333740234,196.9251251220703,17.636428833007812,16.983917236328153
14.428571428571429,0.008403361344537815,207.72130584716797,196.88614654541016,17.54981994628909,17.043228149414034
14.436974789915967,0.008403361344537815,207.69054412841797,196.8936767578125,17.609817504882784,17.01519775390625
14.445378151260504,0.008403361344537815,207.6769790649414,196.86444854736328,17.664993286132898,16.996383666992244
14.453781512605042,0.008403361344537815,207.6875762939453,196.89136505126953,17.59747314453122,17.006637573242188
14.46218487394958,0.008403361344537815,207.67648315429688,196.87200927734375,17.575653076171903,17.01733398437503
14.470588235294118,0.008403361344537815,207.66236114501953,196.90227508544922,17.623672485351562,17.101516723632784
14.478991596638656,0.008403361344537815,207.6815948486328,196.86777496337893,17.567718505859375,17.065658569335938
14.487394957983193,0.008403361344537815,207.66598510742188,196.8951873779297,17.529083251953125,17.036285400390625
14.495798319327731,0.008403361344537815,207.62503051757812,196.90501403808594,17.6217041015625,17.08496093749997
14.504201680672269,0.008403361344537815,207.70006561279297,196.8680648803711,17.584976196289034,17.018325805664034
14.512605042016807,0.008403361344537815,207.6389923095703,196.88720703124997,17.660919189453125,17.1051025390625
14.521008403361344,0.008403361344537815,207.64732360839844,196.87250518798828,17.547088623046903,17.046432495117216
14.529411764705882,0.008403361344537815,207.65357208251953,196.92520904541016,17.62751770019537,17.085128784179688
14.53781512605042,0.008403361344537815,207.66770935058594,196.90106964111328,17.62493896484375,17.03059387207034
14.546218487394958,0.008403361344537815,207.68765258789062,196.8883285522461,17.575042724609375,17.009628295898438
14.554621848739496,0.008403361344537815,207.69207763671875,196.88978576660156,17.585418701171875,17.002044677734403
14.563025210084033,0.008403361344537815,207.70926666259766,196.89327239990234,17.60993957519534,17.016067504882812
14.571428571428571,0.008403361344537815,207.666130065918,196.89713287353518,17.616195678710938,17.02348327636713
14.579831932773109,0.008403361344537815,207.61174774169922,196.89543914794922,17.55738830566409,17.084304809570312
14.588235294117647,0.008403361344537815,207.647705078125,196.89214324951172,17.584075927734375,17.03096008300784
14.596638655462185,0.008403361344537815,207.6087875366211,196.8852767944336,17.614273071289006,17.118148803710966
14.605042016806722,0.008403361344537815,207.62334442138672,196.88973999023438,17.58534240722659,17.049224853515568
14.61344537815126,0.008403361344537815,207.6041717529297,196.92257690429688,17.611053466796847,17.048492431640625
14.621848739495798,0.008403361344537815,207.59999084472656,196.87899780273438,17.601959228515597,17.068725585937585
14.630252100840336,0.008403361344537815,207.60001373291016,196.90711212158203,17.596542358398466,17.080429077148438
14.638655462184873,0.008403361344537815,207.60342407226562,196.88959503173828,17.57916259765622,17.00361633300787
14.647058823529411,0.008403361344537815,207.66344451904297,196.92337036132812,17.60142517089841,17.0360107421875
14.655462184873949,0.008403361344537815,207.67437744140625,196.88836669921875,17.59918212890622,17.002227783203097
14.663865546218487,0.008403361344537815,207.62078094482422,196.89974212646484,17.598159790039062,17.10404968261716
14.672268907563025,0.008403361344537815,207.6477279663086,196.87763214111328,17.61994934082037,17.017623901367216
14.680672268907562,0.008403361344537815,207.6885757446289,196.8776092529297,17.628921508789006,17.011627197265653
14.6890756302521,0.008403361344537815,207.6709442138672,196.93074035644534,17.611541748046875,17.04949951171875
14.697478991596638,0.008403361344537815,207.66981506347656,196.89527130126953,17.608306884765653,17.022323608398438
14.705882352941176,0.008403361344537815,207.68292236328125,196.88062286376953,17.666137695312443,17.02058410644537
14.714285714285714,0.008403361344537815,207.68761444091797,196.90247344970703,17.558181762695312,17.051895141601562
14.722689075630251,0.008403361344537815,207.69654846191406,196.90023040771484,17.545959472656307,17.053787231445312
14.731092436974789,0.008403361344537815,207.69580078125,196.8875732421875,17.594055175781307,17.042877197265597
14.739495798319327,0.008403361344537815,207.68020629882812,196.89988708496094,17.571990966796932,17.05950927734372
14.747899159663865,0.008403361344537815,207.68997955322266,196.86299896240234,17.664566040039062,17.00209045410162
14.756302521008404,0.008403361344537815,207.6907501220703,196.8786163330078,17.611358642578182,17.005493164062443
14.764705882352942,0.008403361344537815,207.64704132080078,196.89190673828125,17.632736206054744,17.078125
14.77310924369748,0.008403361344537815,207.6750259399414,196.88553619384766,17.589675903320284,17.001388549804716
14.781512605042018,0.008403361344537815,207.67514038085938,196.8762969970703,17.59078979492196,16.9793701171875
14.789915966386555,0.008403361344537815,207.63174438476562,196.87144470214844,17.580810546875057,16.991943359374943
14.798319327731093,0.008403361344537815,207.68032836914062,196.87882232666016,17.617767333984347,17.020736694335938
14.806722689075631,0.008403361344537815,207.6824188232422,196.87300872802734,17.596038818359403,17.010116577148466
14.815126050420169,0.008403361344537815,207.67530822753906,196.88784790039062,17.566589355468693,17.049133300781307
14.823529411764707,0.008403361344537815,207.71512603759766,196.87958526611328,17.59333801269534,17.015518188476506
14.831932773109244,0.008403361344537815,207.69026184082034,196.8482208251953,17.642822265625,17.005950927734375
14.840336134453782,0.008403361344537815,207.68316650390625,196.87224578857422,17.59735107421878,17.006576538085938
14.84873949579832,0.008403361344537815,207.62059783935547,196.84351348876953,17.562881469726562,17.031478881835994
14.857142857142858,0.008403361344537815,207.67937469482422,196.84203338623044,17.60081481933588,17.00154113769537
14.865546218487395,0.008403361344537815,207.65930938720703,196.876953125,17.57356262207034,17.028381347656193
14.873949579831933,0.008403361344537815,207.66798400878906,196.87647247314453,17.581909179687585,17.09492492675784
14.882352941176471,0.008403361344537815,207.70138549804688,196.87334442138672,17.610687255859318,17.052902221679744
14.890756302521009,0.008403361344537815,207.65718841552734,196.88771820068357,17.56214904785159,17.044326782226562
14.899159663865547,0.008403361344537815,207.6598892211914,196.8803939819336,17.584671020507784,17.057968139648438
14.907563025210084,0.008403361344537815,207.67239379882815,196.87533569335938,17.576934814453125,17.02218627929679
14.915966386554622,0.008403361344537815,207.6651382446289,196.86282348632812,17.57585144042966,17.03448486328125
14.92436974789916,0.008403361344537815,207.68466186523438,196.8917465209961,17.560577392578153,17.01185607910159
14.932773109243698,0.008403361344537815,207.70018768310547,196.88124084472656,17.61808776855466,17.005096435546875
14.941176470588236,0.008403361344537815,207.6505584716797,196.8747100830078,17.560516357421903,17.08880615234375
14.949579831932773,0.008403361344537815,207.67373657226562,196.875114440918,17.566131591796903,17.061599731445256
14.957983193277311,0.008403361344537815,207.70043182373047,196.91163635253906,17.69297790527341,17.03033447265625
14.966386554621849,0.008403361344537815,207.6990966796875,196.90396881103516,17.702392578124915,16.99281311035162
14.974789915966387,0.008403361344537815,207.70684051513675,196.87802124023438,17.551589965820312,17.071990966796903
14.983193277310924,0.008403361344537815,207.68805694580078,196.86032867431638,17.57130432128909,17.023056030273438
14.991596638655462,0.008403361344537815,207.68141174316406,196.88722229003906,17.578826904296903,17.056976318359432
15.0,0.008403361344537815,207.6871337890625,196.90797424316406,17.57513427734375,17.02239990234378
15.008403361344538,0.008403361344537815,207.71897888183594,196.91656494140625,17.638092041015625,16.973236083984375
15.016806722689076,0.008403361344537815,207.69634246826172,196.91567993164062,17.584823608398438,16.99542236328122
15.025210084033613,0.008403361344537815,207.71267700195312,196.89752960205078,17.629119873046903,17.016189575195256
15.033613445378151,0.008403361344537815,207.71141052246094,196.87930297851562,17.67474365234372,16.994964599609347
15.042016806722689,0.008403361344537815,207.70333862304688,196.89064025878906,17.612152099609375,17.011291503906307
15.050420168067227,0.008403361344537815,207.64311981201172,196.85940551757812,17.585800170898438,17.05706787109375
15.058823529411764,0.008403361344537815,207.6937026977539,196.89570617675784,17.556838989257784,17.0579833984375
15.067226890756302,0.008403361344537815,207.63446807861328,196.92420196533203,17.576278686523466,17.07759094238284
15.07563025210084,0.008403361344537815,207.6427001953125,196.89215850830078,17.568237304687557,17.053359985351534
15.084033613445378,0.008403361344537815,207.65872955322266,196.94347381591797,17.58393859863284,17.043807983398352
15.100840336134453,0.008403361344537815,207.68263244628906,196.935791015625,17.6483154296875,17.069732666015682
15.109243697478991,0.008403361344537815,207.67526245117188,196.90139770507812,17.55065917968747,17.024017333984318
15.117647058823529,0.008403361344537815,207.64801788330078,196.9347381591797,17.61174011230466,17.056762695312443
15.126050420168067,0.008403361344537815,207.62185668945312,196.9409942626953,17.580169677734375,17.08215332031253
15.134453781512605,0.008403361344537815,207.61453247070312,196.92955780029297,17.679260253906307,17.069595336914034
15.142857142857142,0.008403361344537815,207.6243667602539,196.94498443603516,17.55244445800787,17.10392761230463
15.15126050420168,0.008403361344537815,207.63739776611328,196.92506408691406,17.621536254882812,17.0975341796875
15.159663865546218,0.008403361344537815,207.62940216064453,196.8831787109375,17.565628051757756,17.0521240234375
15.168067226890756,0.008403361344537815,207.6343231201172,196.88739776611328,17.51971435546872,17.073501586914034
15.176470588235293,0.008403361344537815,207.62110900878906,196.87442016601562,17.52972412109378,17.037628173828097
15.184873949579831,0.008403361344537815,207.6305160522461,196.92002868652344,17.556503295898438,17.078643798828097
15.193277310924369,0.008403361344537815,207.65904235839844,196.93619537353516,17.631011962890597,17.066879272460938
15.201680672268907,0.008403361344537815,207.7254867553711,196.94100952148438,17.58824157714841,17.061248779296875
15.210084033613445,0.008403361344537815,207.65992736816406,196.90725708007812,17.6505126953125,17.101898193359403
15.218487394957982,0.008403361344537815,207.65819549560547,196.92205047607422,17.63502502441409,17.10566711425784
15.22689075630252,0.008403361344537815,207.66680908203125,196.9370574951172,17.66619873046878,17.03692626953125
15.235294117647058,0.008403361344537815,207.67256927490234,196.94039916992188,17.650558471679716,17.0771484375
15.243697478991596,0.008403361344537815,207.6739501953125,196.95248413085938,17.63891601562497,17.098907470703125
15.252100840336135,0.008403361344537815,207.6435089111328,196.93970489501953,17.64538574218747,17.098159790039034
15.260504201680673,0.008403361344537815,207.65716552734378,196.93494415283203,17.611816406249943,17.08555603027341
15.268907563025211,0.008403361344537815,207.66527557373047,196.9510726928711,17.64143371582034,17.050735473632784
15.277310924369749,0.008403361344537815,207.67801666259766,196.9410858154297,17.609909057617188,17.050811767578097
15.285714285714286,0.008403361344537815,207.6800994873047,196.9303970336914,17.550384521484375,17.163253784179688
15.294117647058824,0.008403361344537815,207.65174102783203,196.95101165771484,17.60234069824216,17.100112915039062
15.302521008403362,0.008403361344537815,207.6790313720703,196.90308380126953,17.541961669921932,17.071578979492244
15.3109243697479,0.008403361344537815,207.69023895263672,196.92906188964844,17.553512573242188,17.031036376953153
15.319327731092438,0.008403361344537815,207.68792724609375,196.92249298095703,17.556854248046903,17.189773559570256
15.327731092436975,0.008403361344537815,207.64990997314453,196.95146942138672,17.556930541992188,17.178207397460966
15.336134453781513,0.008403361344537815,207.68274688720703,196.9410629272461,17.599777221679688,17.06108093261716
15.344537815126051,0.008403361344537815,207.64535522460938,196.92764282226562,17.64599609374997,17.06842041015628
15.352941176470589,0.008403361344537815,207.68479919433594,196.87765502929688,17.56719970703125,17.05548095703122
15.361344537815127,0.008403361344537815,207.69661712646484,196.91673278808594,17.738265991210938,17.01184082031247
15.369747899159664,0.008403361344537815,207.71688079833984,196.9234619140625,17.58052062988284,17.02752685546878
15.378151260504202,0.008403361344537815,207.65210723876953,196.93375396728516,17.65464782714841,17.07945251464838
15.38655462184874,0.008403361344537815,207.67652893066406,196.9283676147461,17.684539794921847,17.044265747070312
15.394957983193278,0.008403361344537815,207.65652465820312,196.91081237792966,17.550323486328068,17.046661376953182
15.403361344537815,0.008403361344537815,207.64887237548828,196.88460540771484,17.533370971679688,17.13035583496091
15.411764705882353,0.008403361344537815,207.61647033691406,196.8839569091797,17.63525390625003,17.099456787109403
15.420168067226891,0.008403361344537815,207.70545196533203,196.97023010253906,17.514816284179716,17.171112060546932
15.428571428571429,0.008403361344537815,207.6782989501953,196.987060546875,17.527709960937443,17.15539550781253
15.436974789915967,0.008403361344537815,207.64427947998047,196.86490631103516,17.667495727539034,17.055282592773466
15.445378151260504,0.008403361344537815,207.65753173828125,196.9345474243164,17.625335693359347,17.082473754882784
15.453781512605042,0.008403361344537815,207.6614990234375,196.93065643310547,17.61700439453125,17.068862915039034
15.46218487394958,0.008403361344537815,207.64842987060547,196.88731384277344,17.671798706054716,17.07153320312503
15.470588235294118,0.008403361344537815,207.652587890625,196.91793823242188,17.673858642578097,17.04736328124997
15.478991596638656,0.008403361344537815,207.58843994140625,196.93379974365234,17.598663330078097,17.085403442382812
15.487394957983193,0.008403361344537815,207.64425659179688,196.9564208984375,17.634918212890625,17.08331298828125
15.495798319327731,0.008403361344537815,207.59404754638672,196.92698669433594,17.60545349121088,17.072662353515653
15.504201680672269,0.008403361344537815,207.68251037597656,196.93203735351562,17.612823486328097,17.07574462890622
15.512605042016807,0.008403361344537815,207.61031341552734,196.89017486572268,17.66038513183591,17.123886108398438
15.521008403361344,0.008403361344537815,207.65348052978516,196.92120361328125,17.637954711914034,17.05358886718747
15.529411764705882,0.008403361344537815,207.626708984375,196.93701171875,17.57342529296878,17.119598388671847
15.53781512605042,0.008403361344537815,207.67770385742188,196.91310119628906,17.63275146484378,17.06719970703128
15.546218487394958,0.008403361344537815,207.67764282226562,196.90988159179688,17.540008544921903,17.149139404296903
15.554621848739496,0.008403361344537815,207.66242218017578,196.94068908691406,17.62480163574216,17.074249267578097
15.563025210084033,0.008403361344537815,207.66097259521484,196.8998794555664,17.489852905273438,17.18721008300784
15.571428571428571,0.008403361344537815,207.64611053466797,196.90785217285156,17.61524963378909,17.113800048828097
15.579831932773109,0.008403361344537815,207.6255645751953,196.90338134765625,17.650970458984375,17.103729248046847
15.588235294117647,0.008403361344537815,207.6501922607422,196.928955078125,17.594757080078097,17.08746337890622
15.596638655462185,0.008403361344537815,207.70433807373047,196.93199920654297,17.605056762695312,17.054611206054716
15.605042016806722,0.008403361344537815,207.63805389404297,196.92589569091797,17.630630493164034,17.070297241210938
15.61344537815126,0.008403361344537815,207.70430755615234,196.88851165771484,17.572525024414062,17.056289672851562
15.621848739495798,0.008403361344537815,207.6305160522461,196.91204833984375,17.52204895019534,17.04846191406247
15.630252100840336,0.008403361344537815,207.63150787353516,196.8718490600586,17.564315795898438,17.036117553710938
15.638655462184873,0.008403361344537815,207.65927124023438,196.9112319946289,17.564971923828097,17.11314392089841
15.647058823529411,0.008403361344537815,207.70482635498044,196.90833282470703,17.579574584960938,17.023849487304688
15.655462184873949,0.008403361344537815,207.71614837646484,196.92503356933594,17.70024108886716,17.058410644531307
15.663865546218487,0.008403361344537815,207.68326568603516,196.88245391845703,17.61259460449216,17.025436401367216
15.672268907563025,0.008403361344537815,207.66847229003906,196.8895263671875,17.661651611328097,17.013671875
15.680672268907562,0.008403361344537815,207.67717742919922,196.93547821044922,17.62129211425787,17.110885620117188
15.6890756302521,0.008403361344537815,207.66500091552734,196.89559173583984,17.515274047851562,17.057266235351477
15.697478991596638,0.008403361344537815,207.68981170654297,196.90809631347656,17.548416137695312,17.069976806640625
15.705882352941176,0.008403361344537815,207.67222595214844,196.90457153320312,17.609466552734403,17.08508300781247
15.714285714285714,0.008403361344537815,207.69794464111328,196.8820571899414,17.58177185058591,16.985916137695312
15.722689075630251,0.008403361344537815,207.71026611328125,196.8877944946289,17.59979248046875,17.025344848632784
15.731092436974789,0.008403361344537815,207.71531677246097,196.8863067626953,17.62274169921875,17.022735595703068
15.739495798319327,0.008403361344537815,207.6919937133789,196.8846893310547,17.541275024414006,17.045440673828097
15.747899159663865,0.008403361344537815,207.70542907714844,196.88131713867188,17.5828857421875,17.00555419921878
15.756302521008404,0.008403361344537815,207.71720123291016,196.90769958496094,17.567184448242188,17.037445068359375
15.764705882352942,0.008403361344537815,207.65435791015625,196.9015121459961,17.556060791015625,17.088394165039062
15.77310924369748,0.008403361344537815,207.6189422607422,196.9058380126953,17.57241821289071,17.112213134765597
15.781512605042018,0.008403361344537815,207.6919403076172,196.91445922851562,17.721038818359403,16.98425292968747
15.789915966386555,0.008403361344537815,207.68201446533203,196.88197326660156,17.54026794433588,17.06219482421872
15.798319327731093,0.008403361344537815,207.67259979248047,196.89012145996094,17.597335815429716,17.02581787109375
15.806722689075631,0.008403361344537815,207.6834487915039,196.8800048828125,17.512954711914034,17.065185546875
15.815126050420169,0.008403361344537815,207.65221405029297,196.92061614990234,17.62229919433591,17.05241394042966
15.823529411764707,0.008403361344537815,207.69225311279297,196.8968276977539,17.551773071289062,17.041488647460938
15.831932773109244,0.008403361344537815,207.69841766357422,196.89979553222656,17.543533325195256,17.05697631835946
15.840336134453782,0.008403361344537815,207.70716094970703,196.8956756591797,17.5688934326173,17.04751586914071
15.84873949579832,0.008403361344537815,207.70652770996094,196.91620635986328,17.54589843749997,17.056198120117216
15.857142857142858,0.008403361344537815,207.6482162475586,196.90338897705078,17.64363098144537,17.05378723144534
15.865546218487395,0.008403361344537815,207.6976089477539,196.91554260253906,17.696487426757784,17.021209716796875
15.873949579831933,0.008403361344537815,207.69187927246097,196.90459442138672,17.64642333984375,17.056228637695312
15.882352941176471,0.008403361344537815,207.67290496826172,196.91490173339844,17.60737609863284,17.085235595703097
15.890756302521009,0.008403361344537815,207.6588592529297,196.8872299194336,17.513763427734347,17.09919738769534
15.907563025210084,0.008403361344537815,207.63887023925784,196.90072631835938,17.53070068359375,17.041595458984375
15.915966386554622,0.008403361344537815,207.66577911376953,196.88378906250003,17.571548461914034,17.027069091796875
15.932773109243698,0.008403361344537815,207.68176269531247,196.92529296875,17.710662841796875,17.02349853515622
15.941176470588236,0.008403361344537815,207.69126892089844,196.91954040527344,17.69604492187503,17.012115478515625
15.949579831932773,0.008403361344537815,207.65251922607422,196.87366485595703,17.539657592773438,17.016311645507812
15.957983193277311,0.008403361344537815,207.64492797851562,196.94715881347656,17.57086181640622,17.044189453125
15.966386554621849,0.008403361344537815,207.6988754272461,196.90723419189453,17.55256652832034,17.008895874023466
15.974789915966387,0.008403361344537815,207.72708129882812,196.88931274414062,17.575286865234347,17.024505615234403
15.991596638655462,0.008403361344537815,207.6972885131836,196.90225219726562,17.55589294433591,17.043182373046847
16.0,0.008403361344537815,207.70246124267578,196.9252471923828,17.632675170898494,17.00567626953125
16.008403361344538,0.008403361344537815,207.67134857177734,196.9150619506836,17.658065795898438,17.059860229492216
16.016806722689076,0.008403361344537815,207.68538665771487,196.9175567626953,17.71696472167963,17.026092529296847
16.04201680672269,0.008403361344537815,207.6582489013672,196.8878631591797,17.57476806640625,17.12591552734378
16.07563025210084,0.008403361344537815,207.6813735961914,196.90911865234378,17.56764221191409,17.034545898437443
16.092436974789916,0.008403361344537815,207.6927490234375,196.90406799316406,17.523681640625,17.063934326171875
16.159663865546218,0.008403361344537815,207.6438751220703,196.90428924560547,17.607421875,17.11875915527338
16.168067226890756,0.008403361344537815,207.62640380859372,196.87759399414062,17.6065673828125,17.06658935546875
16.201680672268907,0.008403361344537815,207.70044708251953,196.8948745727539,17.587142944335966,17.063522338867188
16.218487394957982,0.008403361344537815,207.681884765625,196.8979263305664,17.53302001953128,17.031509399414006
16.235294117647058,0.008403361344537815,207.7073745727539,196.91846466064453,17.609085083007898,17.020889282226534
16.243697478991596,0.008403361344537815,207.6953887939453,196.9281997680664,17.583221435546847,17.05766296386713
16.252100840336134,0.008403361344537815,207.67906951904297,196.90641021728516,17.583084106445284,17.00425720214838
16.26050420168067,0.008403361344537815,207.65621948242188,196.92445373535156,17.615020751953125,17.046051025390625
16.26890756302521,0.008403361344537815,207.6675262451172,196.88270568847656,17.580261230468807,17.005187988281307
16.277310924369747,0.008403361344537815,207.6722869873047,196.91266632080078,17.70306396484372,16.98432922363284
16.285714285714285,0.008403361344537815,207.679443359375,196.90565490722656,17.578308105468693,17.0350341796875
16.294117647058822,0.008403361344537815,207.68640899658203,196.9027099609375,17.583328247070284,17.000701904296818
16.30252100840336,0.008403361344537815,207.67754364013672,196.9237594604492,17.565750122070312,17.032760620117244
16.310924369747898,0.008403361344537815,207.58045959472656,196.92606353759766,17.592498779296903,17.008926391601534
16.319327731092436,0.008403361344537815,207.66671752929688,196.92008209228516,17.58288574218747,17.012130737304688
16.327731092436974,0.008403361344537815,207.64360809326172,196.8930206298828,17.577468872070284,17.0367431640625
16.33613445378151,0.008403361344537815,207.67125701904297,196.87940216064453,17.596420288085938,17.012832641601562
16.34453781512605,0.008403361344537815,207.6540756225586,196.92743682861328,17.681228637695312,17.040847778320312
16.352941176470587,0.008403361344537815,207.63461303710938,196.89710235595703,17.55749511718753,17.072616577148438
16.361344537815125,0.008403361344537815,207.61358642578125,196.90523529052734,17.59893798828128,17.104385375976648
16.3781512605042,0.008403361344537815,207.67379760742188,196.88145446777344,17.610504150390653,16.983062744140653
16.386554621848738,0.008403361344537815,207.66333770751953,196.89635467529297,17.74150085449216,16.97416687011716
16.394957983193276,0.008403361344537815,207.6344223022461,196.91461181640625,17.715774536132784,17.011138916015625
16.403361344537814,0.008403361344537815,207.67726135253906,196.91342163085938,17.693450927734432,17.009246826171847
16.41176470588235,0.008403361344537815,207.6817169189453,196.9373321533203,17.70642089843753,17.029541015625
16.42016806722689,0.008403361344537815,207.64856719970703,196.88263702392578,17.64091491699213,17.003585815429602
16.436974789915965,0.008403361344537815,207.61614227294922,196.87162017822266,17.580337524414034,17.079391479492188
16.445378151260503,0.008403361344537815,207.6422119140625,196.95996856689453,17.58966064453128,17.075485229492216
16.462184873949578,0.008403361344537815,207.63482666015625,196.8813934326172,17.64276123046872,17.074005126953125
16.470588235294116,0.008403361344537815,207.64559173583984,196.8731918334961,17.640579223632784,17.058486938476562
16.478991596638654,0.008403361344537815,207.67650604248047,196.85919952392578,17.56318664550784,17.000808715820284
16.48739495798319,0.008403361344537815,207.62867736816406,196.93856048583984,17.55133056640622,17.14460754394534
16.49579831932773,0.008403361344537815,207.61483001708984,196.88802337646484,17.64189147949213,17.06437683105466
16.50420168067227,0.008403361344537815,207.63358306884766,196.91571807861325,17.65177917480466,17.048263549804688
16.51260504201681,0.008403361344537815,207.63414764404297,196.88263702392578,17.643814086914062,17.08183288574216
16.521008403361346,0.008403361344537815,207.63457489013672,196.8909149169922,17.684585571289034,17.03131103515628
16.529411764705884,0.008403361344537815,207.5928192138672,196.91158294677734,17.5797119140625,17.017532348632812
16.54621848739496,0.008403361344537815,207.5786819458008,196.8948974609375,17.549514770507756,17.088623046875
16.554621848739497,0.008403361344537815,207.61167907714844,196.89686584472656,17.640167236328068,17.05047607421872
16.563025210084035,0.008403361344537815,207.6171951293945,196.89251708984375,17.652847290039062,17.046752929687443
16.571428571428573,0.008403361344537815,207.5918960571289,196.91442108154297,17.584640502929688,17.088943481445312
16.57983193277311,0.008403361344537815,207.59375,196.9134521484375,17.548248291015625,17.08441162109378
16.58823529411765,0.008403361344537815,207.6111068725586,196.93724822998047,17.60859680175784,17.06703186035159
16.596638655462186,0.008403361344537815,207.6143798828125,196.91541290283203,17.568603515625057,17.077011108398466
16.605042016806724,0.008403361344537815,207.61837005615234,196.90441131591797,17.55699157714841,17.15974426269534
16.6218487394958,0.008403361344537815,207.60166931152344,196.8788070678711,17.54425048828122,17.098617553710966
16.630252100840337,0.008403361344537815,207.60691833496094,196.87616729736328,17.597198486328097,17.09812927246091
16.638655462184875,0.008403361344537815,207.61270904541016,196.88207244873047,17.550979614257812,17.087081909179688
16.647058823529413,0.008403361344537815,207.60445404052734,196.83651733398438,17.598037719726534,17.040374755859403
16.65546218487395,0.008403361344537815,207.63221740722656,196.87792205810547,17.601623535156307,17.02464294433591
16.66386554621849,0.008403361344537815,207.6127471923828,196.8425521850586,17.58984375,17.038894653320227
16.672268907563026,0.008403361344537815,207.64381408691406,196.86945343017578,17.60034179687497,17.07743835449213
16.680672268907564,0.008403361344537815,207.6556396484375,196.9135971069336,17.588836669921847,17.057022094726562
16.689075630252102,0.008403361344537815,207.6353530883789,196.89363861083984,17.607955932617102,17.01808166503909
16.69747899159664,0.008403361344537815,207.6080780029297,196.85132598876953,17.591522216796847,17.000595092773438
16.705882352941178,0.008403361344537815,207.65184783935547,196.88459014892578,17.596725463867244,17.032821655273494
16.714285714285715,0.008403361344537815,207.65750122070312,196.89804077148438,17.6221923828125,17.038787841796875
16.722689075630253,0.008403361344537815,207.64694976806638,196.8886489868164,17.595077514648438,17.03456115722662
16.73109243697479,0.008403361344537815,207.64925384521484,196.8906326293945,17.579971313476534,17.06196594238287
16.73949579831933,0.008403361344537815,207.6036529541016,196.86502075195312,17.58770751953125,17.03564453124997
16.747899159663866,0.008403361344537815,207.63947296142578,196.87337493896484,17.60795593261716,17.00947570800784
16.756302521008404,0.008403361344537815,207.61515045166016,196.83985137939453,17.59339904785162,17.04417419433588
16.764705882352942,0.008403361344537815,207.6265640258789,196.8572769165039,17.59559631347659,17.086990356445284
16.77310924369748,0.008403361344537815,207.59982299804688,196.81993865966797,17.613006591796875,17.038040161132812
16.781512605042018,0.008403361344537815,207.58426666259766,196.84242248535153,17.596939086914034,17.053833007812557
16.789915966386555,0.008403361344537815,207.58816528320312,196.83486938476562,17.559906005859432,17.01971435546875
16.798319327731093,0.008403361344537815,207.59417724609375,196.8199462890625,17.63769531249997,17.004730224609375
16.80672268907563,0.008403361344537815,207.61572265625,196.84090423583984,17.61462402343747,17.000839233398438
16.81512605042017,0.008403361344537815,207.6697235107422,196.8711242675781,17.599395751953125,17.022125244140682
16.823529411764707,0.008403361344537815,207.58289337158203,196.7984771728516,17.575180053711023,16.994415283203068
16.831932773109244,0.008403361344537815,207.63457489013672,196.8628387451172,17.582015991210938,17.031402587890597
16.840336134453782,0.008403361344537815,207.6360855102539,196.86509704589844,17.58006286621091,17.044464111328125
16.84873949579832,0.008403361344537815,207.61957550048828,196.84475708007812,17.583480834960966,17.0076904296875
16.857142857142858,0.008403361344537815,207.6361846923828,196.8895263671875,17.54840087890622,17.043548583984403
16.865546218487395,0.008403361344537815,207.65562438964844,196.83895111083984,17.61639404296872,16.999465942382784
16.873949579831933,0.008403361344537815,207.6609649658203,196.9017333984375,17.6046142578125,17.021942138671903
16.88235294117647,0.008403361344537815,207.61808013916016,196.87796783447266,17.572616577148466,17.067611694335966
16.89075630252101,0.008403361344537815,207.6496810913086,196.88732147216797,17.558151245117216,17.053451538085966
16.899159663865547,0.008403361344537815,207.6705093383789,196.88806915283203,17.573074340820284,17.027267456054688
16.907563025210084,0.008403361344537815,207.66441345214844,196.90253448486328,17.606536865234375,17.05567932128912
16.915966386554622,0.008403361344537815,207.6783905029297,196.89395904541013,17.621429443359432,17.014328002929744
16.92436974789916,0.008403361344537815,207.63851165771484,196.89212036132812,17.586929321289062,17.06573486328128
16.932773109243698,0.008403361344537815,207.6617660522461,196.86856079101562,17.608200073242244,17.029998779296903
16.941176470588236,0.008403361344537815,207.65621185302734,196.86067962646484,17.546188354492188,17.07252502441412
16.949579831932773,0.008403361344537815,207.6712875366211,196.92584228515625,17.562820434570284,17.0401611328125
16.95798319327731,0.008403361344537815,207.64942169189453,196.85619354248047,17.53099060058588,17.070724487304602
16.96638655462185,0.008403361344537815,207.64258575439453,196.85801696777344,17.549209594726562,17.020050048828068
16.974789915966387,0.008403361344537815,207.6728744506836,196.8378143310547,17.58540344238287,17.012573242187557
16.983193277310924,0.008403361344537815,207.69906616210938,196.8888931274414,17.67565917968753,17.06440734863284
16.991596638655462,0.008403361344537815,207.69248962402344,196.8798370361328,17.585723876953125,16.993408203125
17.008403361344538,0.008403361344537815,207.6921615600586,196.90611267089844,17.697921752929716,16.93243408203125
17.016806722689076,0.008403361344537815,207.69329833984375,196.87218475341797,17.68798828125,16.988357543945398
17.025210084033613,0.008403361344537815,207.67919921875,196.92010498046875,17.614501953125057,17.024566650390625
17.03361344537815,0.008403361344537815,207.67842864990234,196.89219665527344,17.628311157226506,17.0416259765625
17.04201680672269,0.008403361344537815,207.69403076171875,196.8958969116211,17.632781982421847,17.014114379882812
17.050420168067227,0.008403361344537815,207.65960693359375,196.89119720458984,17.612152099609347,17.025131225585966
17.058823529411764,0.008403361344537815,207.6288604736328,196.86905670166016,17.62677001953125,17.03651428222662
17.067226890756302,0.008403361344537815,207.6775131225586,196.9196014404297,17.58729553222659,17.01287841796872
17.07563025210084,0.008403361344537815,207.60636138916016,196.9358367919922,17.557876586914034,17.07806396484378
17.084033613445378,0.008403361344537815,207.67120361328125,196.9172821044922,17.697784423828097,16.981231689453097
17.092436974789916,0.008403361344537815,207.70551300048828,196.90204620361328,17.594894409179688,17.013809204101562
17.100840336134453,0.008403361344537815,207.65731811523438,196.92511749267575,17.615722656250085,17.027328491210938
17.10924369747899,0.008403361344537815,207.63764190673828,196.90310668945312,17.575729370117244,17.052642822265625
17.11764705882353,0.008403361344537815,207.6441650390625,196.90841674804688,17.572967529296903,17.03753662109378
17.126050420168067,0.008403361344537815,207.65847778320312,196.88153076171875,17.610809326171903,16.99462890625003
17.134453781512605,0.008403361344537815,207.72291564941406,196.8827896118164,17.612945556640597,16.980392456054716
17.142857142857142,0.008403361344537815,207.68942260742188,196.90384674072266,17.573730468750057,17.038314819335966
17.15126050420168,0.008403361344537815,207.6453857421875,196.87752532958982,17.567779541015625,17.033981323242244
17.159663865546218,0.008403361344537815,207.68355560302734,196.90531158447266,17.721542358398466,16.965438842773466
17.168067226890756,0.008403361344537815,207.65302276611328,196.9202423095703,17.605514526367273,17.02999877929679
17.176470588235293,0.008403361344537815,207.66958618164062,196.89825439453125,17.605316162109347,17.048919677734375
17.18487394957983,0.008403361344537815,207.69198608398438,196.84819793701172,17.682464599609375,16.933425903320256
17.19327731092437,0.008403361344537815,207.66226959228516,196.86251068115234,17.676712036132784,16.967636108398466
17.201680672268907,0.008403361344537815,207.67279815673828,196.8897933959961,17.597824096679688,17.04435729980466
17.210084033613445,0.008403361344537815,207.6994857788086,196.8633804321289,17.653396606445312,16.987960815429688
17.218487394957982,0.008403361344537815,207.71652984619138,196.8928680419922,17.558181762695312,17.059173583984403
17.22689075630252,0.008403361344537815,207.6903839111328,196.89376831054688,17.609222412109375,16.987274169921847
17.235294117647058,0.008403361344537815,207.68017578125,196.9293975830078,17.610992431640597,17.034545898437557
17.243697478991596,0.008403361344537815,207.6837158203125,196.89937591552734,17.584197998046875,17.03581237792966
17.252100840336134,0.008403361344537815,207.68885803222656,196.8869171142578,17.606781005859403,16.967895507812443
17.26050420168067,0.008403361344537815,207.70321655273438,196.88218688964844,17.6387939453125,16.985687255859403
17.26890756302521,0.008403361344537815,207.7031707763672,196.90025329589844,17.646392822265568,17.05645751953128
17.277310924369747,0.008403361344537815,207.66213989257812,196.8731918334961,17.575988769531307,17.03883361816412
17.285714285714285,0.008403361344537815,207.68743896484378,196.88018035888672,17.577880859374943,17.027999877929688
17.294117647058822,0.008403361344537815,207.71177673339844,196.89508819580078,17.561248779296932,17.066146850585938
17.30252100840336,0.008403361344537815,207.72193145751953,196.8858871459961,17.588546752929688,17.02116394042966
17.310924369747898,0.008403361344537815,207.6913299560547,196.88590240478513,17.652221679687557,17.033859252929744
17.319327731092436,0.008403361344537815,207.7263641357422,196.9029083251953,17.608520507812557,17.020751953125
17.327731092436974,0.008403361344537815,207.67942810058594,196.85468292236328,17.61114501953122,17.038406372070284
17.33613445378151,0.008403361344537815,207.70943450927734,196.88191986083984,17.55699157714841,17.011184692382812
17.34453781512605,0.008403361344537815,207.70345306396484,196.88743591308594,17.58549499511716,17.00628662109378
17.352941176470587,0.008403361344537815,207.71888732910156,196.84642791748047,17.603363037109347,16.968338012695284
17.361344537815125,0.008403361344537815,207.70758056640625,196.90767669677734,17.652069091796847,17.010482788085966
17.369747899159663,0.008403361344537815,207.76449584960938,196.87879180908203,17.610137939453097,17.029525756835938
17.3781512605042,0.008403361344537815,207.72527313232422,196.90328979492188,17.556900024414034,17.055084228515653
17.386554621848738,0.008403361344537815,207.71694946289062,196.89862060546872,17.5843505859375,17.02777099609375
17.394957983193276,0.008403361344537815,207.72178649902344,196.9085388183594,17.60406494140625,17.02587890625
17.403361344537814,0.008403361344537815,207.72936248779297,196.86107635498047,17.646194458007898,16.98454284667963
17.41176470588235,0.008403361344537815,207.70772552490234,196.89655303955078,17.595718383789062,17.01338195800787
17.42016806722689,0.008403361344537815,207.71721649169922,196.88973236083984,17.622177124023466,17.074142456054688
17.428571428571427,0.008403361344537815,207.67786407470706,196.91826629638672,17.58030700683588,17.03645324707034
17.436974789915965,0.008403361344537815,207.68479919433594,196.90880584716797,17.59594726562497,17.028335571288977
17.445378151260503,0.008403361344537815,207.69747924804688,196.97173309326172,17.591979980468835,17.07228088378909
17.45378151260504,0.008403361344537815,207.7494125366211,196.90548706054688,17.63417053222662,16.99102783203125
17.462184873949578,0.008403361344537815,207.73346710205078,196.99217987060547,17.59617614746091,17.045303344726534
17.470588235294116,0.008403361344537815,207.75943756103516,196.87357330322266,17.691055297851562,16.975082397460966
17.478991596638654,0.008403361344537815,207.75291442871094,196.91449737548828,17.634613037109403,17.018417358398466
17.48739495798319,0.008403361344537815,207.69281005859375,196.92782592773435,17.686126708984347,16.987243652343807
17.49579831932773,0.008403361344537815,207.70339965820312,196.90054321289062,17.694305419921847,16.98675537109372
17.50420168067227,0.008403361344537815,207.7174301147461,196.92578887939453,17.632095336914062,16.998641967773466
17.51260504201681,0.008403361344537815,207.71340179443362,196.90323638916016,17.697250366210938,16.999099731445284
17.521008403361346,0.008403361344537815,207.7109603881836,196.91549682617188,17.72328186035162,16.96466064453122
17.529411764705884,0.008403361344537815,207.70140838623047,196.925048828125,17.66102600097659,17.03100585937497
17.537815126050422,0.008403361344537815,207.7345733642578,196.99566650390625,17.60302734375003,16.970001220703153
17.54621848739496,0.008403361344537815,207.69779205322266,196.97142791748047,17.634414672851534,17.07624816894534
17.554621848739497,0.008403361344537815,207.7350845336914,196.93077850341797,17.62709045410159,17.000564575195312
17.563025210084035,0.008403361344537815,207.71453857421875,196.93550872802734,17.616912841796875,17.041183471679688
17.571428571428573,0.008403361344537815,207.71844482421875,196.9298324584961,17.641876220703125,17.05271911621091
17.57983193277311,0.008403361344537815,207.6993179321289,196.9471435546875,17.649795532226562,17.04443359375003
17.605042016806724,0.008403361344537815,207.69794464111328,196.9199295043945,17.619491577148494,17.027236938476562
17.613445378151262,0.008403361344537815,207.70026397705078,196.90233612060547,17.59919738769534,17.04948425292966
17.6218487394958,0.008403361344537815,207.69215393066406,196.8877410888672,17.61474609374997,16.99536132812497
17.630252100840337,0.008403361344537815,207.71131134033203,196.9177169799805,17.699691772460852,17.022537231445312
17.638655462184875,0.008403361344537815,207.70877838134766,196.92821502685547,17.65727233886713,16.94050598144534
17.647058823529413,0.008403361344537815,207.69751739501953,196.91312408447266,17.600357055664034,17.027359008789062
17.65546218487395,0.008403361344537815,207.70437622070312,196.8926544189453,17.58685302734375,16.99389648437497
17.66386554621849,0.008403361344537815,207.72100830078125,196.9018783569336,17.622711181640568,17.01582336425787
17.672268907563026,0.008403361344537815,207.68355560302734,196.90048217773438,17.571456909179688,17.053741455078153
17.680672268907564,0.008403361344537815,207.7146759033203,196.89305877685547,17.59881591796878,17.025192260742216
17.689075630252102,0.008403361344537815,207.73809814453125,196.9104766845703,17.653259277343693,17.001129150390653
17.69747899159664,0.008403361344537815,207.7344284057617,196.89933013916016,17.597579956054688,17.03706359863284
17.705882352941178,0.008403361344537815,207.711669921875,196.89619445800778,17.61322021484375,17.008758544921875
17.714285714285715,0.008403361344537815,207.72420501708984,196.9216079711914,17.628189086914062,16.95994567871088
17.722689075630253,0.008403361344537815,207.7097930908203,196.9685516357422,17.7109375,16.95880126953122
17.73109243697479,0.008403361344537815,207.70237731933594,196.88245391845703,17.615081787109347,17.012588500976534
17.73949579831933,0.008403361344537815,207.7198944091797,196.8890609741211,17.61590576171872,17.024887084960938
17.747899159663866,0.008403361344537815,207.71617126464844,196.88004302978516,17.64959716796878,16.972488403320284
17.756302521008404,0.008403361344537815,207.7107391357422,196.8881149291992,17.604583740234403,17.002578735351562
17.764705882352942,0.008403361344537815,207.7116470336914,196.88450622558594,17.59400939941409,17.03302001953122
17.77310924369748,0.008403361344537815,207.7520523071289,196.8729019165039,17.68440246582037,17.03492736816409
17.781512605042018,0.008403361344537815,207.72940826416016,196.875,17.593429565429716,17.00964355468747
17.789915966386555,0.008403361344537815,207.68994140625,196.86456298828125,17.68750000000003,16.98937988281247
17.798319327731093,0.008403361344537815,207.74276733398438,196.8406219482422,17.6351318359375,17.011383056640625
17.80672268907563,0.008403361344537815,207.74217224121094,196.88528442382812,17.7078857421875,16.95095825195304
17.81512605042017,0.008403361344537815,207.75784301757812,196.87512969970703,17.714477539062415,17.013442993164062
17.823529411764707,0.008403361344537815,207.67305755615234,196.84011840820312,17.647171020507812,17.054626464843665
17.831932773109244,0.008403361344537815,207.67599487304688,196.86949157714844,17.619537353515625,17.08831787109378
17.840336134453782,0.008403361344537815,207.74117279052734,196.8459243774414,17.66877746582034,17.037582397460938
17.84873949579832,0.008403361344537815,207.70792388916016,196.89292144775393,17.66978454589841,17.034622192382812
17.857142857142858,0.008403361344537815,207.69407653808594,196.86419677734375,17.64004516601571,17.00622558593747
17.865546218487395,0.008403361344537815,207.6879425048828,196.88597869873047,17.631805419921847,17.007705688476506
17.873949579831933,0.008403361344537815,207.73238372802734,196.89846801757812,17.629623413085938,17.049041748046875
17.88235294117647,0.008403361344537815,207.68777465820312,196.87784576416013,17.60308837890628,17.009506225585994
17.89075630252101,0.008403361344537815,207.72264862060547,196.89605712890625,17.624984741210994,17.05657958984372
17.899159663865547,0.008403361344537815,207.7191390991211,196.911376953125,17.639480590820312,17.00347900390622
17.907563025210084,0.008403361344537815,207.69332122802734,196.9000701904297,17.59754943847662,17.045684814453097
17.915966386554622,0.008403361344537815,207.69932556152344,196.89278411865234,17.658050537109375,17.026504516601562
17.92436974789916,0.008403361344537815,207.7431640625,196.8509750366211,17.661224365234375,16.97178649902341
17.941176470588236,0.008403361344537815,207.78433227539062,196.87447357177734,17.570953369140653,17.01625061035159
17.949579831932773,0.008403361344537815,207.70364379882812,196.8792953491211,17.67315673828122,17.026290893554716
17.95798319327731,0.008403361344537815,207.72698974609375,196.87564086914062,17.655212402343693,16.999664306640568
17.974789915966387,0.008403361344537815,207.71184539794922,196.87432098388672,17.603713989257784,17.048690795898494
17.983193277310924,0.008403361344537815,207.71659088134766,196.88545989990234,17.631698608398466,16.988235473632812
18.0,0.008403361344537815,207.67723083496094,196.89498901367188,17.62878417968753,17.08111572265625
18.008403361344538,0.008403361344537815,207.7175064086914,196.9231948852539,17.562911987304744,17.038681030273466
18.016806722689076,0.008403361344537815,207.7371597290039,196.8901596069336,17.59532165527341,17.02552795410162
18.025210084033613,0.008403361344537815,207.70125579833984,196.8958511352539,17.590194702148466,17.011306762695284
18.03361344537815,0.008403361344537815,207.70482635498047,196.9088134765625,17.58805847167966,17.176574707031335
18.04201680672269,0.008403361344537815,207.66716766357422,196.90000152587888,17.583236694335966,17.08387756347662
18.050420168067227,0.008403361344537815,207.67694854736328,196.90528106689453,17.69557189941409,17.008224487304744
18.058823529411764,0.008403361344537815,207.7200927734375,196.88765716552734,17.61499023437503,17.006423950195312
18.067226890756302,0.008403361344537815,207.7043685913086,196.87745666503906,17.620925903320284,17.01904296875
18.07563025210084,0.008403361344537815,207.67942810058597,196.89708709716797,17.6087646484375,17.05406188964841
18.092436974789916,0.008403361344537815,207.70418548583984,196.9344482421875,17.679122924804688,17.016387939453097
18.100840336134453,0.008403361344537815,207.67667388916016,196.8912582397461,17.567947387695284,17.056564331054688
18.10924369747899,0.008403361344537815,207.59808349609375,196.88856506347656,17.67364501953122,17.06878662109378
18.11764705882353,0.008403361344537815,207.6757049560547,196.9317855834961,17.582000732421903,17.044906616210994
18.126050420168067,0.008403361344537815,207.6605453491211,196.9280776977539,17.61994934082034,17.105941772460966
18.134453781512605,0.008403361344537815,207.66985321044922,196.9101104736328,17.56251525878909,17.017364501953125
18.142857142857142,0.008403361344537815,207.6626129150391,196.952392578125,17.60040283203125,17.0687255859375
18.15126050420168,0.008403361344537815,207.67794799804688,196.90799713134768,17.571685791015625,17.02030944824213
18.159663865546218,0.008403361344537815,207.68125915527344,196.9218521118164,17.594146728515597,17.01329040527341
18.168067226890756,0.008403361344537815,207.69107055664062,196.9228057861328,17.57147216796875,17.02447509765622
18.176470588235293,0.008403361344537815,207.70574951171875,196.90055084228516,17.56939697265622,17.061935424804716
18.18487394957983,0.008403361344537815,207.68360900878906,196.89549255371094,17.577789306640568,17.033416748046847
18.19327731092437,0.008403361344537815,207.72093200683594,196.88973999023438,17.574371337890625,16.98031616210946
18.201680672268907,0.008403361344537815,207.6873321533203,196.8598861694336,17.58367919921875,17.013046264648466
18.210084033613445,0.008403361344537815,207.6984405517578,196.90159606933597,17.582824707031193,17.032470703124943
18.218487394957982,0.008403361344537815,207.73242187500003,196.89261627197266,17.56072998046875,17.022201538085994
18.22689075630252,0.008403361344537815,207.71746826171875,196.88335418701172,17.586669921875,17.027359008789006
18.235294117647058,0.008403361344537815,207.6979751586914,196.88745880126953,17.627700805664062,17.00028991699216
18.243697478991596,0.008403361344537815,207.68450927734375,196.89922332763672,17.583221435546847,17.05192565917966
18.252100840336134,0.008403361344537815,207.71705627441406,196.8932113647461,17.59472656250003,17.035232543945312
18.26050420168067,0.008403361344537815,207.7239761352539,196.87732696533203,17.595718383789062,17.000991821289148
18.26890756302521,0.008403361344537815,207.72674560546875,196.87132263183594,17.597961425781193,17.01965332031253
18.277310924369747,0.008403361344537815,207.73462677001953,196.90277862548828,17.598220825195256,17.024642944335994
18.285714285714285,0.008403361344537815,207.71942138671878,196.86977386474607,17.628967285156193,17.001937866210994
18.294117647058822,0.008403361344537815,207.7099838256836,196.88007354736328,17.583389282226648,16.998519897460938
18.30252100840336,0.008403361344537815,207.72563171386716,196.84230041503906,17.692718505859375,16.977569580078097
18.310924369747898,0.008403361344537815,207.71742248535156,196.88874053955078,17.687530517578182,16.94361877441409
18.319327731092436,0.008403361344537815,207.72949981689453,196.83578491210935,17.674942016601562,16.8948974609375
18.327731092436974,0.008403361344537815,207.74356079101562,196.8538589477539,17.63934326171875,16.95939636230466
18.33613445378151,0.008403361344537815,207.76842498779297,196.79969787597656,17.66337585449216,16.956512451171847
18.34453781512605,0.008403361344537815,207.7128143310547,196.86352539062497,17.641204833984403,17.048492431640682
18.352941176470587,0.008403361344537815,207.70947265625,196.8479766845703,17.662078857421903,16.997894287109347
18.361344537815125,0.008403361344537815,207.7252502441406,196.90702056884766,17.638427734375,17.031875610351562
18.369747899159663,0.008403361344537815,207.74047088623047,196.86724853515625,17.60581970214841,17.040679931640568
18.3781512605042,0.008403361344537815,207.7168960571289,196.87433624267578,17.59449768066412,17.012008666992188
18.386554621848738,0.008403361344537815,207.7122802734375,196.8607177734375,17.589569091796903,16.998199462890597
18.394957983193276,0.008403361344537815,207.75880432128903,196.87056732177734,17.711700439453182,16.999130249023466
18.403361344537814,0.008403361344537815,207.7780532836914,196.87437438964844,17.664505004882784,17.034820556640682
18.41176470588235,0.008403361344537815,207.72638702392578,196.8716812133789,17.61192321777341,17.034164428710852
18.42016806722689,0.008403361344537815,207.71929931640625,196.86932373046872,17.59497070312503,17.06005859375
18.428571428571427,0.008403361344537815,207.72510528564453,196.85059356689453,17.575881958007812,17.007522583007784
18.436974789915965,0.008403361344537815,207.73544311523438,196.84088134765625,17.60437011718753,17.043548583984403
18.445378151260503,0.008403361344537815,207.68238067626953,196.8827896118164,17.572067260742188,17.087905883789006
18.45378151260504,0.008403361344537815,207.72101593017578,196.84878540039062,17.585006713867188,17.045135498046903
18.462184873949578,0.008403361344537815,207.68093872070312,196.84307098388672,17.577423095703153,17.043014526367216
18.470588235294116,0.008403361344537815,207.73383331298828,196.84307098388672,17.603622436523438,17.044906616210938
18.478991596638654,0.008403361344537815,207.68364715576172,196.88239288330078,17.610763549804688,17.047348022460938
18.48739495798319,0.008403361344537815,207.70455169677734,196.88561248779294,17.558090209960938,17.056320190429688
18.49579831932773,0.008403361344537815,207.70914459228516,196.85962677001953,17.623947143554688,17.010086059570312
18.50420168067227,0.008403361344537815,207.71697998046875,196.83651733398438,17.611053466796847,17.033721923828097
18.51260504201681,0.008403361344537815,207.68817901611328,196.85987091064453,17.600479125976562,17.00920104980466
18.521008403361346,0.008403361344537815,207.67826080322266,196.8732147216797,17.598464965820312,17.05401611328128
18.529411764705884,0.008403361344537815,207.675537109375,196.85061645507812,17.600738525390625,17.0045166015625
18.537815126050422,0.008403361344537815,207.7313461303711,196.8657684326172,17.587448120117188,17.041870117187443
18.54621848739496,0.008403361344537815,207.72724151611328,196.8836669921875,17.576126098632727,17.011749267578097
18.554621848739497,0.008403361344537815,207.7215118408203,196.88756561279297,17.57598876953128,17.068374633789062
18.563025210084035,0.008403361344537815,207.6886444091797,196.88648223876953,17.558929443359375,17.076309204101562
18.571428571428573,0.008403361344537815,207.7022933959961,196.86390686035156,17.61338806152341,17.0665283203125
18.57983193277311,0.008403361344537815,207.69082641601562,196.9006118774414,17.595001220703068,17.06208801269537
18.58823529411765,0.008403361344537815,207.6753692626953,196.8957748413086,17.570129394531193,17.068557739257784
18.596638655462186,0.008403361344537815,207.69034576416016,196.88992309570312,17.54655456542966,17.062042236328125
18.605042016806724,0.008403361344537815,207.7140350341797,196.86255645751953,17.560791015624943,17.052719116210938
18.613445378151262,0.008403361344537815,207.69923400878906,196.87652587890622,17.57397460937503,17.073333740234432
18.6218487394958,0.008403361344537815,207.68372344970703,196.85711669921875,17.61546325683591,17.0523681640625
18.630252100840337,0.008403361344537815,207.6817932128906,196.87850189208984,17.588836669921875,17.05519104003909
18.638655462184875,0.008403361344537815,207.7261505126953,196.8595962524414,17.586822509765625,17.043289184570284
18.647058823529413,0.008403361344537815,207.62262725830078,196.8557891845703,17.529251098632756,17.10559082031247
18.65546218487395,0.008403361344537815,207.69020080566406,196.89598846435544,17.57464599609378,17.077621459960938
18.66386554621849,0.008403361344537815,207.6710968017578,196.87852478027344,17.57598876953128,17.050445556640597
18.672268907563026,0.008403361344537815,207.6842803955078,196.8811798095703,17.57196044921872,17.00341796875003
18.680672268907564,0.008403361344537815,207.65982055664062,196.87479400634766,17.562042236328153,17.048141479492188
18.689075630252102,0.008403361344537815,207.67794799804688,196.91087341308594,17.5797119140625,17.09661865234378
18.69747899159664,0.008403361344537815,207.67401123046875,196.9151382446289,17.58636474609375,17.044570922851562
18.705882352941178,0.008403361344537815,207.6840591430664,196.8806610107422,17.57151794433591,17.00238037109375
18.714285714285715,0.008403361344537815,207.67835235595703,196.869140625,17.58576965332037,17.002960205078153
18.722689075630253,0.008403361344537815,207.67235565185547,196.85449981689453,17.58796691894534,17.07084655761716
18.73109243697479,0.008403361344537815,207.6743621826172,196.88005828857422,17.723175048828068,16.96195983886716
18.73949579831933,0.008403361344537815,207.67977142333982,196.9004898071289,17.58912658691412,17.071304321289062
18.747899159663866,0.008403361344537815,207.66913604736328,196.87505340576172,17.580825805664062,17.041641235351562
18.756302521008404,0.008403361344537815,207.65576171875,196.89736938476562,17.57452392578122,17.081451416015625
18.764705882352942,0.008403361344537815,207.6611175537109,196.8716278076172,17.585418701171875,17.02288818359372
18.77310924369748,0.008403361344537815,207.66536712646484,196.92640686035156,17.714096069335938,17.032806396484403
18.781512605042018,0.008403361344537815,207.63092803955078,196.87588500976562,17.55717468261716,17.087127685546875
18.789915966386555,0.008403361344537815,207.63349914550778,196.90313720703125,17.569549560546875,17.10064697265628
18.798319327731093,0.008403361344537815,207.65546417236328,196.84657287597656,17.630477905273494,17.054290771484375
18.80672268907563,0.008403361344537815,207.7005157470703,196.8512725830078,17.602752685546875,17.061279296874943
18.81512605042017,0.008403361344537815,207.6776123046875,196.84333038330078,17.587158203125057,16.999160766601562
18.823529411764707,0.008403361344537815,207.6870880126953,196.86607360839844,17.612213134765653,17.0345458984375
18.831932773109244,0.008403361344537815,207.70211791992188,196.85800170898438,17.585205078124943,17.05468750000003
18.840336134453782,0.008403361344537815,207.6907958984375,196.86622619628906,17.611389160156307,17.05950927734372
18.84873949579832,0.008403361344537815,207.6608428955078,196.8845977783203,17.623809814453097,17.078521728515597
18.857142857142858,0.008403361344537815,207.6714859008789,196.90604400634766,17.570083618164062,17.06935119628909
18.865546218487395,0.008403361344537815,207.66283416748047,196.90707397460938,17.598556518554716,17.072052001953097
18.873949579831933,0.008403361344537815,207.65839385986328,196.87759399414062,17.60990905761716,17.01763916015625
18.88235294117647,0.008403361344537815,207.6367645263672,196.84795379638672,17.56838989257821,17.060562133789062
18.907563025210084,0.008403361344537815,207.69403076171875,196.89479064941406,17.57128906250003,17.05340576171878
18.915966386554622,0.008403361344537815,207.67330169677734,196.8757781982422,17.581283569335938,17.074920654296903
18.932773109243698,0.008403361344537815,207.65872955322266,196.86090850830078,17.560562133789062,17.07612609863284
18.941176470588236,0.008403361344537815,207.71947479248047,196.8788833618164,17.595596313476562,17.055252075195256
18.949579831932773,0.008403361344537815,207.6220932006836,196.8800964355469,17.55958557128909,17.111358642578068
18.95798319327731,0.008403361344537815,207.6536865234375,196.8539810180664,17.582733154296847,17.123855590820312
18.96638655462185,0.008403361344537815,207.6611557006836,196.85650634765625,17.60868835449216,17.032806396484347
18.974789915966387,0.008403361344537815,207.6562957763672,196.87993621826172,17.585601806640653,17.055709838867216
18.983193277310924,0.008403361344537815,207.68485260009766,196.8753890991211,17.564620971679716,17.024551391601648
18.991596638655462,0.008403361344537815,207.6687240600586,196.8726043701172,17.580123901367216,17.046051025390597
19.0,0.008403361344537815,207.64349365234375,196.87352752685547,17.60614013671878,17.054244995117188
19.008403361344538,0.008403361344537815,207.6223602294922,196.86714172363278,17.558410644531193,17.013397216796932
19.016806722689076,0.008403361344537815,207.60018157958984,196.88164520263672,17.572677612304602,17.10227966308591
19.025210084033613,0.008403361344537815,207.63999938964844,196.88389587402344,17.548980712890625,17.039825439453097
19.03361344537815,0.008403361344537815,207.61715698242188,196.89205169677734,17.584594726562443,17.087905883789062
19.04201680672269,0.008403361344537815,207.61693572998047,196.8959197998047,17.571090698242216,17.050140380859403
19.050420168067227,0.008403361344537815,207.6080856323242,196.86581420898438,17.545700073242188,17.02996826171878
19.058823529411764,0.008403361344537815,207.61166381835938,196.8846435546875,17.553619384765625,17.085906982421875
19.067226890756302,0.008403361344537815,207.60321044921875,196.89324188232422,17.54882812500003,17.077346801757812
19.07563025210084,0.008403361344537815,207.6461486816406,196.8640899658203,17.5906982421875,17.00762939453128
19.084033613445378,0.008403361344537815,207.6149673461914,196.83599090576172,17.575851440429716,17.053146362304688
19.092436974789916,0.008403361344537815,207.60093688964844,196.8787612915039,17.547454833984432,17.073348999023438
19.100840336134453,0.008403361344537815,207.6114959716797,196.83806610107422,17.618499755859375,17.02159118652341
19.10924369747899,0.008403361344537815,207.5919647216797,196.8592758178711,17.61193847656253,17.013320922851534
19.11764705882353,0.008403361344537815,207.64069366455078,196.844482421875,17.582839965820312,17.02130126953128
19.126050420168067,0.008403361344537815,207.60159301757812,196.9056854248047,17.607879638671875,17.00573730468747
19.134453781512605,0.008403361344537815,207.65679931640625,196.9110336303711,17.566406250000057,17.000289916992216
19.15126050420168,0.008403361344537815,207.59921264648438,196.90805053710938,17.600433349609347,17.07946777343753
19.159663865546218,0.008403361344537815,207.59471893310547,196.90512084960938,17.61387634277338,17.055755615234347
19.168067226890756,0.008403361344537815,207.63458251953125,196.8570022583008,17.56787109375,17.03648376464838
19.176470588235293,0.008403361344537815,207.60773468017575,196.8785629272461,17.601089477539062,17.037734985351562
19.18487394957983,0.008403361344537815,207.64015197753906,196.87694549560547,17.5401611328125,17.065170288085938
19.19327731092437,0.008403361344537815,207.60743713378906,196.86727905273438,17.616485595703153,17.042114257812443
19.201680672268907,0.008403361344537815,207.62022399902344,196.88052368164062,17.561737060546875,17.020843505859403
19.210084033613445,0.008403361344537815,207.62828063964844,196.86148834228516,17.5758056640625,17.057235717773466
19.218487394957982,0.008403361344537815,207.61114501953125,196.87918090820312,17.57025146484378,17.04895019531253
19.22689075630252,0.008403361344537815,207.64960479736328,196.90426635742188,17.527664184570312,17.04492187499997
19.235294117647058,0.008403361344537815,207.6202850341797,196.89166259765625,17.564117431640597,17.015350341796875
19.243697478991596,0.008403361344537815,207.60379028320312,196.87838745117188,17.583740234374915,17.04052734375003
19.252100840336134,0.008403361344537815,207.6144790649414,196.85039520263672,17.571365356445284,17.04032897949216
19.26050420168067,0.008403361344537815,207.61309814453125,196.88836669921875,17.573028564453125,17.027038574218835
19.277310924369747,0.008403361344537815,207.6471405029297,196.8975067138672,17.544708251953125,17.049896240234318
19.285714285714285,0.008403361344537815,207.67205810546875,196.8855743408203,17.669799804687443,17.050506591796847
19.327731092436974,0.008403361344537815,207.6384735107422,196.83812713623047,17.62249755859372,17.038986206054688
19.33613445378151,0.008403361344537815,207.62445831298828,196.86336517333984,17.664962768554688,16.953018188476534
19.34453781512605,0.008403361344537815,207.6786117553711,196.81578826904297,17.738662719726506,16.90870666503909
19.352941176470587,0.008403361344537815,207.68775939941406,196.8490447998047,17.673431396484347,16.96398925781253
19.361344537815125,0.008403361344537815,207.6979751586914,196.7847900390625,17.683242797851562,16.959503173828097
19.3781512605042,0.008403361344537815,207.62532806396484,196.8508071899414,17.650863647460966,17.009078979492216
19.394957983193276,0.008403361344537815,207.64226531982422,196.85621643066406,17.716659545898438,16.975311279296875
19.42016806722689,0.008403361344537815,207.60887908935547,196.84033203125,17.633621215820284,16.93316650390622
19.428571428571427,0.008403361344537815,207.60987091064456,196.84732818603516,17.611770629882812,17.021591186523352
19.436974789915965,0.008403361344537815,207.62498474121097,196.85924530029297,17.572906494140625,17.01902770996091
19.445378151260503,0.008403361344537815,207.62686157226562,196.8531723022461,17.60162353515628,17.021347045898466
19.45378151260504,0.008403361344537815,207.60760498046875,196.8434600830078,17.574340820312443,17.11383056640625
19.462184873949578,0.008403361344537815,207.58936309814453,196.82537841796875,17.560287475585938,17.038726806640625
19.470588235294116,0.008403361344537815,207.61353302001953,196.85394287109375,17.56294250488284,17.03460693359378
19.478991596638654,0.008403361344537815,207.5799102783203,196.86530303955078,17.59503173828128,16.983688354492188
19.48739495798319,0.008403361344537815,207.5637664794922,196.8259506225586,17.60687255859378,16.956466674804716
19.49579831932773,0.008403361344537815,207.60061645507812,196.84814453125,17.637237548828125,16.936187744140625
19.50420168067227,0.008403361344537815,207.60904693603516,196.83959197998047,17.572677612304716,16.995010375976648
19.51260504201681,0.008403361344537815,207.60327911376953,196.84898376464844,17.629379272461023,17.01580810546875
19.521008403361346,0.008403361344537815,207.61532592773438,196.83403778076172,17.65393066406247,16.977798461914034
19.529411764705884,0.008403361344537815,207.57592010498044,196.85928344726562,17.608016967773494,16.990264892578125
19.537815126050422,0.008403361344537815,207.61580657958984,196.84212493896484,17.588790893554744,16.99620056152341
19.54621848739496,0.008403361344537815,207.63292694091797,196.8336029052734,17.603073120117188,16.995880126953182
19.554621848739497,0.008403361344537815,207.62452697753906,196.8439483642578,17.624908447265625,17.005218505859432
19.563025210084035,0.008403361344537815,207.60301208496094,196.80199432373047,17.661651611328125,16.99891662597659
19.58823529411765,0.008403361344537815,207.6264877319336,196.84283447265625,17.65678405761713,16.964416503906307
19.596638655462186,0.008403361344537815,207.6803970336914,196.85364532470703,17.628829956054602,16.986373901367188
19.605042016806724,0.008403361344537815,207.68021392822266,196.81713104248047,17.612747192382812,16.931411743164062
19.613445378151262,0.008403361344537815,207.67032623291016,196.8543167114258,17.637985229492216,16.991287231445256
19.6218487394958,0.008403361344537815,207.66924285888672,196.88799285888672,17.67396545410159,17.021591186523438
19.630252100840337,0.008403361344537815,207.68408966064453,196.8384094238281,17.61878967285159,17.075836181640625
19.638655462184875,0.008403361344537815,207.68955993652344,196.78330993652344,17.627655029296903,16.916748046875057
19.647058823529413,0.008403361344537815,207.70562744140625,196.83861541748047,17.687988281249943,17.04597473144534
19.65546218487395,0.008403361344537815,207.7268829345703,196.83216094970703,17.65997314453128,16.918991088867216
19.66386554621849,0.008403361344537815,207.70142364501953,196.8366241455078,17.75468444824216,16.8826904296875
19.672268907563026,0.008403361344537815,207.74794006347656,196.8180160522461,17.662872314453097,16.910598754882784
19.680672268907564,0.008403361344537815,207.7168426513672,196.82122039794922,17.68090820312497,16.904525756835966
19.689075630252102,0.008403361344537815,207.65127563476562,196.81253051757812,17.66845703125003,16.948974609375
19.69747899159664,0.008403361344537815,207.72625732421875,196.8675308227539,17.66595458984378,17.05049133300784
19.705882352941178,0.008403361344537815,207.67670440673828,196.85599517822266,17.611160278320312,16.949630737304688
19.714285714285715,0.008403361344537815,207.69795989990234,196.81796264648438,17.667434692382784,16.921142578124943
19.722689075630253,0.008403361344537815,207.69898986816406,196.8612823486328,17.69488525390625,16.944244384765597
19.73109243697479,0.008403361344537815,207.70950317382812,196.8377914428711,17.69140624999997,16.924942016601534
19.73949579831933,0.008403361344537815,207.68498992919922,196.82681274414065,17.69935607910159,16.89794921875
19.747899159663866,0.008403361344537815,207.72044372558594,196.83443450927734,17.6448974609375,16.91682434082034
19.756302521008404,0.008403361344537815,207.68336486816406,196.84202575683594,17.68011474609378,16.98516845703122
19.764705882352942,0.008403361344537815,207.70337677001953,196.85427856445312,17.622787475585966,17.00946044921875
19.77310924369748,0.008403361344537815,207.691162109375,196.816780090332,17.66552734375,17.03559875488287
19.781512605042018,0.008403361344537815,207.72444915771482,196.8490753173828,17.690414428710938,16.93420410156247
19.789915966386555,0.008403361344537815,207.66897583007812,196.82656860351562,17.618103027343693,16.957366943359375
19.798319327731093,0.008403361344537815,207.70516967773438,196.83346557617188,17.677398681640625,16.958343505859375
19.840336134453782,0.008403361344537815,207.70022583007812,196.84280395507812,17.704284667968693,16.910858154296847
19.84873949579832,0.008403361344537815,207.69376373291016,196.87926483154297,17.695938110351534,16.98304748535159
19.857142857142858,0.008403361344537815,207.6820068359375,196.85599517822266,17.680694580078153,16.950180053710938
19.865546218487395,0.008403361344537815,207.6785430908203,196.842041015625,17.608001708984403,17.056304931640653
19.873949579831933,0.008403361344537815,207.64958953857422,196.85543823242188,17.708999633789034,16.956329345703153
19.907563025210084,0.008403361344537815,207.64128875732425,196.87924194335935,17.674240112304688,17.05950927734375
19.915966386554622,0.008403361344537815,207.7052993774414,196.8852081298828,17.63978576660159,16.961273193359375
19.92436974789916,0.008403361344537815,207.68048858642578,196.900390625,17.594406127929744,17.01336669921875
19.932773109243698,0.008403361344537815,207.6348114013672,196.88423919677734,17.68835449218747,16.952590942382812
19.941176470588236,0.008403361344537815,207.6427764892578,196.82958984375,17.647186279296847,16.97564697265622
19.949579831932773,0.008403361344537815,207.67042541503906,196.8758316040039,17.703765869140625,16.95719909667966
19.95798319327731,0.008403361344537815,207.65747833251953,196.87931060791016,17.701522827148466,16.977706909179716
19.96638655462185,0.008403361344537815,207.6269760131836,196.87189483642578,17.566421508789062,17.04701232910159
19.974789915966387,0.008403361344537815,207.71676635742188,196.88497161865234,17.682861328125057,16.962417602539034
19.983193277310924,0.008403361344537815,207.7367706298828,196.86983489990234,17.712188720703097,16.96842956542966
19.991596638655462,0.008403361344537815,207.6845932006836,196.92034912109375,17.638320922851562,17.02667236328125
20.0,0.008403361344537815,207.714111328125,196.86805725097656,17.61712646484378,17.06713867187497
20.008403361344538,0.008403361344537815,207.6470947265625,196.8626251220703,17.581695556640597,17.04461669921875
20.016806722689076,0.008403361344537815,207.65666198730472,196.89073944091797,17.61578369140625,17.057754516601562
20.025210084033613,0.008403361344537815,207.66626739501953,196.91732025146484,17.59043884277341,17.04542541503909
20.03361344537815,0.008403361344537815,207.69509124755857,196.90923309326172,17.722061157226562,16.97407531738284
20.04201680672269,0.008403361344537815,207.72409057617185,196.887451171875,17.662872314453125,17.018310546875
20.050420168067227,0.008403361344537815,207.67101287841797,196.92571258544922,17.556320190429716,17.05262756347659
20.058823529411764,0.008403361344537815,207.64067840576172,196.9247589111328,17.594680786132784,17.057464599609403
20.067226890756302,0.008403361344537815,207.7150650024414,196.93621826171875,17.606857299804716,17.05181884765622
20.07563025210084,0.008403361344537815,207.69243621826172,196.90994262695312,17.62614440917963,17.02346801757804
20.084033613445378,0.008403361344537815,207.70812225341797,196.90811920166016,17.578628540039034,17.027969360351506
20.092436974789916,0.008403361344537815,207.6455078125,196.88966369628906,17.53759765625,17.03753662109375
20.100840336134453,0.008403361344537815,207.665397644043,196.89965057373047,17.550521850585938,17.027786254882812
20.10924369747899,0.008403361344537815,207.67742156982422,196.92658233642578,17.560226440429716,17.062576293945284
20.11764705882353,0.008403361344537815,207.69023895263672,196.90093994140625,17.582473754882812,17.03643798828122
20.126050420168067,0.008403361344537815,207.68590545654297,196.91657257080078,17.567306518554716,17.037612915039062
20.134453781512605,0.008403361344537815,207.7359619140625,196.9197006225586,17.6182861328125,17.02293395996091
20.142857142857142,0.008403361344537815,207.70751190185547,196.93541717529297,17.54942321777341,17.06346130371088
20.15126050420168,0.008403361344537815,207.65516662597653,196.9232940673828,17.623626708984375,17.092926025390625
20.168067226890756,0.008403361344537815,207.67453765869138,196.9061279296875,17.53749084472662,17.06610107421872
20.176470588235293,0.008403361344537815,207.7035369873047,196.8988037109375,17.571197509765653,17.05255126953122
20.18487394957983,0.008403361344537815,207.67926788330078,196.8817367553711,17.56956481933591,17.074996948242244
20.19327731092437,0.008403361344537815,207.6926727294922,196.91244506835938,17.563415527343693,17.07891845703125
20.201680672268907,0.008403361344537815,207.70126342773438,196.90309143066406,17.62506103515625,16.988433837890653
20.210084033613445,0.008403361344537815,207.69046783447266,196.90162658691406,17.60273742675787,16.997833251953125
20.218487394957982,0.008403361344537815,207.6897430419922,196.91361236572266,17.579986572265653,17.002792358398466
20.22689075630252,0.008403361344537815,207.69019317626953,196.8733901977539,17.64564514160159,16.999526977539062
20.235294117647058,0.008403361344537815,207.68538665771484,196.90835571289062,17.588851928710938,17.01043701171875
20.243697478991596,0.008403361344537815,207.6679916381836,196.90203857421875,17.600296020507784,16.97918701171878
20.252100840336134,0.008403361344537815,207.68992614746094,196.8758087158203,17.649627685546903,17.02862548828128
20.26050420168067,0.008403361344537815,207.64979553222656,196.85926055908203,17.616119384765625,17.003585815429773
20.26890756302521,0.008403361344537815,207.6916732788086,196.89602661132812,17.64021301269534,17.024810791015625
20.277310924369747,0.008403361344537815,207.6890411376953,196.881103515625,17.64935302734372,16.96228027343747
20.285714285714285,0.008403361344537815,207.7100067138672,196.91590118408203,17.65313720703122,17.029037475585966
20.294117647058822,0.008403361344537815,207.6713638305664,196.88333129882812,17.663619995117244,17.006195068359347
20.30252100840336,0.008403361344537815,207.62521362304688,196.88169860839844,17.654205322265653,17.007781982421932
20.310924369747898,0.008403361344537815,207.70006561279297,196.89745330810547,17.658462524414006,17.017837524414034
20.319327731092436,0.008403361344537815,207.7143325805664,196.81835174560547,17.683761596679688,16.932357788085966
20.327731092436974,0.008403361344537815,207.61668395996094,196.84253692626953,17.59686279296878,17.043289184570284
20.33613445378151,0.008403361344537815,207.68148040771484,196.86166381835938,17.67210388183591,16.95422363281247
20.34453781512605,0.008403361344537815,207.70384216308594,196.87883758544922,17.6351318359375,16.976150512695284
20.352941176470587,0.008403361344537815,207.69049072265625,196.89342498779297,17.625244140625,16.98793029785159
20.361344537815125,0.008403361344537815,207.7009506225586,196.9076156616211,17.59477233886716,16.985977172851562
20.369747899159663,0.008403361344537815,207.6894989013672,196.9020538330078,17.586883544921903,16.981536865234347
20.3781512605042,0.008403361344537815,207.66010284423828,196.86642456054688,17.62992858886716,17.010345458984375
20.386554621848738,0.008403361344537815,207.69058990478516,196.9086151123047,17.650009155273466,16.991333007812585
20.394957983193276,0.008403361344537815,207.67086791992188,196.90056610107422,17.66455078125,17.085098266601562
20.403361344537814,0.008403361344537815,207.71700286865234,196.89634704589844,17.62522888183591,16.97271728515628
20.41176470588235,0.008403361344537815,207.6435775756836,196.90670013427732,17.63114929199216,17.037704467773494
20.42016806722689,0.008403361344537815,207.69408416748047,196.88351440429688,17.618789672851534,17.001129150390597
20.428571428571427,0.008403361344537815,207.66056060791016,196.90570831298828,17.59550476074216,17.026687622070398
20.436974789915965,0.008403361344537815,207.68849182128906,196.89468383789062,17.58428955078125,16.978546142578125
20.445378151260503,0.008403361344537815,207.68379974365234,196.9080047607422,17.606430053710938,16.977813720703153
20.45378151260504,0.008403361344537815,207.6498031616211,196.91978454589844,17.595291137695398,17.052520751953153
20.462184873949578,0.008403361344537815,207.6434555053711,196.85912322998047,17.628067016601506,17.023574829101562
20.470588235294116,0.008403361344537815,207.6499481201172,196.9190673828125,17.60656738281247,17.020904541015625
20.478991596638654,0.008403361344537815,207.6804428100586,196.89441680908203,17.613632202148438,16.99613952636716
20.48739495798319,0.008403361344537815,207.67481994628906,196.9276885986328,17.589080810546932,17.050872802734403
20.49579831932773,0.008403361344537815,207.66603088378906,196.88851928710938,17.639495849609375,16.952880859375
20.50420168067227,0.008403361344537815,207.65421295166016,196.92823028564453,17.598098754882812,17.037033081054744
20.521008403361346,0.008403361344537815,207.63358306884766,196.9150848388672,17.629165649414062,17.00677490234375
20.529411764705884,0.008403361344537815,207.67021942138672,196.88524627685547,17.623855590820312,17.02845764160159
20.537815126050422,0.008403361344537815,207.68990325927734,196.8744125366211,17.648422241210852,16.97782897949216
20.54621848739496,0.008403361344537815,207.6555633544922,196.8929214477539,17.635467529296818,17.079696655273438
20.554621848739497,0.008403361344537815,207.68906402587893,196.89942932128906,17.600936889648438,16.970458984375
20.563025210084035,0.008403361344537815,207.64686584472656,196.89654541015625,17.6693115234375,17.04370117187497
20.571428571428573,0.008403361344537815,207.67870330810547,196.92266082763672,17.575973510742188,17.021652221679716
20.57983193277311,0.008403361344537815,207.72657775878906,196.9139862060547,17.643615722656307,16.984405517578097
20.596638655462186,0.008403361344537815,207.6691665649414,196.8591537475586,17.65290832519537,16.983901977539034
20.605042016806724,0.008403361344537815,207.72807312011722,196.9097900390625,17.598754882812557,16.998443603515625
20.613445378151262,0.008403361344537815,207.6999969482422,196.9067306518555,17.68450927734372,16.99259948730463
20.6218487394958,0.008403361344537815,207.76009368896484,196.8810806274414,17.635086059570312,17.07304382324216
20.630252100840337,0.008403361344537815,207.75337982177734,196.91442108154297,17.64405822753912,16.986190795898466
20.638655462184875,0.008403361344537815,207.74034881591797,196.90512084960938,17.647293090820312,16.99584960937497
20.65546218487395,0.008403361344537815,207.73361206054688,196.90621185302734,17.634796142578153,16.98420715332037
20.66386554621849,0.008403361344537815,207.71961212158203,196.9234390258789,17.563613891601562,17.053207397460994
20.69747899159664,0.008403361344537815,207.67635345458987,196.8821029663086,17.666549682617188,17.098983764648438
20.705882352941178,0.008403361344537815,207.7211151123047,196.90309143066406,17.69427490234375,17.031829833984375
20.714285714285715,0.008403361344537815,207.6890640258789,196.88407135009766,17.60951232910159,17.00822448730466
20.722689075630253,0.008403361344537815,207.70269012451172,196.8648223876953,17.62794494628909,16.96704101562503
20.73109243697479,0.008403361344537815,207.72565460205078,196.8873748779297,17.688583374023438,16.899322509765625
20.73949579831933,0.008403361344537815,207.71263885498047,196.90686798095703,17.637222290039062,17.001815795898438
20.747899159663866,0.008403361344537815,207.65776824951172,196.89254760742188,17.636001586914034,17.10797119140622
20.756302521008404,0.008403361344537815,207.74327087402347,196.8953857421875,17.67926025390625,16.989654541015625
20.77310924369748,0.008403361344537815,207.70297241210935,196.9018325805664,17.6300048828125,17.146133422851534
20.781512605042018,0.008403361344537815,207.69190979003906,196.89691162109375,17.627410888671847,17.106658935546847
20.789915966386555,0.008403361344537815,207.71378326416016,196.87946319580078,17.638504028320256,16.97358703613284
20.798319327731093,0.008403361344537815,207.70870971679688,196.88654327392578,17.597930908203153,17.012039184570312
20.80672268907563,0.008403361344537815,207.69835662841797,196.89259338378906,17.554153442382784,17.010650634765625
20.81512605042017,0.008403361344537815,207.66969299316406,196.88970184326172,17.614471435546903,17.015884399414034
20.823529411764707,0.008403361344537815,207.6842498779297,196.8817596435547,17.576019287109403,17.013214111328097
20.831932773109244,0.008403361344537815,207.68646240234378,196.8763427734375,17.613494873046875,16.98339843750003
20.840336134453782,0.008403361344537815,207.688232421875,196.88043975830078,17.58813476562503,17.003677368164034
20.84873949579832,0.008403361344537815,207.68133544921875,196.89234924316406,17.626007080078097,17.00537109375003
20.857142857142858,0.008403361344537815,207.70013427734375,196.8954086303711,17.583892822265597,16.990036010742188
20.865546218487395,0.008403361344537815,207.6861572265625,196.8909149169922,17.605651855468807,16.977142333984375
20.873949579831933,0.008403361344537815,207.68968963623047,196.8870391845703,17.59123229980466,17.00787353515625
20.88235294117647,0.008403361344537815,207.69324493408203,196.90199279785156,17.572647094726534,16.994415283203125
20.89075630252101,0.008403361344537815,207.68338012695312,196.912353515625,17.587738037109403,16.982666015625057
20.899159663865547,0.008403361344537815,207.67557525634766,196.90921783447266,17.582626342773466,16.96369934082034
20.907563025210084,0.008403361344537815,207.6697235107422,196.88036346435547,17.57324218750003,16.993057250976562
20.915966386554622,0.008403361344537815,207.68061065673828,196.89877319335938,17.577590942382812,17.00103759765625
20.92436974789916,0.008403361344537815,207.67645263671875,196.89892578125,17.5714111328125,17.007904052734347
20.932773109243698,0.008403361344537815,207.6990509033203,196.87164306640625,17.627960205078153,16.999420166015653
20.941176470588236,0.008403361344537815,207.69366455078125,196.8828125,17.59228515625003,17.000946044921875
20.949579831932773,0.008403361344537815,207.73316955566406,196.90084838867188,17.633026123046847,16.961700439453153
20.95798319327731,0.008403361344537815,207.71205139160153,196.9159164428711,17.634735107421818,16.967178344726534
20.96638655462185,0.008403361344537815,207.7050323486328,196.92897033691406,17.641082763671847,16.995208740234403
20.974789915966387,0.008403361344537815,207.7011947631836,196.9023666381836,17.611618041992216,17.08073425292966
20.983193277310924,0.008403361344537815,207.72854614257812,196.8852767944336,17.62377929687497,17.058547973632756
20.991596638655462,0.008403361344537815,207.68680572509766,196.8814926147461,17.608901977539062,17.045700073242188
21.0,0.008403361344537815,207.6559600830078,196.9023666381836,17.58517456054696,17.112289428710938
21.008403361344538,0.008403361344537815,207.68059539794922,196.9167709350586,17.65193176269537,17.029495239257784
21.016806722689076,0.008403361344537815,207.6987075805664,196.90097045898438,17.630905151367188,17.052947998046932
21.025210084033613,0.008403361344537815,207.6523666381836,196.96060180664062,17.632766723632756,17.065826416015653
21.03361344537815,0.008403361344537815,207.6468276977539,196.92566680908203,17.725021362304716,17.06800842285159
21.04201680672269,0.008403361344537815,207.64144897460938,196.92428588867188,17.666351318359375,17.10278320312503
21.050420168067227,0.008403361344537815,207.61654663085938,196.9431610107422,17.494842529296847,17.15411376953128
21.058823529411764,0.008403361344537815,207.6481399536133,196.9883804321289,17.532485961914062,17.148239135742216
21.067226890756302,0.008403361344537815,207.66080474853516,197.000244140625,17.613876342773438,17.107421875000057
21.07563025210084,0.008403361344537815,207.6765594482422,196.9237823486328,17.73132324218747,17.046264648437557
21.100840336134453,0.008403361344537815,207.65118408203125,196.9139404296875,17.711029052734375,17.087921142578097
21.10924369747899,0.008403361344537815,207.64826202392578,196.92052459716797,17.70704650878909,17.07704162597659
21.11764705882353,0.008403361344537815,207.65410614013672,196.91941833496094,17.60765075683591,17.111968994140625
21.126050420168067,0.008403361344537815,207.6615447998047,196.93236541748047,17.645416259765682,17.088943481445284
21.159663865546218,0.008403361344537815,207.60781860351562,196.92951202392578,17.63861083984372,17.08741760253909
21.19327731092437,0.008403361344537815,207.6884002685547,196.9239959716797,17.665740966796903,17.018066406250057
21.22689075630252,0.008403361344537815,207.7051010131836,196.93077087402344,17.589065551757812,17.01824951171875
21.243697478991596,0.008403361344537815,207.70852661132812,196.91985321044922,17.59320068359378,17.013412475585938
21.361344537815125,0.008403361344537815,207.74053955078125,196.92092895507812,17.619049072265625,16.99365234375003
21.394957983193276,0.008403361344537815,207.64215087890625,196.94326782226562,17.603668212890597,17.122711181640625
21.403361344537814,0.008403361344537815,207.68788146972656,196.9590835571289,17.589569091796932,17.107284545898466
21.41176470588235,0.008403361344537815,207.694709777832,197.00554656982422,17.578475952148438,17.068527221679744
21.45378151260504,0.008403361344537815,207.6824951171875,196.9803009033203,17.536590576171875,17.162445068359375
21.462184873949578,0.008403361344537815,207.66468048095703,197.02091217041016,17.530776977539062,17.132797241210938
21.470588235294116,0.008403361344537815,207.66983032226562,196.97248077392578,17.591552734375,17.10575866699216
21.48739495798319,0.008403361344537815,207.64447784423828,196.9740982055664,17.515609741210994,17.128768920898466
21.50420168067227,0.008403361344537815,207.6880111694336,196.92859649658203,17.619613647460994,17.08811950683588
21.54621848739496,0.008403361344537815,207.66809844970703,196.98384857177734,17.579757690429716,17.12269592285159
21.554621848739497,0.008403361344537815,207.68102264404297,196.93405151367188,17.618820190429716,17.08337402343753
21.563025210084035,0.008403361344537815,207.66287994384766,197.02021026611328,17.572372436523438,17.164413452148466
21.605042016806724,0.008403361344537815,207.692626953125,196.92826080322266,17.685455322265625,17.083267211914062
21.6218487394958,0.008403361344537815,207.69273376464844,196.9272232055664,17.55206298828125,17.050033569335938
21.630252100840337,0.008403361344537815,207.6970672607422,196.91650390625,17.695098876953097,17.023956298828153
21.638655462184875,0.008403361344537815,207.68010711669922,196.93133544921875,17.633834838867244,17.068634033203125
21.647058823529413,0.008403361344537815,207.68888092041016,196.9512481689453,17.557174682617188,17.080841064453125
21.65546218487395,0.008403361344537815,207.6614990234375,196.94300842285156,17.64178466796878,17.054321289062443
21.66386554621849,0.008403361344537815,207.65172576904297,196.95924377441406,17.604904174804688,17.16656494140628
21.672268907563026,0.008403361344537815,207.68115997314453,196.93497467041016,17.636550903320312,17.07530212402341
21.680672268907564,0.008403361344537815,207.65631103515625,196.90191650390625,17.673980712890625,17.04968261718747
21.689075630252102,0.008403361344537815,207.67597198486328,196.92759704589844,17.58741760253909,17.10070800781247
21.69747899159664,0.008403361344537815,207.6926498413086,196.9172134399414,17.672073364257784,17.019882202148438
21.722689075630253,0.008403361344537815,207.66839599609375,196.93101501464844,17.67852783203122,17.01312255859372
21.73109243697479,0.008403361344537815,207.667121887207,196.95471954345703,17.614913940429688,17.072311401367188
21.747899159663866,0.008403361344537815,207.68456268310547,196.908935546875,17.676254272460994,17.012054443359347
21.77310924369748,0.008403361344537815,207.6548843383789,196.94159698486328,17.685806274414034,17.013137817382812
21.781512605042018,0.008403361344537815,207.6880874633789,196.90445709228516,17.610549926757812,17.012496948242216
21.789915966386555,0.008403361344537815,207.71326446533203,196.9184799194336,17.610641479492188,17.02409362792966
21.798319327731093,0.008403361344537815,207.6965637207031,196.93396759033203,17.614013671874943,17.028274536132812
21.80672268907563,0.008403361344537815,207.66634368896484,196.9423065185547,17.662857055664034,17.019256591796847
21.81512605042017,0.008403361344537815,207.67069244384766,196.92154693603516,17.58390808105466,17.008834838867188
21.823529411764707,0.008403361344537815,207.6831512451172,196.90621185302734,17.565093994140653,16.99348449707034
21.831932773109244,0.008403361344537815,207.66593170166016,196.91661834716797,17.551834106445312,17.015884399414006
21.840336134453782,0.008403361344537815,207.68789672851562,196.89873504638672,17.54919433593747,17.04090881347659
21.84873949579832,0.008403361344537815,207.68251037597656,196.91685485839844,17.541717529296875,17.054534912109403
21.857142857142858,0.008403361344537815,207.66212463378906,196.9180908203125,17.523406982421903,17.02783203125
21.865546218487395,0.008403361344537815,207.66542053222656,196.92537689208984,17.55926513671875,17.023635864257784
21.873949579831933,0.008403361344537815,207.69561004638672,196.90347290039062,17.563735961914034,17.02734374999997
21.88235294117647,0.008403361344537815,207.62611389160156,196.93460083007812,17.582427978515682,17.03833007812497
21.89075630252101,0.008403361344537815,207.67513275146484,196.93885803222653,17.618637084960994,17.05328369140625
21.899159663865547,0.008403361344537815,207.6298599243164,196.93607330322266,17.66322326660159,17.11347961425784
21.907563025210084,0.008403361344537815,207.7039794921875,196.9290542602539,17.68994140625003,16.977828979492216
21.915966386554622,0.008403361344537815,207.6927947998047,196.92339324951172,17.59191894531247,17.003219604492188
21.92436974789916,0.008403361344537815,207.69766235351562,196.93927001953125,17.566253662109375,17.024566650390653
21.932773109243698,0.008403361344537815,207.68827056884766,196.91810607910156,17.562942504882784,17.049835205078097
21.941176470588236,0.008403361344537815,207.7020492553711,196.91690826416016,17.56138610839841,17.04273986816412
21.949579831932773,0.008403361344537815,207.70288848876953,196.91757202148438,17.560836791992216,17.02685546875003
21.95798319327731,0.008403361344537815,207.6539077758789,196.91202545166016,17.591262817382784,17.028152465820284
21.96638655462185,0.008403361344537815,207.67412567138672,196.91222381591797,17.587265014648494,17.033004760742188
21.974789915966387,0.008403361344537815,207.69197845458984,196.90280151367188,17.605545043945284,17.01531982421872
21.983193277310924,0.008403361344537815,207.70343017578125,196.9192352294922,17.56646728515628,17.003540039062557
21.991596638655462,0.008403361344537815,207.69618988037112,196.9276351928711,17.530593872070312,17.048599243164034
22.0,0.008403361344537815,207.6417236328125,196.89356994628906,17.603790283203097,17.047821044921818
22.016806722689076,0.008403361344537815,207.64492797851562,196.93023681640625,17.573638916015625,17.044891357421875
22.025210084033613,0.008403361344537815,207.64596557617185,196.91632080078125,17.538391113281307,17.090484619140597
22.03361344537815,0.008403361344537815,207.65067291259766,196.89479064941406,17.71504211425784,17.02154541015628
22.04201680672269,0.008403361344537815,207.63651275634766,196.89896392822266,17.607742309570284,17.04075622558588
22.050420168067227,0.008403361344537815,207.60623931884766,196.8878936767578,17.579727172851562,17.10003662109372
22.058823529411764,0.008403361344537815,207.66049194335938,196.92596435546875,17.597686767578153,17.059051513671903
22.067226890756302,0.008403361344537815,207.6391906738281,196.9204559326172,17.5860595703125,17.064971923828125
22.07563025210084,0.008403361344537815,207.64090728759766,196.8907470703125,17.729660034179688,16.98504638671878
22.084033613445378,0.008403361344537815,207.64659118652344,196.8851318359375,17.735443115234347,17.027435302734432
22.092436974789916,0.008403361344537815,207.6534652709961,196.87530517578125,17.68812561035162,17.02856445312497
22.100840336134453,0.008403361344537815,207.70916748046875,196.84697723388672,17.62609863281253,17.004074096679688
22.10924369747899,0.008403361344537815,207.6899185180664,196.90818786621094,17.625228881835966,17.057342529296818
22.11764705882353,0.008403361344537815,207.7020721435547,196.9090347290039,17.6077880859375,17.070999145507756
22.126050420168067,0.008403361344537815,207.66046142578125,196.86255645751953,17.575225830078153,17.098373413085966
22.134453781512605,0.008403361344537815,207.6581268310547,196.91226196289062,17.54217529296878,17.074005126953097
22.142857142857142,0.008403361344537815,207.66993713378906,196.9151382446289,17.580718994140597,17.074966430664006
22.15126050420168,0.008403361344537815,207.626708984375,196.89179229736328,17.567169189453182,17.064468383789006
22.159663865546218,0.008403361344537815,207.7017364501953,196.91414642333984,17.57580566406253,17.062118530273494
22.168067226890756,0.008403361344537815,207.6264190673828,196.90203094482422,17.68676757812503,17.033309936523352
22.176470588235293,0.008403361344537815,207.69876861572266,196.8897247314453,17.67988586425784,17.1171875
22.201680672268907,0.008403361344537815,207.73291015625,196.88932037353516,17.62646484375,17.10011291503912
22.210084033613445,0.008403361344537815,207.67565155029294,196.90496063232422,17.553939819335938,17.080062866210852
22.218487394957982,0.008403361344537815,207.72993469238284,196.89580535888672,17.679473876953125,17.04902648925787
22.22689075630252,0.008403361344537815,207.68170928955075,196.90814971923828,17.576126098632812,17.071151733398466
22.235294117647058,0.008403361344537815,207.6924285888672,196.87818908691406,17.661651611328153,17.072448730468693
22.243697478991596,0.008403361344537815,207.68260192871094,196.91693878173828,17.580474853515653,17.079788208007784
22.252100840336134,0.008403361344537815,207.68053436279294,196.88956451416016,17.634140014648438,17.026870727539062
22.26050420168067,0.008403361344537815,207.71981048583984,196.86906433105466,17.64869689941409,17.0107421875
22.26890756302521,0.008403361344537815,207.68645477294922,196.8548583984375,17.59696960449216,17.006622314453153
22.277310924369747,0.008403361344537815,207.73848724365237,196.8334503173828,17.690597534179688,16.982269287109375
22.285714285714285,0.008403361344537815,207.74415588378906,196.89722442626953,17.64556884765625,17.068496704101506
22.294117647058822,0.008403361344537815,207.73661041259766,196.8536148071289,17.651840209960994,16.969345092773438
22.30252100840336,0.008403361344537815,207.7357177734375,196.84898376464844,17.66015625000003,17.031341552734347
22.310924369747898,0.008403361344537815,207.73077392578125,196.82746124267578,17.663543701171903,16.96540832519534
22.319327731092436,0.008403361344537815,207.71212768554688,196.85541534423828,17.628631591796875,16.99092102050784
22.327731092436974,0.008403361344537815,207.6802749633789,196.88565826416016,17.63780212402341,17.05171203613284
22.33613445378151,0.008403361344537815,207.72737884521484,196.91223907470703,17.647811889648438,16.99745178222662
22.34453781512605,0.008403361344537815,207.7326202392578,196.90381622314453,17.614898681640682,17.01426696777341
22.352941176470587,0.008403361344537815,207.71612548828125,196.89348602294922,17.670074462890653,17.002059936523466
22.361344537815125,0.008403361344537815,207.73101806640625,196.89389038085938,17.685760498046875,16.995971679687443
22.369747899159663,0.008403361344537815,207.70259857177734,196.93067169189453,17.665725708007756,17.067825317382756
22.3781512605042,0.008403361344537815,207.69879913330078,196.87422943115234,17.694839477539034,17.02604675292966
22.386554621848738,0.008403361344537815,207.70455169677734,196.92344665527344,17.586135864257812,17.03515625
22.394957983193276,0.008403361344537815,207.64542388916016,196.90396881103516,17.675430297851562,17.020767211914062
22.403361344537814,0.008403361344537815,207.6570053100586,196.9100112915039,17.71928405761716,17.00865173339841
22.41176470588235,0.008403361344537815,207.66827392578125,196.87548065185547,17.632232666015568,17.00621032714841
22.42016806722689,0.008403361344537815,207.64759826660153,196.89673614501953,17.70703125,16.99711608886713
22.436974789915965,0.008403361344537815,207.64107513427734,196.9005355834961,17.693466186523466,17.119033813476562
22.445378151260503,0.008403361344537815,207.61953735351562,196.96617889404297,17.600311279296818,17.125503540039062
22.45378151260504,0.008403361344537815,207.64260864257812,196.8975830078125,17.57971191406253,17.023406982421875
22.462184873949578,0.008403361344537815,207.64198303222656,196.90343475341797,17.53875732421875,17.043991088867188
22.537815126050422,0.008403361344537815,207.68517303466797,196.8990936279297,17.69831848144534,17.109039306640653
22.54621848739496,0.008403361344537815,207.68538665771484,196.89471435546875,17.561141967773438,17.033660888671875
22.554621848739497,0.008403361344537815,207.67384338378906,196.8635711669922,17.582122802734403,17.010498046875
22.563025210084035,0.008403361344537815,207.62857055664062,196.90196990966797,17.64575195312503,17.038558959960938
22.57983193277311,0.008403361344537815,207.67251586914062,196.8788833618164,17.607696533203182,17.006149291992188
22.605042016806724,0.008403361344537815,207.6874771118164,196.88883209228516,17.701736450195284,17.03334045410159
22.613445378151262,0.008403361344537815,207.71649169921875,196.87239074707034,17.654876708984403,17.0458984375
22.6218487394958,0.008403361344537815,207.6852798461914,196.88906860351562,17.71537780761716,17.004913330078097
22.630252100840337,0.008403361344537815,207.65096282958984,196.89373779296875,17.60231018066409,17.046417236328153
22.638655462184875,0.008403361344537815,207.7301788330078,196.8922882080078,17.68316650390628,17.06005859375
22.647058823529413,0.008403361344537815,207.7345962524414,196.84888458251953,17.600540161132756,17.080520629882812
22.65546218487395,0.008403361344537815,207.61239624023438,196.92377471923828,17.63385009765622,17.05668640136716
22.66386554621849,0.008403361344537815,207.68328094482422,196.90321350097656,17.713516235351562,16.999420166015625
22.672268907563026,0.008403361344537815,207.695068359375,196.91846466064453,17.65917968749997,17.138015747070284
22.714285714285715,0.008403361344537815,207.6654281616211,196.91038513183594,17.683700561523494,17.031768798828153
22.722689075630253,0.008403361344537815,207.7147674560547,196.8961181640625,17.61315917968753,17.04379272460946
22.73109243697479,0.008403361344537815,207.67906951904297,196.89840698242188,17.57618713378909,17.04852294921875
22.756302521008404,0.008403361344537815,207.68710327148438,196.90056610107422,17.556671142578153,17.04435729980466
22.764705882352942,0.008403361344537815,207.635627746582,196.87670135498047,17.563278198242188,17.054122924804716
22.81512605042017,0.008403361344537815,207.67386627197266,196.87552642822266,17.684646606445284,16.982528686523438
22.831932773109244,0.008403361344537815,207.6878890991211,196.82681274414062,17.651596069335966,17.01495361328125
22.840336134453782,0.008403361344537815,207.7162857055664,196.8818817138672,17.706100463867188,16.97882080078125
22.84873949579832,0.008403361344537815,207.70853424072266,196.8760986328125,17.731918334960938,17.009429931640682
22.857142857142858,0.008403361344537815,207.69647216796875,196.879150390625,17.71356201171875,17.0009765625
22.865546218487395,0.008403361344537815,207.73433685302734,196.81827545166016,17.62776184082034,16.99794006347659
22.873949579831933,0.008403361344537815,207.7444076538086,196.862060546875,17.723007202148438,17.012512207031307
22.88235294117647,0.008403361344537815,207.74027252197266,196.87924957275388,17.672866821289062,16.85414123535162
22.89075630252101,0.008403361344537815,207.723388671875,196.8988800048828,17.64935302734375,17.033172607421847
22.899159663865547,0.008403361344537815,207.7019805908203,196.8854217529297,17.62951660156253,17.043792724609403
22.907563025210084,0.008403361344537815,207.7367935180664,196.8309326171875,17.70317077636713,16.946380615234375
22.915966386554622,0.008403361344537815,207.72393035888672,196.86114501953125,17.67384338378909,17.04110717773446
22.92436974789916,0.008403361344537815,207.6969223022461,196.82804107666016,17.649551391601562,16.91032409667966
22.932773109243698,0.008403361344537815,207.7090072631836,196.8357391357422,17.679336547851562,16.903961181640653
22.941176470588236,0.008403361344537815,207.72903442382812,196.82467651367188,17.679534912109403,17.06610107421875
22.949579831932773,0.008403361344537815,207.70030975341797,196.78887939453125,17.66984558105463,16.935638427734403
22.95798319327731,0.008403361344537815,207.71703338623047,196.85922241210938,17.68690490722659,17.005035400390625
22.96638655462185,0.008403361344537815,207.7159576416016,196.8127670288086,17.671417236328068,16.948104858398494
22.974789915966387,0.008403361344537815,207.72732543945312,196.82682037353513,17.65588378906247,16.96424865722662
22.983193277310924,0.008403361344537815,207.73382568359375,196.81710052490234,17.718170166015625,16.97645568847662
22.991596638655462,0.008403361344537815,207.7366714477539,196.83100128173828,17.683547973632812,16.95384216308588
23.0,0.008403361344537815,207.77779388427734,196.85809326171875,17.615982055664062,17.02911376953125
23.008403361344538,0.008403361344537815,207.68770599365234,196.8373565673828,17.59825134277338,17.060394287109375
23.016806722689076,0.008403361344537815,207.75167083740234,196.8480453491211,17.68623352050787,17.00148010253909
23.025210084033613,0.008403361344537815,207.73701477050778,196.84689331054688,17.6151123046875,16.966644287109403
23.03361344537815,0.008403361344537815,207.6908950805664,196.90182495117188,17.58576965332034,17.03692626953122
23.04201680672269,0.008403361344537815,207.70256805419922,196.88426971435547,17.626174926757812,16.977432250976562
23.050420168067227,0.008403361344537815,207.70043182373047,196.85679626464844,17.643112182617188,17.009552001953125
23.084033613445378,0.008403361344537815,207.7485809326172,196.88308715820312,17.69036865234375,16.986419677734403
23.092436974789916,0.008403361344537815,207.74708557128906,196.87287139892578,17.6185302734375,17.099685668945284
23.10924369747899,0.008403361344537815,207.7392578125,196.85165405273438,17.692474365234403,17.0557861328125
23.126050420168067,0.008403361344537815,207.75161743164062,196.85476684570312,17.701080322265653,16.963836669921818
23.134453781512605,0.008403361344537815,207.7111587524414,196.904296875,17.547317504882812,17.044769287109403
23.142857142857142,0.008403361344537815,207.74014282226562,196.8625717163086,17.60882568359378,17.007308959960938
23.15126050420168,0.008403361344537815,207.76242065429688,196.90357971191406,17.68383789062497,17.00921630859375
23.159663865546218,0.008403361344537815,207.72054290771484,196.86293792724612,17.667770385742244,17.04631042480463
23.176470588235293,0.008403361344537815,207.74027252197266,196.9067840576172,17.64762878417963,16.955535888671903
23.18487394957983,0.008403361344537815,207.79945373535156,196.91053009033203,17.59582519531253,17.03062438964838
23.19327731092437,0.008403361344537815,207.76395416259766,196.87672424316406,17.62644958496091,17.09765624999997
23.210084033613445,0.008403361344537815,207.7826919555664,196.87551879882812,17.64704895019534,16.974334716796875
23.22689075630252,0.008403361344537815,207.79920196533203,196.8628692626953,17.60139465332034,17.01605224609375
23.235294117647058,0.008403361344537815,207.7415313720703,196.86919403076172,17.655914306640625,17.078475952148466
23.243697478991596,0.008403361344537815,207.75235748291016,196.92545318603516,17.583816528320312,16.946334838867188
23.252100840336134,0.008403361344537815,207.80184936523438,196.85942840576172,17.686035156249943,16.945724487304744
23.26050420168067,0.008403361344537815,207.78208923339844,196.85640716552734,17.700897216796903,16.978195190429688
23.26890756302521,0.008403361344537815,207.7868423461914,196.84134674072266,17.672103881835938,16.960952758789062
23.277310924369747,0.008403361344537815,207.7711639404297,196.89299774169922,17.66973876953122,17.019973754882812
23.285714285714285,0.008403361344537815,207.76287078857422,196.9247589111328,17.57716369628909,16.98223876953125
23.294117647058822,0.008403361344537815,207.76131439208984,196.85930633544922,17.67536926269534,16.98420715332034
23.30252100840336,0.008403361344537815,207.8307876586914,196.8346405029297,17.637802124023438,17.01715087890622
23.310924369747898,0.008403361344537815,207.81253814697268,196.86568450927734,17.601486206054688,17.04176330566409
23.319327731092436,0.008403361344537815,207.77039337158203,196.87569427490234,17.67036437988287,16.98716735839838
23.327731092436974,0.008403361344537815,207.7838363647461,196.89820098876953,17.598251342773466,16.941696166992188
23.33613445378151,0.008403361344537815,207.86397552490234,196.8954620361328,17.722366333007812,16.906494140625
23.34453781512605,0.008403361344537815,207.8719024658203,196.88565826416016,17.533905029296875,17.030380249023438
23.352941176470587,0.008403361344537815,207.84056854248047,196.9038314819336,17.566085815429688,17.011398315429716
23.361344537815125,0.008403361344537815,207.86929321289062,196.9147491455078,17.618988037109318,17.023284912109403
23.369747899159663,0.008403361344537815,207.86009216308594,196.8702621459961,17.551605224609375,16.95304870605466
23.3781512605042,0.008403361344537815,207.8448486328125,196.97691345214844,17.49853515625,16.841766357421903
23.386554621848738,0.008403361344537815,207.85419464111328,196.93335723876953,17.487442016601506,17.03251647949213
23.394957983193276,0.008403361344537815,207.88350677490234,196.95284271240234,17.506301879882784,16.873580932617188
23.403361344537814,0.008403361344537815,207.85501861572266,196.90013122558594,17.552047729492188,17.0152587890625
23.41176470588235,0.008403361344537815,207.83264923095703,196.93218231201172,17.520370483398352,16.97398376464841
23.42016806722689,0.008403361344537815,207.8015289306641,196.8995513916016,17.627502441406193,16.929748535156193
23.428571428571427,0.008403361344537815,207.81077575683597,196.88766479492188,17.616302490234432,16.91522216796878
23.436974789915965,0.008403361344537815,207.8046875,196.90013885498047,17.600433349609432,16.96766662597659
23.445378151260503,0.008403361344537815,207.7991943359375,196.8691635131836,17.640960693359347,16.88084411621091
23.45378151260504,0.008403361344537815,207.80635833740234,196.85792541503906,17.640243530273438,16.904815673828125
23.462184873949578,0.008403361344537815,207.78858947753906,196.8568878173828,17.68597412109372,16.992218017578125
23.470588235294116,0.008403361344537815,207.7873764038086,196.8642349243164,17.560348510742102,17.049087524414034
23.478991596638654,0.008403361344537815,207.81764221191406,196.88501739501953,17.614837646484347,16.93745422363287
23.48739495798319,0.008403361344537815,207.76215362548828,196.861083984375,17.63368225097662,16.929443359374943
23.49579831932773,0.008403361344537815,207.78857421875,196.93797302246094,17.595916748046903,16.950531005859375
23.50420168067227,0.008403361344537815,207.79582977294922,196.87784576416016,17.640274047851534,16.88017272949213
23.51260504201681,0.008403361344537815,207.75579071044922,196.8829803466797,17.629409790039006,16.94232177734378
23.521008403361346,0.008403361344537815,207.78589630126953,196.87254333496094,17.671554565429688,16.848297119140597
23.529411764705884,0.008403361344537815,207.7870941162109,196.87551879882812,17.59478759765625,16.953216552734347
23.537815126050422,0.008403361344537815,207.80792236328125,196.87246704101562,17.62896728515625,16.960540771484347
23.54621848739496,0.008403361344537815,207.80396270751953,196.85985565185547,17.685714721679716,16.90248107910159
23.554621848739497,0.008403361344537815,207.7728042602539,196.87346649169922,17.641036987304716,16.913803100585938
23.563025210084035,0.008403361344537815,207.7943572998047,196.92011260986328,17.660797119140597,16.913375854492188
23.571428571428573,0.008403361344537815,207.8255157470703,196.97522735595703,17.551391601562557,16.912429809570312
23.57983193277311,0.008403361344537815,207.8194808959961,196.90106201171875,17.63145446777341,17.07427978515625
23.58823529411765,0.008403361344537815,207.79524993896487,196.94072723388672,17.606307983398438,16.974929809570312
23.596638655462186,0.008403361344537815,207.7773361206055,196.8737716674805,17.592514038085938,17.149307250976562
23.605042016806724,0.008403361344537815,207.8070831298828,196.8853759765625,17.656280517578153,17.08355712890622
23.613445378151262,0.008403361344537815,207.80309295654297,196.91863250732422,17.60972595214841,17.01860046386713
23.6218487394958,0.008403361344537815,207.81747436523438,196.86495971679685,17.593170166015653,17.017028808593807
23.630252100840337,0.008403361344537815,207.87015533447266,196.90939331054685,17.577621459960852,17.063415527343807
23.638655462184875,0.008403361344537815,207.82322692871094,196.85785675048828,17.622253417968665,17.019515991210938
23.647058823529413,0.008403361344537815,207.8088836669922,196.8616638183594,17.5906982421875,16.985748291015625
23.65546218487395,0.008403361344537815,207.86553955078125,196.93215942382812,17.60467529296875,17.05194091796875
23.66386554621849,0.008403361344537815,207.80472564697266,196.8908462524414,17.620620727539062,16.925979614257812
23.672268907563026,0.008403361344537815,207.82678985595703,196.8834228515625,17.595993041992188,17.078857421875
23.680672268907564,0.008403361344537815,207.83759307861328,196.88951873779297,17.614883422851562,17.051071166992216
23.689075630252102,0.008403361344537815,207.78458404541016,196.89534759521484,17.612960815429716,17.063369750976562
23.69747899159664,0.008403361344537815,207.7913818359375,196.88880920410156,17.636657714843693,17.052215576171903
23.705882352941178,0.008403361344537815,207.82415771484375,196.8759002685547,17.614288330078125,17.010650634765597
23.714285714285715,0.008403361344537815,207.86329650878903,196.92163848876953,17.634674072265625,16.95198059082037
23.722689075630253,0.008403361344537815,207.78810882568357,196.8822479248047,17.604660034179688,16.891754150390653
23.73109243697479,0.008403361344537815,207.79248046875,196.89865112304688,17.652740478515597,17.078460693359347
23.73949579831933,0.008403361344537815,207.85057830810547,196.8894805908203,17.565933227539062,17.062347412109347
23.747899159663866,0.008403361344537815,207.81397247314453,196.89192962646484,17.62788391113287,17.077987670898438
23.756302521008404,0.008403361344537815,207.77060699462893,196.87416076660156,17.575820922851562,17.06365966796878
23.764705882352942,0.008403361344537815,207.70785522460938,196.86478424072266,17.61114501953125,17.12110900878912
23.77310924369748,0.008403361344537815,207.77877807617188,196.83311462402344,17.612152099609403,16.95385742187503
23.781512605042018,0.008403361344537815,207.79109954833984,196.88098907470703,17.619949340820312,17.04478454589841
23.789915966386555,0.008403361344537815,207.73723602294922,196.86143493652344,17.61369323730466,17.103424072265597
23.798319327731093,0.008403361344537815,207.76361083984375,196.8738784790039,17.66546630859372,17.04777526855466
23.80672268907563,0.008403361344537815,207.74510955810547,196.8625030517578,17.56968688964841,17.129547119140653
23.81512605042017,0.008403361344537815,207.78125762939453,196.88312530517578,17.666885375976534,16.91493225097659
23.823529411764707,0.008403361344537815,207.75196838378906,196.87471771240237,17.677398681640597,17.06169128417963
23.831932773109244,0.008403361344537815,207.74142456054688,196.85714721679688,17.59228515625,17.14746093749997
23.840336134453782,0.008403361344537815,207.77872467041016,196.88685607910156,17.67045593261713,16.999237060546875
23.84873949579832,0.008403361344537815,207.79554748535156,196.88292694091797,17.617828369140597,17.044052124023494
23.857142857142858,0.008403361344537815,207.7592544555664,196.89090728759766,17.652999877929716,16.979904174804744
23.865546218487395,0.008403361344537815,207.7895050048828,196.88290405273438,17.654754638671875,17.010986328125
23.873949579831933,0.008403361344537815,207.84284210205078,196.9337921142578,17.652359008789034,17.026092529296847
23.88235294117647,0.008403361344537815,207.7748260498047,196.87380981445312,17.62719726562497,16.990142822265597
23.89075630252101,0.008403361344537815,207.75323486328125,196.9037857055664,17.68017578125003,16.998184204101562
23.899159663865547,0.008403361344537815,207.81148529052734,196.95641326904297,17.576797485351562,16.941909790039062
23.907563025210084,0.008403361344537815,207.7526321411133,196.8424835205078,17.600204467773438,17.089324951171903
23.915966386554622,0.008403361344537815,207.71151733398438,196.8544464111328,17.60382080078128,17.114166259765597
23.92436974789916,0.008403361344537815,207.80015563964844,196.88140106201172,17.730316162109403,16.971969604492216
23.932773109243698,0.008403361344537815,207.77948760986328,196.88582611083984,17.66767883300784,16.98268127441409
23.941176470588236,0.008403361344537815,207.79115295410156,196.86104583740234,17.67669677734378,16.98677062988284
23.949579831932773,0.008403361344537815,207.7614974975586,196.9405059814453,17.635177612304688,16.96795654296872
23.95798319327731,0.008403361344537815,207.78548431396484,196.89598083496094,17.679855346679744,17.068206787109375
23.96638655462185,0.008403361344537815,207.74412536621094,197.00925445556638,17.598144531249943,16.97389221191412
23.974789915966387,0.008403361344537815,207.77594757080078,196.98389434814453,17.556411743164006,17.07539367675787
23.983193277310924,0.008403361344537815,207.80679321289062,196.9677505493164,17.621795654296875,16.95570373535159
23.991596638655462,0.008403361344537815,207.7551040649414,196.92511749267578,17.69187927246091,17.02870178222659
24.03361344537815,0.008403361344537815,207.7681121826172,196.98849487304688,17.63385009765628,16.99249267578125
24.04201680672269,0.008403361344537815,207.74897003173825,196.85552215576172,17.63356018066412,17.121780395507756
24.050420168067227,0.008403361344537815,207.79071807861328,196.8954086303711,17.65214538574213,17.07716369628909
24.058823529411764,0.008403361344537815,207.78477478027344,196.91497039794922,17.641540527343693,16.940719604492216
24.067226890756302,0.008403361344537815,207.7232437133789,196.9798355102539,17.602188110351562,17.12419128417963
24.07563025210084,0.008403361344537815,207.7129364013672,196.85365295410156,17.60253906250003,16.984161376953097
24.084033613445378,0.008403361344537815,207.75516510009766,196.9144744873047,17.623855590820312,17.050872802734347
24.092436974789916,0.008403361344537815,207.72254180908203,196.90676879882812,17.659225463867216,16.984344482421818
24.100840336134453,0.008403361344537815,207.74000549316406,196.88431549072266,17.622772216796847,16.929092407226562
24.10924369747899,0.008403361344537815,207.75401306152344,196.8925323486328,17.625518798828097,17.05883789062497
24.11764705882353,0.008403361344537815,207.70042419433594,196.89869689941406,17.60174560546878,16.995330810546903
24.126050420168067,0.008403361344537815,207.71224212646484,196.94935607910156,17.583389282226506,17.096405029296903
24.134453781512605,0.008403361344537815,207.7605972290039,196.87905883789062,17.600387573242188,17.063812255859375
24.142857142857142,0.008403361344537815,207.7256088256836,196.90478515625,17.723587036132784,17.03308105468747
24.15126050420168,0.008403361344537815,207.69274139404297,196.8836441040039,17.695693969726562,17.04957580566409
24.159663865546218,0.008403361344537815,207.75848388671875,196.90540313720703,17.614654541015597,16.982620239257812
24.168067226890756,0.008403361344537815,207.74256134033203,196.87081146240234,17.632003784179688,17.065444946289034
24.176470588235293,0.008403361344537815,207.71621704101562,196.85328674316406,17.649627685546847,17.011566162109403
24.18487394957983,0.008403361344537815,207.76799774169922,196.90760803222656,17.60887145996088,17.02899169921872
24.19327731092437,0.008403361344537815,207.69447326660156,196.87596130371094,17.581329345703097,17.03265380859372
24.201680672268907,0.008403361344537815,207.69359588623047,196.88707733154297,17.546829223632812,17.028579711914062
24.210084033613445,0.008403361344537815,207.7590560913086,196.8632354736328,17.67463684082037,16.954620361328097
24.218487394957982,0.008403361344537815,207.7479476928711,196.8956069946289,17.676498413085938,17.10740661621091
24.22689075630252,0.008403361344537815,207.75617218017578,196.90181732177734,17.666275024414062,17.044479370117244
24.235294117647058,0.008403361344537815,207.76738739013672,196.88441467285156,17.69306945800787,17.066131591796818
24.243697478991596,0.008403361344537815,207.7751922607422,196.86024475097656,17.665618896484375,16.974761962890653
24.252100840336134,0.008403361344537815,207.70016479492188,196.8395233154297,17.630584716796847,16.986175537109375
24.26050420168067,0.008403361344537815,207.7364273071289,196.87145233154297,17.643753051757812,17.024429321289034
24.26890756302521,0.008403361344537815,207.73639678955078,196.87210083007812,17.57701110839841,17.032867431640653
24.277310924369747,0.008403361344537815,207.7589340209961,196.89806365966797,17.688674926757784,17.073654174804716
24.285714285714285,0.008403361344537815,207.76819610595703,196.84864807128906,17.713851928710994,16.965484619140625
24.294117647058822,0.008403361344537815,207.80575561523438,196.87115478515625,17.705291748046875,17.03717041015628
24.30252100840336,0.008403361344537815,207.8312759399414,196.8637924194336,17.636581420898466,16.984542846679688
24.310924369747898,0.008403361344537815,207.7607879638672,196.88633728027344,17.71221923828122,17.072082519531193
24.319327731092436,0.008403361344537815,207.79622650146484,196.87178802490234,17.631881713867244,17.052352905273438
24.327731092436974,0.008403361344537815,207.7519989013672,196.8466796875,17.67858886718753,16.98266601562503
24.33613445378151,0.008403361344537815,207.76686096191406,196.83229064941406,17.679168701171903,17.041900634765568
24.352941176470587,0.008403361344537815,207.78173065185547,196.82003021240232,17.68226623535159,16.921249389648438
24.361344537815125,0.008403361344537815,207.75990295410156,196.87086486816406,17.720733642578182,17.00769042968753
24.369747899159663,0.008403361344537815,207.77288055419922,196.81231689453125,17.638900756835994,16.989166259765568
24.3781512605042,0.008403361344537815,207.7630386352539,196.86194610595703,17.568313598632784,17.055374145507784
24.386554621848738,0.008403361344537815,207.8419189453125,196.91241455078125,17.634185791015653,16.944641113281307
24.394957983193276,0.008403361344537815,207.78304290771484,196.89280700683594,17.666336059570284,17.019989013671847
24.403361344537814,0.008403361344537815,207.7407684326172,196.85775756835938,17.66784667968753,17.07086181640625
24.41176470588235,0.008403361344537815,207.771728515625,196.8321990966797,17.706878662109347,16.974273681640625
24.42016806722689,0.008403361344537815,207.78248596191406,196.86160278320312,17.728363037109403,16.998687744140568
24.428571428571427,0.008403361344537815,207.73866271972656,196.83936309814453,17.685699462890653,17.051803588867188
24.436974789915965,0.008403361344537815,207.75556182861328,196.8277359008789,17.671798706054716,16.949539184570312
24.445378151260503,0.008403361344537815,207.72012329101562,196.86913299560547,17.556427001953068,17.16673278808591
24.45378151260504,0.008403361344537815,207.76284790039062,196.8646469116211,17.624237060546818,16.967300415039062
24.462184873949578,0.008403361344537815,207.77310180664062,196.8451156616211,17.67175292968747,16.929031372070312
24.470588235294116,0.008403361344537815,207.74617767333984,196.84201049804688,17.580001831054716,17.03167724609375
24.478991596638654,0.008403361344537815,207.69332122802734,196.89256286621094,17.697372436523494,17.010833740234375
24.48739495798319,0.008403361344537815,207.7301025390625,196.8792190551758,17.617248535156307,17.032852172851506
24.49579831932773,0.008403361344537815,207.70294189453125,196.86834716796875,17.595550537109347,17.012939453125
24.50420168067227,0.008403361344537815,207.67090606689453,196.8709259033203,17.57237243652338,17.03436279296875
24.51260504201681,0.008403361344537815,207.6990737915039,196.87232971191406,17.602920532226562,17.03027343749997
24.521008403361346,0.008403361344537815,207.70684051513672,196.89393615722656,17.53651428222662,17.06243896484375
24.529411764705884,0.008403361344537815,207.71497344970703,196.91000366210938,17.70222473144534,17.03192138671875
24.537815126050422,0.008403361344537815,207.7057113647461,196.88159179687497,17.56596374511713,17.000335693359375
24.54621848739496,0.008403361344537815,207.71123504638672,196.8856430053711,17.70890808105466,16.988723754882812
24.554621848739497,0.008403361344537815,207.7015609741211,196.87525939941406,17.60102844238287,17.01104736328122
24.563025210084035,0.008403361344537815,207.70166015625,196.88905334472656,17.665283203125,17.040618896484375
24.571428571428573,0.008403361344537815,207.78555297851562,196.88731384277344,17.62191772460929,16.97723388671875
24.57983193277311,0.008403361344537815,207.7618408203125,196.86544036865234,17.68237304687497,16.99223327636716
24.58823529411765,0.008403361344537815,207.75624084472656,196.82237243652344,17.65570068359375,16.96075439453122
24.596638655462186,0.008403361344537815,207.75291442871094,196.86875915527344,17.659027099609403,17.00021362304696
24.605042016806724,0.008403361344537815,207.76189422607422,196.84286499023438,17.723037719726562,16.938812255859403
24.613445378151262,0.008403361344537815,207.68975830078125,196.877197265625,17.630767822265625,17.06402587890625
24.6218487394958,0.008403361344537815,207.68140411376953,196.88653564453125,17.699081420898466,16.985717773437415
24.630252100840337,0.008403361344537815,207.69487762451172,196.85729217529297,17.594253540039006,17.010086059570312
24.638655462184875,0.008403361344537815,207.78659057617188,196.879638671875,17.670806884765597,16.98419189453128
24.647058823529413,0.008403361344537815,207.7257080078125,196.80609893798828,17.699737548828153,16.950698852539006
24.65546218487395,0.008403361344537815,207.75484466552734,196.8809356689453,17.66972351074216,16.977264404296847
24.66386554621849,0.008403361344537815,207.70958709716797,196.8685302734375,17.608932495117244,17.020843505859375
24.672268907563026,0.008403361344537815,207.70932006835938,196.87723541259766,17.607727050781307,17.049728393554688
24.680672268907564,0.008403361344537815,207.72119140625,196.8955535888672,17.61517333984378,17.01879882812497
24.689075630252102,0.008403361344537815,207.71011352539062,196.87985229492188,17.615661621093807,17.045684814453125
24.69747899159664,0.008403361344537815,207.7314453125,196.88339233398438,17.614990234375,16.998229980468807
24.705882352941178,0.008403361344537815,207.6966857910156,196.88262939453125,17.59521484375,17.007232666015597
24.714285714285715,0.008403361344537815,207.68926239013672,196.8731231689453,17.584243774414062,16.992340087890597
24.722689075630253,0.008403361344537815,207.7149429321289,196.85073852539062,17.657180786132784,16.99243164062503
24.73109243697479,0.008403361344537815,207.71932983398438,196.8817138671875,17.621795654296875,16.999420166015653
24.73949579831933,0.008403361344537815,207.6881561279297,196.90689849853516,17.581634521484403,16.981430053710938
24.747899159663866,0.008403361344537815,207.69734954833987,196.86854553222656,17.618850708007812,17.000885009765625
24.756302521008404,0.008403361344537815,207.66168212890625,196.86427307128906,17.56848144531247,17.049530029296847
24.764705882352942,0.008403361344537815,207.69338989257812,196.8479232788086,17.66888427734375,16.97810363769537
24.77310924369748,0.008403361344537815,207.6975402832031,196.85901641845703,17.6719970703125,17.000839233398466
24.781512605042018,0.008403361344537815,207.68995666503906,196.89815521240234,17.551544189453097,17.057540893554688
24.789915966386555,0.008403361344537815,207.63801574707028,196.85177612304688,17.583801269531307,16.995880126953097
24.798319327731093,0.008403361344537815,207.71887969970703,196.87889862060547,17.604843139648466,17.02528381347659
24.80672268907563,0.008403361344537815,207.66985321044922,196.8906021118164,17.593826293945284,17.03288269042966
24.81512605042017,0.008403361344537815,207.6355972290039,196.8386077880859,17.636001586914034,17.048187255859375
24.823529411764707,0.008403361344537815,207.7555923461914,196.84668731689453,17.60145568847662,16.99745178222659
24.831932773109244,0.008403361344537815,207.69247436523435,196.87872314453125,17.566162109375,16.98568725585929
24.840336134453782,0.008403361344537815,207.6943588256836,196.867431640625,17.605148315429688,16.9833984375
24.84873949579832,0.008403361344537815,207.69133758544922,196.88821411132812,17.722702026367244,17.004302978515653
24.857142857142858,0.008403361344537815,207.72311401367188,196.88402557373047,17.693908691406193,16.984115600585994
24.865546218487395,0.008403361344537815,207.7483139038086,196.84477996826172,17.675430297851506,16.93754577636716
24.873949579831933,0.008403361344537815,207.7111587524414,196.8684539794922,17.642074584960938,16.97430419921878
24.88235294117647,0.008403361344537815,207.70266723632812,196.8738555908203,17.618225097656307,16.986175537109347
24.89075630252101,0.008403361344537815,207.71546936035156,196.88057708740234,17.617828369140653,16.99623107910162
24.899159663865547,0.008403361344537815,207.72006988525388,196.869384765625,17.631637573242188,16.975250244140625
24.907563025210084,0.008403361344537815,207.73391723632812,196.85305786132812,17.710418701171847,16.93847656250003
24.915966386554622,0.008403361344537815,207.7282485961914,196.81471252441406,17.68357849121091,16.92932128906247
24.92436974789916,0.008403361344537815,207.74888610839844,196.84725189208984,17.720367431640597,16.926986694335966
24.932773109243698,0.008403361344537815,207.75355529785156,196.9048767089844,17.624145507812443,16.982147216796875
24.941176470588236,0.008403361344537815,207.7299041748047,196.80306243896484,17.704498291015682,16.916458129882812
24.949579831932773,0.008403361344537815,207.7802505493164,196.85851287841797,17.684890747070284,16.963302612304716
24.95798319327731,0.008403361344537815,207.72583770751956,196.87474060058594,17.723709106445256,16.96981811523429
24.96638655462185,0.008403361344537815,207.74588012695312,196.866813659668,17.652862548828125,17.014175415039062
24.974789915966387,0.008403361344537815,207.7425079345703,196.8490982055664,17.67523193359372,16.98039245605466
24.983193277310924,0.008403361344537815,207.7296905517578,196.937744140625,17.72998046875003,16.9580078125
24.991596638655462,0.008403361344537815,207.76852416992188,196.90360260009766,17.753021240234432,16.92094421386716
25.0,0.008403361344537815,207.7130889892578,196.90097045898438,17.709869384765597,16.97045898437497
25.008403361344538,0.008403361344537815,207.7019805908203,196.8969955444336,17.654449462890653,16.997055053710966
25.016806722689076,0.008403361344537815,207.71682739257812,196.95863342285156,17.62530517578125,16.96173095703125
25.025210084033613,0.008403361344537815,207.70582580566406,196.90695190429688,17.645050048828153,16.959747314453097
25.03361344537815,0.008403361344537815,207.64262390136716,196.94657135009766,17.724090576171875,17.01991271972659
25.04201680672269,0.008403361344537815,207.69558715820315,197.00184631347656,17.606842041015625,17.02398681640622
25.050420168067227,0.008403361344537815,207.6241912841797,196.91754150390625,17.641143798828068,17.100921630859375
25.058823529411764,0.008403361344537815,207.68621063232425,196.91546630859375,17.629592895507812,16.99359130859372
25.067226890756302,0.008403361344537815,207.6755142211914,196.9283676147461,17.66636657714838,17.00596618652341
25.07563025210084,0.008403361344537815,207.72588348388672,196.9026107788086,17.69041442871091,16.94142150878909
25.084033613445378,0.008403361344537815,207.63471221923828,196.90320587158203,17.65339660644537,17.08198547363287
25.092436974789916,0.008403361344537815,207.65685272216797,196.8976821899414,17.636642456054716,17.09339904785159
25.100840336134453,0.008403361344537815,207.6588668823242,196.9115982055664,17.575851440429688,17.139694213867216
25.10924369747899,0.008403361344537815,207.63934326171875,196.91729736328125,17.62646484374997,17.080108642578153
25.11764705882353,0.008403361344537815,207.6319580078125,196.92686462402344,17.660491943359347,17.06951904296875
25.126050420168067,0.008403361344537815,207.6802978515625,196.92615509033203,17.585418701171875,17.050430297851506
25.134453781512605,0.008403361344537815,207.61698150634766,196.90898895263672,17.663314819335938,17.07469177246091
25.142857142857142,0.008403361344537815,207.68601989746094,196.89866638183594,17.630279541015653,16.963226318359403
25.15126050420168,0.008403361344537815,207.65353393554688,196.87124633789062,17.66812133789071,17.06365966796875
25.159663865546218,0.008403361344537815,207.65771484375,196.91898345947266,17.598419189453125,17.14756774902341
25.168067226890756,0.008403361344537815,207.66262817382812,196.9150161743164,17.682159423828153,17.068557739257756
25.176470588235293,0.008403361344537815,207.66179656982422,196.9140853881836,17.639663696289062,17.06535339355466
25.18487394957983,0.008403361344537815,207.6813201904297,196.90886688232422,17.60003662109378,17.053543090820284
25.19327731092437,0.008403361344537815,207.6465835571289,196.87661743164062,17.627670288085938,16.99700927734372
25.201680672268907,0.008403361344537815,207.6829605102539,196.8777313232422,17.70866394042966,17.00558471679696
25.210084033613445,0.008403361344537815,207.65280914306638,196.91506958007812,17.675430297851562,17.079833984374943
25.218487394957982,0.008403361344537815,207.7485122680664,196.86709594726562,17.716964721679716,16.995574951171903
25.22689075630252,0.008403361344537815,207.68893432617188,196.9208221435547,17.609161376953097,17.03607177734372
25.235294117647058,0.008403361344537815,207.68138122558594,196.86077117919922,17.703125,17.03230285644534
25.243697478991596,0.008403361344537815,207.70486450195312,196.90306091308594,17.648468017578097,17.024749755859318
25.252100840336134,0.008403361344537815,207.6965560913086,196.91184997558594,17.605789184570312,17.07208251953128
25.26050420168067,0.008403361344537815,207.7002182006836,196.91831970214844,17.735214233398494,17.0125732421875
25.26890756302521,0.008403361344537815,207.75878143310547,196.92893981933594,17.693130493164034,17.00610351562503
25.277310924369747,0.008403361344537815,207.68878936767578,196.9106903076172,17.741775512695312,16.995269775390625
25.285714285714285,0.008403361344537815,207.66780853271484,196.928466796875,17.667953491210966,17.0528564453125
25.294117647058822,0.008403361344537815,207.6629180908203,196.9054183959961,17.674163818359403,17.129440307617188
25.30252100840336,0.008403361344537815,207.71682739257812,196.89259338378906,17.74078369140625,17.05389404296875
25.310924369747898,0.008403361344537815,207.71459197998047,196.90989685058594,17.621658325195312,17.008331298828125
25.319327731092436,0.008403361344537815,207.67637634277344,196.90800476074222,17.680572509765568,17.078399658203068
25.327731092436974,0.008403361344537815,207.6639862060547,196.91554260253906,17.691070556640597,17.047637939453125
25.33613445378151,0.008403361344537815,207.67189025878906,196.86559295654297,17.693572998046875,16.984909057617216
25.34453781512605,0.008403361344537815,207.6937713623047,196.92943572998047,17.727325439453097,16.99296569824216
25.352941176470587,0.008403361344537815,207.6515121459961,196.90619659423828,17.69706726074216,17.03593444824213
25.361344537815125,0.008403361344537815,207.6881103515625,196.92980194091797,17.594573974609318,17.007064819335938
25.369747899159663,0.008403361344537815,207.73072814941406,196.91358947753906,17.675079345703125,17.05145263671875
25.3781512605042,0.008403361344537815,207.6720733642578,196.92504119873047,17.64160156250003,17.086502075195398
25.386554621848738,0.008403361344537815,207.69454956054688,196.9134979248047,17.57604980468747,16.97918701171872
25.394957983193276,0.008403361344537815,207.68202209472656,196.91087341308597,17.598266601562443,16.990142822265568
25.403361344537814,0.008403361344537815,207.65250396728516,196.88719177246094,17.662216186523466,17.013641357421903
25.41176470588235,0.008403361344537815,207.656005859375,196.92527770996094,17.62622070312503,17.090362548828097
25.42016806722689,0.008403361344537815,207.64212036132812,196.9198455810547,17.58984375,17.089324951171875
25.428571428571427,0.008403361344537815,207.67767333984375,196.9320297241211,17.606353759765653,17.02983093261716
25.436974789915965,0.008403361344537815,207.6161346435547,196.95267486572266,17.594207763671818,16.99894714355466
25.445378151260503,0.008403361344537815,207.6368865966797,196.90294647216797,17.589447021484375,17.044204711914062
25.45378151260504,0.008403361344537815,207.64044189453125,196.9290313720703,17.569702148437557,16.993682861328125
25.462184873949578,0.008403361344537815,207.64312744140628,196.9729232788086,17.675079345703125,17.026657104492188
25.470588235294116,0.008403361344537815,207.6526184082031,196.90361785888672,17.622619628906307,17.02293395996091
25.478991596638654,0.008403361344537815,207.61840820312503,196.94136047363284,17.621490478515682,17.115203857421875
25.48739495798319,0.008403361344537815,207.68727111816406,196.9518280029297,17.583648681640597,17.113189697265653
25.49579831932773,0.008403361344537815,207.67428588867188,196.9337158203125,17.59997558593753,17.046539306640568
25.50420168067227,0.008403361344537815,207.69183349609375,196.9574203491211,17.636383056640653,17.13148498535159
25.51260504201681,0.008403361344537815,207.6858367919922,196.9544677734375,17.577117919921847,17.12408447265622
25.521008403361346,0.008403361344537815,207.67632293701175,196.98900604248047,17.611251831054688,17.104202270507756
25.529411764705884,0.008403361344537815,207.63651275634766,196.9076385498047,17.619674682617216,17.120452880859375
25.537815126050422,0.008403361344537815,207.69670867919922,196.9803924560547,17.60694885253912,17.09552001953125
25.54621848739496,0.008403361344537815,207.67887115478516,196.9076156616211,17.711898803710994,17.060287475585966
25.554621848739497,0.008403361344537815,207.67845153808594,196.89600372314453,17.68914794921875,17.054946899414006
25.563025210084035,0.008403361344537815,207.65811157226562,196.90958404541016,17.63360595703125,17.109573364257784
25.571428571428573,0.008403361344537815,207.75891876220703,197.00537872314453,17.598587036132756,16.971817016601534
25.57983193277311,0.008403361344537815,207.72881317138672,197.00729370117188,17.613571166992188,17.11334228515625
25.58823529411765,0.008403361344537815,207.71322631835938,196.93610382080078,17.742034912109375,16.995468139648466
25.596638655462186,0.008403361344537815,207.74785614013672,196.90470123291016,17.68836975097659,16.954299926757812
25.605042016806724,0.008403361344537815,207.73694610595706,196.9180679321289,17.637283325195312,17.049362182617188
25.613445378151262,0.008403361344537815,207.7023162841797,196.9335708618164,17.720703125,17.01170349121091
25.6218487394958,0.008403361344537815,207.71050262451172,196.96880340576172,17.626846313476506,17.076370239257812
25.630252100840337,0.008403361344537815,207.73065948486328,197.00072479248047,17.626358032226534,17.090316772460938
25.638655462184875,0.008403361344537815,207.67892456054688,196.9406280517578,17.66589355468747,17.076629638671875
25.647058823529413,0.008403361344537815,207.70464324951172,196.93025970458984,17.66084289550784,16.974044799804773
25.65546218487395,0.008403361344537815,207.6848373413086,196.9232940673828,17.749771118164034,17.00311279296875
25.66386554621849,0.008403361344537815,207.7305450439453,196.92953491210938,17.624603271484347,17.04388427734375
25.672268907563026,0.008403361344537815,207.7121124267578,196.94528198242188,17.646270751953125,17.01623535156247
25.680672268907564,0.008403361344537815,207.70445251464844,196.99962615966797,17.611907958984375,17.07411193847659
25.689075630252102,0.008403361344537815,207.70069885253906,196.9110565185547,17.636016845703153,17.029205322265625
25.69747899159664,0.008403361344537815,207.7641372680664,196.87168884277344,17.673843383789034,16.98101806640625
25.705882352941178,0.008403361344537815,207.71775817871094,196.9179458618164,17.76715087890622,16.977951049804688
25.714285714285715,0.008403361344537815,207.7153778076172,197.02059173583984,17.603607177734347,17.06657409667966
25.722689075630253,0.008403361344537815,207.71230316162107,197.00785064697266,17.576400756835938,17.092025756835938
25.73109243697479,0.008403361344537815,207.67244720458984,196.94341278076172,17.639205932617244,17.01582336425784
25.73949579831933,0.008403361344537815,207.71157836914062,196.95423889160156,17.646697998046847,17.045135498046847
25.747899159663866,0.008403361344537815,207.71024322509766,196.9865951538086,17.573623657226562,17.075210571289034
25.756302521008404,0.008403361344537815,207.72814178466797,196.90970611572266,17.72785949707034,17.02021789550784
25.764705882352942,0.008403361344537815,207.72832489013672,196.92565155029297,17.641372680664034,16.99977111816409
25.77310924369748,0.008403361344537815,207.69414520263672,196.9671630859375,17.62614440917963,17.051116943359375
25.781512605042018,0.008403361344537815,207.68446350097653,196.9361572265625,17.62567138671875,17.00213623046878
25.789915966386555,0.008403361344537815,207.70648956298828,196.92456817626953,17.67155456542966,17.000778198242188
25.798319327731093,0.008403361344537815,207.71709442138672,196.92591094970703,17.733200073242216,16.983596801757784
25.80672268907563,0.008403361344537815,207.71463012695312,196.98741912841797,17.612976074218693,17.144546508789034
25.823529411764707,0.008403361344537815,207.71856689453125,196.98064422607422,17.573272705078125,17.13703918457034
25.831932773109244,0.008403361344537815,207.70056915283203,196.97010803222656,17.618820190429688,17.083038330078125
25.840336134453782,0.008403361344537815,207.7169418334961,196.99212646484375,17.665451049804688,17.065704345703068
25.84873949579832,0.008403361344537815,207.7078399658203,196.94091796875,17.714202880859403,17.016662597656193
25.865546218487395,0.008403361344537815,207.69815826416016,196.9930191040039,17.567825317382784,17.195693969726506
25.873949579831933,0.008403361344537815,207.67566680908203,196.9815368652344,17.62300109863287,17.129791259765568
25.88235294117647,0.008403361344537815,207.69112396240234,197.01173400878906,17.588485717773466,17.096832275390653
25.89075630252101,0.008403361344537815,207.67704010009766,196.9732666015625,17.641921997070284,17.044097900390597
25.899159663865547,0.008403361344537815,207.6941375732422,196.93124389648438,17.75823974609378,17.005096435546875
25.907563025210084,0.008403361344537815,207.72787475585935,196.9625473022461,17.63995361328125,17.02995300292963
25.915966386554622,0.008403361344537815,207.6774673461914,196.9065704345703,17.538314819335966,17.00677490234375
25.92436974789916,0.008403361344537815,207.6699371337891,196.98963165283203,17.6324462890625,17.103805541992188
25.932773109243698,0.008403361344537815,207.7327651977539,196.92318725585938,17.621810913085938,17.03076171875003
25.941176470588236,0.008403361344537815,207.7182388305664,196.96585845947266,17.63108825683591,17.133132934570284
25.949579831932773,0.008403361344537815,207.69187927246094,196.9678497314453,17.65484619140628,17.09564208984375
25.95798319327731,0.008403361344537815,207.70636749267575,196.91080474853516,17.714828491210994,17.026290893554773
25.96638655462185,0.008403361344537815,207.71836853027344,196.90668487548828,17.7247314453125,17.017074584960938
25.974789915966387,0.008403361344537815,207.71996307373047,196.9177703857422,17.77848815917966,16.993804931640653
25.983193277310924,0.008403361344537815,207.70001983642578,196.9701156616211,17.60493469238287,17.069046020507812
25.991596638655462,0.008403361344537815,207.70069885253906,196.99029541015625,17.613677978515625,17.110565185546847
26.0,0.008403361344537815,207.77503967285156,196.91642761230472,17.584899902343835,17.072296142578068
26.008403361344538,0.008403361344537815,207.70994567871094,196.90515899658203,17.699981689453097,17.02018737792966
26.016806722689076,0.008403361344537815,207.67707061767578,196.97584533691406,17.58296203613284,17.094940185546818
26.025210084033613,0.008403361344537815,207.6793670654297,196.9834213256836,17.579010009765653,17.080276489257756
26.03361344537815,0.008403361344537815,207.74021911621094,196.99464416503906,17.529998779296903,17.12261962890625
26.050420168067227,0.008403361344537815,207.6907501220703,196.94567108154297,17.58856201171878,17.076980590820312
26.058823529411764,0.008403361344537815,207.6863250732422,196.96582794189453,17.570404052734375,17.05595397949213
26.067226890756302,0.008403361344537815,207.6698455810547,196.97014617919922,17.59423828124997,17.072860717773494
26.07563025210084,0.008403361344537815,207.62279510498047,196.89425659179688,17.60523986816409,17.058258056640625
26.084033613445378,0.008403361344537815,207.68651580810547,196.95745086669922,17.58918762207034,17.08241271972659
26.092436974789916,0.008403361344537815,207.70274353027344,196.87276458740234,17.53771972656253,17.018814086914034
26.100840336134453,0.008403361344537815,207.67984771728516,196.9618148803711,17.61488342285159,17.098159790039062
26.10924369747899,0.008403361344537815,207.71541595458984,196.90131378173828,17.61537170410159,17.021347045898494
26.11764705882353,0.008403361344537815,207.65616607666016,196.87731170654297,17.601699829101562,17.05870056152338
26.126050420168067,0.008403361344537815,207.69145965576172,196.890869140625,17.627578735351562,17.127136230468807
26.134453781512605,0.008403361344537815,207.73836517333984,196.8991928100586,17.664505004882756,17.033767700195312
26.142857142857142,0.008403361344537815,207.70791625976562,196.89617156982422,17.625335693359403,17.136215209960938
26.15126050420168,0.008403361344537815,207.7489242553711,196.9165802001953,17.621475219726562,17.013763427734403
26.159663865546218,0.008403361344537815,207.68781280517578,196.9112777709961,17.546463012695284,17.053909301757812
26.168067226890756,0.008403361344537815,207.69316864013672,196.92932128906253,17.541488647460994,17.040893554687443
26.176470588235293,0.008403361344537815,207.70479583740234,196.9690399169922,17.59278869628909,17.058868408203125
26.18487394957983,0.008403361344537815,207.69544219970703,196.93756866455078,17.62846374511716,16.997055053710938
26.19327731092437,0.008403361344537815,207.66749572753906,196.8987045288086,17.631988525390625,17.03590393066409
26.201680672268907,0.008403361344537815,207.67208862304688,196.85442352294922,17.664642333984375,17.03327941894534
26.210084033613445,0.008403361344537815,207.6523208618164,196.85482788085938,17.64314270019534,17.013885498046875
26.218487394957982,0.008403361344537815,207.68270874023438,196.84181213378906,17.60424804687497,16.9769287109375
26.22689075630252,0.008403361344537815,207.63279724121094,196.84513092041016,17.616302490234403,16.986373901367216
26.235294117647058,0.008403361344537815,207.6549530029297,196.8829116821289,17.61920166015628,17.025192260742216
26.243697478991596,0.008403361344537815,207.63809204101562,196.89088439941406,17.641693115234347,17.018768310546875
26.252100840336134,0.008403361344537815,207.64849853515622,196.89845275878906,17.582611083984375,17.016082763671903
26.26050420168067,0.008403361344537815,207.71817779541016,196.91188049316406,17.584854125976534,17.02709960937503
26.26890756302521,0.008403361344537815,207.6837615966797,196.8756103515625,17.62640380859375,17.009094238281307
26.277310924369747,0.008403361344537815,207.74755096435547,196.8855438232422,17.63230895996091,16.94482421874997
26.285714285714285,0.008403361344537815,207.6782989501953,196.87322998046875,17.617950439453125,16.98614501953125
26.294117647058822,0.008403361344537815,207.7144546508789,196.9185791015625,17.55284118652341,16.982208251953125
26.30252100840336,0.008403361344537815,207.6784896850586,196.89850616455078,17.63325500488284,17.05787658691412
26.310924369747898,0.008403361344537815,207.73472595214844,196.86922454833984,17.646026611328097,16.95509338378912
26.319327731092436,0.008403361344537815,207.76108551025388,196.9307632446289,17.628890991210938,17.00053405761713
26.327731092436974,0.008403361344537815,207.69057464599607,196.8846206665039,17.664047241210938,17.003585815429688
26.33613445378151,0.008403361344537815,207.72373199462893,196.97015380859375,17.673080444335938,17.00476074218747
26.34453781512605,0.008403361344537815,207.73086547851562,196.9060287475586,17.68939208984375,16.98832702636713
26.352941176470587,0.008403361344537815,207.7327880859375,196.91687774658203,17.612091064453153,17.00071716308591
26.361344537815125,0.008403361344537815,207.7240753173828,196.92699432373047,17.61962890625,16.97135925292966
26.3781512605042,0.008403361344537815,207.74012756347656,196.93496704101562,17.64648437500003,16.970733642578068
26.386554621848738,0.008403361344537815,207.7160110473633,196.98673248291016,17.609817504882812,17.035842895507812
26.394957983193276,0.008403361344537815,207.7006072998047,196.93140411376953,17.66888427734378,16.973892211914034
26.428571428571427,0.008403361344537815,207.73113250732422,196.91905975341797,17.580215454101506,16.980880737304716
26.45378151260504,0.008403361344537815,207.6538543701172,196.94097900390625,17.670989990234347,17.018280029296875
26.462184873949578,0.008403361344537815,207.6868896484375,196.90265655517578,17.56414794921878,16.993392944335994
26.521008403361346,0.008403361344537815,207.6988525390625,197.00057220458984,17.560485839843835,17.070083618164034
26.529411764705884,0.008403361344537815,207.68970489501953,196.9907455444336,17.585006713867216,17.059951782226534
26.537815126050422,0.008403361344537815,207.6974868774414,196.9279022216797,17.708267211914062,17.01330566406247
26.54621848739496,0.008403361344537815,207.72510528564453,196.93120574951172,17.676498413085966,17.02543640136716
26.554621848739497,0.008403361344537815,207.66634368896484,196.99234771728516,17.59062194824216,17.077621459960966
26.563025210084035,0.008403361344537815,207.7020263671875,196.9250030517578,17.614318847656307,16.971649169921847
26.571428571428573,0.008403361344537815,207.72181701660156,196.98362731933594,17.548980712890568,17.06756591796875
26.57983193277311,0.008403361344537815,207.6788101196289,196.92189025878906,17.68666076660162,17.004547119140625
26.58823529411765,0.008403361344537815,207.6981201171875,196.98343658447266,17.587432861328153,17.04786682128912
26.596638655462186,0.008403361344537815,207.7014389038086,196.98342895507812,17.60978698730463,17.03497314453125
26.605042016806724,0.008403361344537815,207.7199935913086,196.98258209228516,17.54554748535159,17.058761596679716
26.613445378151262,0.008403361344537815,207.71942138671875,196.9100799560547,17.610168457031307,16.983673095703097
26.6218487394958,0.008403361344537815,207.68041229248047,196.9275360107422,17.68305969238284,16.99865722656247
26.630252100840337,0.008403361344537815,207.69350433349607,196.92002868652344,17.674728393554688,16.9365234375
26.638655462184875,0.008403361344537815,207.7193374633789,196.98269653320312,17.547622680664034,17.058837890624943
26.647058823529413,0.008403361344537815,207.7141342163086,196.99473571777344,17.56709289550784,17.091827392578125
26.65546218487395,0.008403361344537815,207.70836639404297,196.93187713623047,17.676223754882812,17.000045776367216
26.66386554621849,0.008403361344537815,207.72154998779297,196.94668579101562,17.61280822753909,17.053192138671847
26.672268907563026,0.008403361344537815,207.73068237304688,196.98915100097656,17.584197998046847,17.069305419921903
26.680672268907564,0.008403361344537815,207.70581817626953,196.9992446899414,17.61747741699216,17.024185180664062
26.689075630252102,0.008403361344537815,207.71353912353516,196.9557647705078,17.63999938964841,16.95751953125
26.69747899159664,0.008403361344537815,207.7823028564453,196.97049713134766,17.6024169921875,16.994186401367216
26.705882352941178,0.008403361344537815,207.75647735595703,196.95152282714844,17.623153686523438,16.973846435546847
26.714285714285715,0.008403361344537815,207.7357940673828,196.95484924316403,17.594726562500057,16.965728759765625
26.722689075630253,0.008403361344537815,207.74908447265625,196.89217376708984,17.631072998046875,17.057266235351534
26.73109243697479,0.008403361344537815,207.70856475830078,196.9451675415039,17.59205627441409,16.973129272460994
26.73949579831933,0.008403361344537815,207.73831939697266,196.88737487792972,17.66532897949213,17.007080078125
26.747899159663866,0.008403361344537815,207.72379302978516,196.89056396484375,17.631607055664006,17.015441894531165
26.756302521008404,0.008403361344537815,207.7234344482422,196.91888427734372,17.66284179687497,17.049774169921932
26.764705882352942,0.008403361344537815,207.7656478881836,196.87310028076172,17.61268615722659,17.12287902832034
26.77310924369748,0.008403361344537815,207.8073425292969,196.89202880859375,17.63128662109375,16.97314453125
26.781512605042018,0.008403361344537815,207.7313003540039,196.92623138427734,17.66246032714841,17.07371520996091
26.789915966386555,0.008403361344537815,207.73985290527344,196.90294647216797,17.654693603515653,17.025192260742216
26.798319327731093,0.008403361344537815,207.75221252441406,197.01858520507812,17.55120849609372,17.03216552734378
26.80672268907563,0.008403361344537815,207.75017547607422,197.01500701904297,17.603012084960938,17.057540893554688
26.81512605042017,0.008403361344537815,207.75692749023438,196.94995880126953,17.580017089843693,17.010910034179716
26.823529411764707,0.008403361344537815,207.79369354248044,196.9205093383789,17.640304565429744,16.897811889648466
26.831932773109244,0.008403361344537815,207.78136444091797,196.919677734375,17.600021362304716,17.068878173828097
26.840336134453782,0.008403361344537815,207.77693176269534,196.88446807861328,17.72412109375,17.041061401367216
26.84873949579832,0.008403361344537815,207.7493667602539,196.95155334472656,17.57353210449216,16.98059082031253
26.857142857142858,0.008403361344537815,207.78089904785156,196.90841674804685,17.59826660156253,17.067321777343807
26.865546218487395,0.008403361344537815,207.74266815185547,196.86405944824216,17.69313049316412,17.06658935546875
26.873949579831933,0.008403361344537815,207.7568130493164,196.9552001953125,17.54737854003909,16.97644042968747
26.88235294117647,0.008403361344537815,207.75927734375,196.95323944091797,17.608062744140625,17.001052856445398
26.89075630252101,0.008403361344537815,207.79698944091797,196.92285919189453,17.63642883300784,16.90055847167966
26.899159663865547,0.008403361344537815,207.76649475097656,196.8961181640625,17.69799804687503,17.052337646484375
26.907563025210084,0.008403361344537815,207.76866149902344,196.8800506591797,17.678680419921903,17.02807617187497
26.915966386554622,0.008403361344537815,207.77327728271484,196.87413024902344,17.60063171386716,17.048614501953153
26.92436974789916,0.008403361344537815,207.7620849609375,196.89441680908203,17.589080810546847,17.03181457519534
26.932773109243698,0.008403361344537815,207.77367401123047,196.88406372070312,17.64210510253909,17.018798828125
26.941176470588236,0.008403361344537815,207.84075164794922,196.8984832763672,17.750259399414034,17.0152587890625
26.949579831932773,0.008403361344537815,207.78423309326172,196.88098907470703,17.709091186523494,16.999008178710938
26.95798319327731,0.008403361344537815,207.81451416015625,196.89614868164062,17.706512451171847,17.052429199218807
26.96638655462185,0.008403361344537815,207.80411529541016,196.89454650878906,17.722030639648466,17.028839111328125
26.974789915966387,0.008403361344537815,207.7512969970703,196.91528320312503,17.683746337890653,17.02996826171875
26.983193277310924,0.008403361344537815,207.80614471435547,196.9205780029297,17.619918823242244,17.051513671875
26.991596638655462,0.008403361344537815,207.7584991455078,196.8964996337891,17.650726318359403,17.053527832031193
27.0,0.008403361344537815,207.76943969726562,196.8809051513672,17.608428955078125,17.0615234375
27.008403361344538,0.008403361344537815,207.79247283935547,196.9179916381836,17.626510620117244,16.97630310058591
27.016806722689076,0.008403361344537815,207.761474609375,196.88894653320312,17.5994873046875,17.026824951171875
27.025210084033613,0.008403361344537815,207.74299621582028,196.87981414794922,17.628143310546932,16.96046447753909
27.03361344537815,0.008403361344537815,207.74552154541016,196.95157623291016,17.661880493164034,17.076339721679688
27.04201680672269,0.008403361344537815,207.79437255859375,196.96157836914062,17.670867919921847,17.060577392578153
27.050420168067227,0.008403361344537815,207.7797393798828,196.93828582763672,17.67102050781253,17.070877075195256
27.058823529411764,0.008403361344537815,207.81726837158203,196.8988265991211,17.664077758789062,16.96022033691409
27.084033613445378,0.008403361344537815,207.72333526611328,196.89999389648438,17.63789367675784,17.058441162109403
27.092436974789916,0.008403361344537815,207.72393035888672,196.91574096679688,17.691604614257812,16.998687744140597
27.100840336134453,0.008403361344537815,207.77141571044922,196.94265747070312,17.59733581542963,17.068572998046875
27.10924369747899,0.008403361344537815,207.70266723632812,196.90924835205078,17.637725830078125,17.022018432617188
27.11764705882353,0.008403361344537815,207.7574920654297,196.93971252441406,17.613037109375,17.0675048828125
27.134453781512605,0.008403361344537815,207.7472915649414,196.8998031616211,17.582382202148352,17.05110168457037
27.142857142857142,0.008403361344537815,207.73666381835938,197.00872802734375,17.52282714843747,16.99707031250003
27.15126050420168,0.008403361344537815,207.7353057861328,196.96185302734375,17.57110595703128,17.064453125000057
27.159663865546218,0.008403361344537815,207.7516098022461,196.90070343017578,17.56489562988287,17.029403686523438
27.168067226890756,0.008403361344537815,207.77247619628903,196.94278717041016,17.58270263671875,17.086288452148438
27.176470588235293,0.008403361344537815,207.76570892333984,196.92135620117188,17.602371215820312,17.082977294921847
27.18487394957983,0.008403361344537815,207.74274444580078,196.90451049804685,17.598953247070256,17.011474609375
27.19327731092437,0.008403361344537815,207.7430419921875,196.9272232055664,17.650299072265597,17.058273315429744
27.201680672268907,0.008403361344537815,207.7793426513672,196.90907287597656,17.55743408203128,17.049346923828125
27.210084033613445,0.008403361344537815,207.77379608154297,196.8492660522461,17.64207458496091,16.931442260742188
27.218487394957982,0.008403361344537815,207.75081634521484,196.9120330810547,17.621627807617216,17.05072021484375
27.22689075630252,0.008403361344537815,207.74685668945312,196.91544342041016,17.631225585937557,17.05070495605463
27.235294117647058,0.008403361344537815,207.78369140625,196.92833709716797,17.539031982421903,17.041946411132784
27.243697478991596,0.008403361344537815,207.75028228759766,196.98596954345703,17.51496887207034,17.016006469726562
27.252100840336134,0.008403361344537815,207.7937774658203,196.95803833007812,17.58599853515622,17.09881591796878
27.26050420168067,0.008403361344537815,207.77011108398438,196.98137664794922,17.50689697265628,17.03965759277341
27.26890756302521,0.008403361344537815,207.77810668945312,196.93014526367188,17.53118896484375,17.005828857421903
27.277310924369747,0.008403361344537815,207.7315216064453,196.97956085205078,17.582244873046932,17.106307983398438
27.285714285714285,0.008403361344537815,207.78143310546875,196.95789337158203,17.570404052734375,17.12232971191412
27.294117647058822,0.008403361344537815,207.75623321533203,196.99441528320312,17.599563598632784,17.12402343750003
27.30252100840336,0.008403361344537815,207.77470397949216,196.99327850341797,17.521240234375,17.029159545898438
27.310924369747898,0.008403361344537815,207.7716064453125,196.92735290527344,17.57025146484375,17.016143798828097
27.319327731092436,0.008403361344537815,207.77104949951172,196.91749572753906,17.584060668945312,16.99224853515628
27.327731092436974,0.008403361344537815,207.75254821777344,196.96460723876953,17.57202148437503,16.965652465820284
27.33613445378151,0.008403361344537815,207.76019287109375,196.9612045288086,17.580688476562443,17.071243286132812
27.34453781512605,0.008403361344537815,207.7350845336914,196.8941421508789,17.57038879394534,17.161117553710938
27.352941176470587,0.008403361344537815,207.73843383789062,196.99392700195312,17.566436767578068,17.004852294921903
27.361344537815125,0.008403361344537815,207.71804046630857,196.94281005859375,17.651931762695312,17.01593017578128
27.369747899159663,0.008403361344537815,207.72957611083984,197.0075912475586,17.462600708007784,17.019912719726562
27.3781512605042,0.008403361344537815,207.71319580078125,196.96990203857422,17.588470458984347,17.063400268554716
27.386554621848738,0.008403361344537815,207.7110595703125,196.99755859375,17.55090332031253,17.096374511718665
27.394957983193276,0.008403361344537815,207.71237182617188,196.9836883544922,17.519683837890597,17.171295166015597
27.403361344537814,0.008403361344537815,207.7230453491211,197.0031509399414,17.479354858398466,17.16883850097659
27.41176470588235,0.008403361344537815,207.7175064086914,197.00688934326172,17.536697387695312,17.177169799804688
27.42016806722689,0.008403361344537815,207.7215576171875,196.9872589111328,17.538543701171847,17.198822021484375
27.428571428571427,0.008403361344537815,207.72924041748047,197.0067138671875,17.526962280273466,17.18511962890628
27.436974789915965,0.008403361344537815,207.7169418334961,197.0058364868164,17.491073608398466,17.16526794433591
27.445378151260503,0.008403361344537815,207.69536590576172,196.96279907226562,17.528732299804716,17.162933349609403
27.45378151260504,0.008403361344537815,207.68177795410156,196.9650421142578,17.60449218750003,17.13623046875
27.462184873949578,0.008403361344537815,207.68177032470703,196.93069458007812,17.688919067382784,17.02075195312503
27.470588235294116,0.008403361344537815,207.70804595947266,196.91746520996094,17.58448791503909,17.07696533203122
27.478991596638654,0.008403361344537815,207.70008087158203,196.91240692138672,17.596328735351534,17.091415405273494
27.48739495798319,0.008403361344537815,207.6580810546875,196.91759490966797,17.613525390624943,17.001022338867216
27.49579831932773,0.008403361344537815,207.6703338623047,196.87639617919922,17.634429931640597,17.05769348144537
27.50420168067227,0.008403361344537815,207.73727416992188,196.95507049560547,17.565277099609375,17.024734497070312
27.51260504201681,0.008403361344537815,207.75702667236325,196.94839477539062,17.610244750976562,17.048370361328068
27.529411764705884,0.008403361344537815,207.74624633789062,196.96328735351562,17.60516357421878,17.07678222656253
27.537815126050422,0.008403361344537815,207.7673263549805,196.92144775390625,17.582199096679688,17.09692382812503
27.54621848739496,0.008403361344537815,207.7444839477539,196.8805923461914,17.607894897460938,17.010421752929716
27.554621848739497,0.008403361344537815,207.76165008544922,196.93193817138672,17.617935180664034,17.09480285644534
27.563025210084035,0.008403361344537815,207.72754669189453,196.95610809326172,17.586532592773466,17.07905578613284
27.571428571428573,0.008403361344537815,207.76865386962893,196.9332046508789,17.581008911132812,17.123580932617244
27.57983193277311,0.008403361344537815,207.71473693847656,196.98040771484375,17.561279296875,17.064849853515597
27.58823529411765,0.008403361344537815,207.76489257812503,196.91845703125,17.580352783203125,17.030853271484432
27.596638655462186,0.008403361344537815,207.7377471923828,196.94701385498047,17.58288574218747,17.097152709960966
27.605042016806724,0.008403361344537815,207.77622985839847,196.9408950805664,17.591583251953125,17.10768127441409
27.613445378151262,0.008403361344537815,207.7767562866211,196.93739318847656,17.56141662597659,16.980987548828153
27.6218487394958,0.008403361344537815,207.7127532958984,196.9714813232422,17.56915283203125,17.078338623046847
27.630252100840337,0.008403361344537815,207.75923919677737,196.8622055053711,17.631668090820312,16.970443725585938
27.647058823529413,0.008403361344537815,207.71802520751953,197.00495147705078,17.561447143554688,17.046768188476562
27.65546218487395,0.008403361344537815,207.73463439941406,196.9953842163086,17.55291748046875,16.98329162597659
27.66386554621849,0.008403361344537815,207.77117919921875,196.99288177490234,17.523254394531335,17.02577209472659
27.672268907563026,0.008403361344537815,207.75748443603516,196.92918395996094,17.62483215332037,17.1009521484375
27.680672268907564,0.008403361344537815,207.78555297851562,196.90245056152344,17.63989257812503,17.057525634765682
27.689075630252102,0.008403361344537815,207.73839569091797,196.9925079345703,17.569747924804688,17.020721435546903
27.69747899159664,0.008403361344537815,207.76105499267578,196.91896057128906,17.63890075683591,16.942535400390682
27.705882352941178,0.008403361344537815,207.7570037841797,196.9300308227539,17.62799072265628,17.082321166992188
27.714285714285715,0.008403361344537815,207.75975036621094,196.9441375732422,17.629760742187557,17.08685302734378
27.722689075630253,0.008403361344537815,207.77240753173828,196.85232543945312,17.649185180664006,16.96832275390622
27.73109243697479,0.008403361344537815,207.7168426513672,196.92930603027344,17.5853271484375,16.96569824218747
27.73949579831933,0.008403361344537815,207.75829315185547,196.93015289306638,17.628952026367188,17.08631896972662
27.747899159663866,0.008403361344537815,207.71161651611328,196.98499298095703,17.542739868164006,17.06813049316409
27.756302521008404,0.008403361344537815,207.7381362915039,196.8780288696289,17.64872741699216,17.038589477539034
27.764705882352942,0.008403361344537815,207.70729064941406,196.97967529296875,17.557769775390653,17.11743164062503
27.77310924369748,0.008403361344537815,207.73365020751953,196.91510009765625,17.55805969238284,17.04199218750003
27.781512605042018,0.008403361344537815,207.7265625,196.89373779296875,17.572845458984403,17.017333984375
27.789915966386555,0.008403361344537815,207.68187713623047,196.89270782470703,17.674362182617244,17.007431030273438
27.798319327731093,0.008403361344537815,207.705078125,196.9057846069336,17.589385986328153,17.10011291503912
27.80672268907563,0.008403361344537815,207.6954345703125,196.90914154052734,17.654083251953125,17.01432800292966
27.81512605042017,0.008403361344537815,207.68695831298828,196.9084014892578,17.659713745117216,17.01257324218747
27.823529411764707,0.008403361344537815,207.67832946777344,196.90924835205078,17.60760498046872,16.99241638183591
27.831932773109244,0.008403361344537815,207.7097396850586,196.98273468017578,17.55442810058591,17.093795776367216
27.840336134453782,0.008403361344537815,207.69673919677734,196.98507690429688,17.54887390136713,17.10913085937503
27.84873949579832,0.008403361344537815,207.78792572021484,196.92633056640625,17.58464050292963,17.053741455078153
27.857142857142858,0.008403361344537815,207.7603759765625,196.94418334960938,17.602569580078153,17.107727050781165
27.865546218487395,0.008403361344537815,207.73389434814453,196.9156494140625,17.614028930664034,17.06390380859375
27.873949579831933,0.008403361344537815,207.73572540283203,196.96629333496094,17.57234191894534,17.078582763671903
27.88235294117647,0.008403361344537815,207.73797607421875,196.94384765625,17.62908935546878,17.11334228515625
27.89075630252101,0.008403361344537815,207.73001861572263,196.95845794677737,17.61903381347662,17.09648132324213
27.899159663865547,0.008403361344537815,207.75328826904297,196.91344451904297,17.638656616210938,16.918045043945312
27.907563025210084,0.008403361344537815,207.7342529296875,196.9664535522461,17.577911376953097,17.06681823730463
27.915966386554622,0.008403361344537815,207.70185089111328,196.89549255371094,17.658950805664062,17.00952148437497
27.92436974789916,0.008403361344537815,207.68634033203125,196.9388885498047,17.639862060546875,17.02111816406247
27.932773109243698,0.008403361344537815,207.66255950927734,196.92469787597656,17.659194946289006,17.016815185546903
27.941176470588236,0.008403361344537815,207.72064208984375,196.9299545288086,17.54241943359378,17.036727905273438
27.949579831932773,0.008403361344537815,207.72174835205078,196.93521881103516,17.655014038085938,17.053237915039062
27.95798319327731,0.008403361344537815,207.7401809692383,196.99164581298828,17.529861450195312,17.16975402832034
27.96638655462185,0.008403361344537815,207.7075958251953,196.95201873779297,17.593780517578153,17.07304382324216
27.974789915966387,0.008403361344537815,207.7255630493164,197.02540588378906,17.49082946777341,17.1937255859375
27.983193277310924,0.008403361344537815,207.7127456665039,197.02288818359375,17.542617797851534,17.13220214843753
27.991596638655462,0.008403361344537815,207.69901275634766,197.01388549804688,17.523666381836023,17.119140625
28.0,0.008403361344537815,207.69876861572268,197.02151489257812,17.578201293945312,17.031158447265653
28.008403361344538,0.008403361344537815,207.6778106689453,196.9366226196289,17.665832519531307,17.001876831054716
28.016806722689076,0.008403361344537815,207.69025421142578,196.92310333251953,17.688796997070284,17.053298950195312
28.025210084033613,0.008403361344537815,207.67345428466797,196.97913360595703,17.654220581054716,17.060989379882756
28.03361344537815,0.008403361344537815,207.7262954711914,196.90947723388672,17.63050842285159,17.055282592773466
28.04201680672269,0.008403361344537815,207.6438217163086,196.91937255859375,17.619277954101562,16.995635986328097
28.050420168067227,0.008403361344537815,207.6837387084961,197.01607513427734,17.59980773925784,17.087661743164062
28.058823529411764,0.008403361344537815,207.69474029541016,196.9714584350586,17.574691772460994,17.159378051757812
28.067226890756302,0.008403361344537815,207.6893768310547,196.93223571777344,17.662719726562557,16.98443603515622
28.07563025210084,0.008403361344537815,207.69580841064456,196.9933624267578,17.561721801757756,17.093170166015625
28.084033613445378,0.008403361344537815,207.6755828857422,196.94615936279297,17.634460449218807,17.013992309570398
28.092436974789916,0.008403361344537815,207.71238708496094,196.93124389648438,17.64849853515625,17.008270263671903
28.100840336134453,0.008403361344537815,207.6859130859375,196.93515014648438,17.591949462890653,16.983062744140625
28.10924369747899,0.008403361344537815,207.68352508544922,196.9778823852539,17.580215454101562,17.017745971679688
28.11764705882353,0.008403361344537815,207.6954116821289,196.91036987304688,17.662521362304716,17.01379394531253
28.126050420168067,0.008403361344537815,207.71381378173828,196.904541015625,17.59468078613284,16.96466064453128
28.134453781512605,0.008403361344537815,207.67670440673828,196.90887451171875,17.697250366210938,16.991485595703125
28.142857142857142,0.008403361344537815,207.63648986816406,196.9078369140625,17.625518798828125,17.019439697265625
28.15126050420168,0.008403361344537815,207.67510986328125,196.91720581054688,17.69897460937497,16.957061767578153
28.159663865546218,0.008403361344537815,207.67910003662107,196.9059600830078,17.733139038085994,16.972930908203153
28.168067226890756,0.008403361344537815,207.68153381347656,196.90798950195312,17.68731689453125,17.017547607421875
28.176470588235293,0.008403361344537815,207.65927124023438,196.94898223876956,17.65100097656253,16.974899291992188
28.18487394957983,0.008403361344537815,207.68679046630857,196.9471206665039,17.664291381835938,17.00318908691409
28.19327731092437,0.008403361344537815,207.6912384033203,196.99917602539062,17.599304199218807,17.074432373046875
28.201680672268907,0.008403361344537815,207.75496673583984,196.91448974609375,17.588027954101562,17.01019287109375
28.210084033613445,0.008403361344537815,207.71749877929688,196.95484161376953,17.636260986328068,16.978042602539034
28.218487394957982,0.008403361344537815,207.68069458007812,196.95913696289062,17.59698486328128,16.996551513671847
28.22689075630252,0.008403361344537815,207.73334503173828,196.9012680053711,17.60069274902341,16.972030639648438
28.235294117647058,0.008403361344537815,207.74022674560547,196.99747467041016,17.590438842773466,17.02598571777341
28.243697478991596,0.008403361344537815,207.7437286376953,196.90631103515625,17.610137939453125,16.99749755859375
28.252100840336134,0.008403361344537815,207.74675750732422,196.91020965576172,17.62623596191409,16.928054809570284
28.26050420168067,0.008403361344537815,207.71460723876953,196.9975128173828,17.571121215820284,17.06585693359375
28.26890756302521,0.008403361344537815,207.73053741455075,196.9959259033203,17.560897827148438,17.04443359374997
28.277310924369747,0.008403361344537815,207.73282623291016,196.88320922851562,17.629623413085852,16.960906982421875
28.285714285714285,0.008403361344537815,207.7636795043945,196.92644500732422,17.571090698242244,16.993453979492188
28.294117647058822,0.008403361344537815,207.74153900146484,196.93062591552734,17.59239196777341,16.95909118652341
28.30252100840336,0.008403361344537815,207.7335205078125,196.9140396118164,17.63595581054679,16.934188842773466
28.310924369747898,0.008403361344537815,207.69495391845706,196.98075103759766,17.563003540039062,17.070114135742216
28.319327731092436,0.008403361344537815,207.77223205566406,196.94965362548828,17.57769775390625,16.98158264160159
28.327731092436974,0.008403361344537815,207.67660522460938,196.9250946044922,17.591461181640597,17.005126953125
28.33613445378151,0.008403361344537815,207.7164764404297,196.94036102294922,17.67968749999997,17.006179809570256
28.34453781512605,0.008403361344537815,207.72721099853516,196.91525268554688,17.703353881835938,16.981964111328097
28.352941176470587,0.008403361344537815,207.7068099975586,196.93128967285156,17.678085327148466,17.009429931640597
28.361344537815125,0.008403361344537815,207.7550811767578,196.97183227539062,17.61572265625,16.96490478515628
28.369747899159663,0.008403361344537815,207.72100067138672,196.93036651611328,17.680038452148494,17.00154113769534
28.3781512605042,0.008403361344537815,207.7387619018555,197.0177001953125,17.543411254882812,17.00976562500003
28.386554621848738,0.008403361344537815,207.7552719116211,196.9384002685547,17.570724487304716,16.9638671875
28.394957983193276,0.008403361344537815,207.78385162353516,196.9876251220703,17.52592468261716,16.999694824218693
28.41176470588235,0.008403361344537815,207.75733184814453,196.89470672607422,17.619796752929688,16.948989868164034
28.42016806722689,0.008403361344537815,207.7326126098633,197.01599884033203,17.548019409179688,17.062637329101506
28.428571428571427,0.008403361344537815,207.71648406982422,197.00817108154297,17.56706237792966,17.075393676757812
28.436974789915965,0.008403361344537815,207.7627182006836,197.03104400634766,17.524887084960966,17.01634216308591
28.445378151260503,0.008403361344537815,207.7322006225586,196.99050903320312,17.56364440917966,16.996307373046875
28.45378151260504,0.008403361344537815,207.68362426757812,196.95111083984375,17.60888671875,17.018096923828153
28.462184873949578,0.008403361344537815,207.73785400390625,196.9120101928711,17.654510498046847,16.947952270507784
28.470588235294116,0.008403361344537815,207.7154541015625,197.0146255493164,17.527313232421875,17.08818054199213
28.478991596638654,0.008403361344537815,207.72376251220703,197.00318145751953,17.579055786132812,17.067459106445312
28.48739495798319,0.008403361344537815,207.7707977294922,196.9711685180664,17.518920898437557,17.01054382324216
28.49579831932773,0.008403361344537815,207.70293426513672,197.00748443603516,17.58149719238284,17.077590942382812
28.50420168067227,0.008403361344537815,207.7188491821289,197.01390838623047,17.590896606445284,17.063430786132812
28.51260504201681,0.008403361344537815,207.72035217285156,196.92742919921875,17.64477539062497,16.97705078125003
28.521008403361346,0.008403361344537815,207.73229217529297,196.97631072998047,17.58595275878909,16.968460083007812
28.529411764705884,0.008403361344537815,207.74475860595703,196.96141052246094,17.574722290039062,17.00384521484372
28.537815126050422,0.008403361344537815,207.7147445678711,197.0193862915039,17.585922241210938,17.044784545898466
28.54621848739496,0.008403361344537815,207.68267059326172,196.9891357421875,17.583633422851534,17.057525634765568
28.554621848739497,0.008403361344537815,207.73755645751953,196.90003204345703,17.663436889648466,16.924209594726534
28.563025210084035,0.008403361344537815,207.71128082275388,196.99574279785156,17.540756225585994,17.06085205078125
28.571428571428573,0.008403361344537815,207.74567413330078,197.03248596191406,17.536483764648438,17.040802001953153
28.57983193277311,0.008403361344537815,207.73871612548828,196.98458862304685,17.597274780273466,16.987670898437557
28.58823529411765,0.008403361344537815,207.76470184326172,196.95822143554688,17.579666137695312,16.954681396484347
28.596638655462186,0.008403361344537815,207.7609405517578,196.8656005859375,17.688690185546875,16.934234619140597
28.605042016806724,0.008403361344537815,207.72862243652344,196.9782257080078,17.62469482421875,17.006378173828182
28.613445378151262,0.008403361344537815,207.686767578125,196.9523468017578,17.622161865234347,17.00689697265625
28.6218487394958,0.008403361344537815,207.75585174560547,196.93657684326172,17.59245300292963,16.98844909667966
28.630252100840337,0.008403361344537815,207.73873138427734,196.88270568847656,17.675643920898466,16.93154907226554
28.638655462184875,0.008403361344537815,207.68895721435547,196.9415512084961,17.62486267089841,16.983779907226648
28.647058823529413,0.008403361344537815,207.75283813476562,196.9466781616211,17.586761474609432,16.97572326660159
28.65546218487395,0.008403361344537815,207.70587921142578,196.93473052978516,17.66014099121088,17.038711547851562
28.66386554621849,0.008403361344537815,207.7391128540039,196.9040298461914,17.64390563964841,16.91651916503909
28.672268907563026,0.008403361344537815,207.7554626464844,196.9071502685547,17.623535156249943,17.00823974609375
28.680672268907564,0.008403361344537815,207.76667022705078,196.89979553222656,17.603958129882812,17.021789550781193
28.689075630252102,0.008403361344537815,207.709716796875,196.88922882080078,17.593719482421818,17.000564575195284
28.69747899159664,0.008403361344537815,207.7537841796875,196.90188598632812,17.672302246093693,17.001373291015625
28.705882352941178,0.008403361344537815,207.71721649169922,196.8969955444336,17.686996459960966,16.986465454101534
28.714285714285715,0.008403361344537815,207.73428344726562,196.9080581665039,17.687652587890682,16.976119995117188
28.722689075630253,0.008403361344537815,207.7722396850586,196.927001953125,17.651229858398466,17.056396484375
28.73109243697479,0.008403361344537815,207.74060821533203,196.9004364013672,17.692977905273438,17.00299072265625
28.73949579831933,0.008403361344537815,207.7730941772461,196.9076385498047,17.639205932617244,16.990295410156193
28.747899159663866,0.008403361344537815,207.7129364013672,196.87989807128906,17.710479736328097,16.963531494140653
28.756302521008404,0.008403361344537815,207.76837158203125,196.90438079833984,17.60089111328122,17.025772094726562
28.764705882352942,0.008403361344537815,207.76956939697266,196.92139434814453,17.633163452148466,17.051925659179744
28.77310924369748,0.008403361344537815,207.75890350341797,196.920654296875,17.664718627929688,16.98809814453125
28.781512605042018,0.008403361344537815,207.68421936035156,196.94558715820312,17.6260986328125,17.02392578125003
28.789915966386555,0.008403361344537815,207.7696533203125,196.91312408447266,17.64459228515622,16.97380065917966
28.798319327731093,0.008403361344537815,207.78793334960938,196.9213409423828,17.646636962890653,17.022369384765682
28.80672268907563,0.008403361344537815,207.76577758789062,196.92295837402344,17.677032470703153,16.98626708984372
28.81512605042017,0.008403361344537815,207.75569915771484,196.89901733398438,17.653762817382756,16.989227294921875
28.823529411764707,0.008403361344537815,207.78041076660156,196.89022827148438,17.610870361328097,16.990325927734403
28.831932773109244,0.008403361344537815,207.75823211669922,196.81723022460938,17.704971313476506,16.938720703124943
28.840336134453782,0.008403361344537815,207.76608276367188,196.9198989868164,17.66522216796875,17.063919067382812
28.84873949579832,0.008403361344537815,207.8009490966797,196.91839599609375,17.657562255859347,17.04241943359378
28.857142857142858,0.008403361344537815,207.74180603027344,196.93650817871094,17.640808105468807,17.073028564453182
28.865546218487395,0.008403361344537815,207.80573272705078,196.87163543701172,17.68928527832034,16.91673278808591
28.873949579831933,0.008403361344537815,207.7776336669922,196.974365234375,17.57739257812503,16.99688720703125
28.88235294117647,0.008403361344537815,207.82076263427734,196.9413604736328,17.593368530273438,16.943420410156165
28.89075630252101,0.008403361344537815,207.7693328857422,196.9762954711914,17.563568115234432,17.02491760253909
28.899159663865547,0.008403361344537815,207.7381820678711,196.95391845703125,17.53157043457034,16.993011474609375
28.907563025210084,0.008403361344537815,207.71863555908203,196.92475128173828,17.63459777832034,16.939376831054688
28.915966386554622,0.008403361344537815,207.76605224609375,196.90959930419922,17.63995361328128,17.02366638183591
28.92436974789916,0.008403361344537815,207.7200698852539,196.92721557617188,17.62400817871091,16.910919189453097
28.932773109243698,0.008403361344537815,207.70510864257812,196.9735107421875,17.577728271484375,17.02465820312497
28.941176470588236,0.008403361344537815,207.72768402099612,196.9544906616211,17.62907409667963,17.069229125976534
28.949579831932773,0.008403361344537815,207.7112045288086,196.98261260986328,17.62702941894534,16.961959838867216
28.95798319327731,0.008403361344537815,207.74335479736328,196.94258880615234,17.616683959960994,16.937515258789062
28.96638655462185,0.008403361344537815,207.72556304931643,196.97663879394534,17.61003112792963,17.076965332031193
28.974789915966387,0.008403361344537815,207.7045669555664,196.91748809814453,17.680404663085938,17.009262084960938
28.983193277310924,0.008403361344537815,207.73680877685547,196.90721893310547,17.613265991210938,17.010574340820398
28.991596638655462,0.008403361344537815,207.69554138183594,196.98137664794922,17.62188720703122,17.077835083007812
29.0,0.008403361344537815,207.7494888305664,196.88968658447266,17.580245971679716,17.04554748535159
29.008403361344538,0.008403361344537815,207.7516632080078,196.89028930664062,17.58605957031253,17.040618896484347
29.016806722689076,0.008403361344537815,207.72865295410156,196.92333221435547,17.589233398437557,16.996688842773438
29.025210084033613,0.008403361344537815,207.7228012084961,196.9263916015625,17.566848754882812,17.029876708984375
29.03361344537815,0.008403361344537815,207.6801300048828,196.9013519287109,17.662567138671903,17.045349121093807
29.04201680672269,0.008403361344537815,207.72870635986328,196.9273681640625,17.63789367675784,16.999603271484347
29.050420168067227,0.008403361344537815,207.68802642822266,196.90643310546875,17.698776245117188,16.973236083984347
29.058823529411764,0.008403361344537815,207.7002182006836,196.92891693115232,17.62687683105466,17.054611206054744
29.067226890756302,0.008403361344537815,207.71598052978516,196.88763427734375,17.66871643066409,17.046844482421875
29.07563025210084,0.008403361344537815,207.67992401123047,196.89868927001953,17.663803100585966,17.03752136230463
29.084033613445378,0.008403361344537815,207.72256469726562,196.93365478515625,17.6546630859375,17.015289306640568
29.092436974789916,0.008403361344537815,207.73715209960938,196.9212646484375,17.67535400390622,16.995147705078125
29.100840336134453,0.008403361344537815,207.73558807373047,196.91622924804685,17.65577697753909,17.016998291015682
29.10924369747899,0.008403361344537815,207.76004791259766,196.98351287841797,17.59266662597659,17.057815551757812
29.11764705882353,0.008403361344537815,207.7583770751953,196.96019744873047,17.635467529296903,17.018936157226562
29.126050420168067,0.008403361344537815,207.73216247558594,197.00550842285156,17.578033447265653,17.064605712890625
29.134453781512605,0.008403361344537815,207.75682067871094,196.90745544433594,17.64984130859378,17.034637451171875
29.142857142857142,0.008403361344537815,207.75393676757812,196.95738220214844,17.58221435546878,17.00433349609378
29.15126050420168,0.008403361344537815,207.740966796875,196.87425994873044,17.65551757812503,17.03974914550787
29.159663865546218,0.008403361344537815,207.76311492919922,196.87767028808594,17.618209838867188,17.04101562499997
29.168067226890756,0.008403361344537815,207.77320861816406,196.88045501708984,17.60186767578125,17.036972045898466
29.176470588235293,0.008403361344537815,207.78309631347656,196.8700408935547,17.683227539062443,17.018585205078097
29.18487394957983,0.008403361344537815,207.78931427001953,196.8850326538086,17.61418151855466,17.14109802246091
29.19327731092437,0.008403361344537815,207.75482940673828,196.83993530273438,17.710220336914006,16.912567138671847
29.201680672268907,0.008403361344537815,207.76914978027344,196.88581085205078,17.61572265625,17.036392211914034
29.210084033613445,0.008403361344537815,207.79542541503906,196.87850189208984,17.717834472656193,17.043930053710938
29.218487394957982,0.008403361344537815,207.79044342041016,196.86141967773438,17.592208862304688,16.991241455078153
29.22689075630252,0.008403361344537815,207.76692962646484,196.8574981689453,17.65992736816412,17.04687500000003
29.235294117647058,0.008403361344537815,207.77832794189453,196.87493896484375,17.58900451660159,17.031646728515682
29.243697478991596,0.008403361344537815,207.8100814819336,196.88384246826172,17.726089477539034,17.00630187988284
29.252100840336134,0.008403361344537815,207.7944564819336,196.90518188476562,17.647720336914006,16.96197509765628
29.26050420168067,0.008403361344537815,207.74471282958984,196.82542419433594,17.58802795410159,17.123016357421875
29.26890756302521,0.008403361344537815,207.77283477783203,196.86713409423828,17.59123229980463,17.07301330566412
29.277310924369747,0.008403361344537815,207.78106689453125,196.87368774414062,17.69207763671875,16.989990234374943
29.285714285714285,0.008403361344537815,207.77369689941406,196.89207458496094,17.689483642578153,17.02520751953128
29.294117647058822,0.008403361344537815,207.78659057617188,196.8783721923828,17.723907470703182,17.03265380859372
29.30252100840336,0.008403361344537815,207.75502014160156,196.85302734375,17.7232666015625,16.94525146484372
29.310924369747898,0.008403361344537815,207.79648590087893,196.86038970947266,17.738143920898438,17.010208129882812
29.319327731092436,0.008403361344537815,207.77494049072266,196.90761566162112,17.693252563476562,17.009536743164006
29.327731092436974,0.008403361344537815,207.76825714111328,196.85899353027344,17.703140258789062,16.985260009765625
29.33613445378151,0.008403361344537815,207.79270935058594,196.85224151611328,17.77893066406253,16.921585083007812
29.34453781512605,0.008403361344537815,207.77674865722656,196.8638687133789,17.733551025390625,16.955276489257784
29.352941176470587,0.008403361344537815,207.8249282836914,196.88785552978516,17.68678283691409,17.03077697753909
29.361344537815125,0.008403361344537815,207.7649154663086,196.860466003418,17.761550903320312,16.946640014648438
29.369747899159663,0.008403361344537815,207.74109649658203,196.90243530273438,17.654739379882784,17.050079345703097
29.3781512605042,0.008403361344537815,207.75201416015625,196.90218353271484,17.681457519531193,17.08241271972659
29.386554621848738,0.008403361344537815,207.74685668945312,196.87841796875,17.703887939453097,16.900634765624943
29.394957983193276,0.008403361344537815,207.7824249267578,196.8831024169922,17.703613281249943,16.884521484375
29.403361344537814,0.008403361344537815,207.73810577392578,196.89815521240234,17.668960571289062,17.076797485351534
29.41176470588235,0.008403361344537815,207.78299713134766,196.87338256835938,17.68257141113287,16.987030029296932
29.42016806722689,0.008403361344537815,207.77517700195312,196.8995361328125,17.624847412109375,17.0546875
29.428571428571427,0.008403361344537815,207.71601104736328,196.8956298828125,17.66697692871091,16.98498535156253
29.436974789915965,0.008403361344537815,207.75490570068362,196.89297485351562,17.619705200195256,17.02166748046878
29.445378151260503,0.008403361344537815,207.74878692626953,196.97366333007812,17.565322875976506,16.995330810546847
29.45378151260504,0.008403361344537815,207.78207397460938,196.9424591064453,17.630950927734403,16.906524658203068
29.462184873949578,0.008403361344537815,207.7599868774414,196.91020965576172,17.69007873535159,17.04081726074213
29.470588235294116,0.008403361344537815,207.80521392822266,196.916259765625,17.63694763183588,16.909454345703153
29.48739495798319,0.008403361344537815,207.7615966796875,196.88336944580078,17.6055908203125,17.046981811523438
29.49579831932773,0.008403361344537815,207.7562026977539,196.86359405517575,17.653335571289034,16.929275512695312
29.50420168067227,0.008403361344537815,207.76023864746094,196.86666107177734,17.702972412109375,16.899246215820312
29.51260504201681,0.008403361344537815,207.74484252929688,196.88240814208984,17.627288818359347,17.009323120117216
29.521008403361346,0.008403361344537815,207.72271728515625,196.8895721435547,17.673461914062443,16.886077880859347
29.529411764705884,0.008403361344537815,207.718017578125,196.98441314697266,17.637359619140653,17.01280212402341
29.537815126050422,0.008403361344537815,207.77568817138672,196.8750457763672,17.71693420410159,16.908203125
29.54621848739496,0.008403361344537815,207.73323822021484,196.91938018798828,17.61802673339841,16.978836059570312
29.554621848739497,0.008403361344537815,207.75454711914062,196.9326400756836,17.62359619140625,16.92439270019534
29.563025210084035,0.008403361344537815,207.75843811035156,196.85840606689453,17.696777343750057,16.910781860351534
29.571428571428573,0.008403361344537815,207.77875518798828,196.92909240722656,17.66816711425787,17.03106689453122
29.57983193277311,0.008403361344537815,207.77843475341797,196.87344360351562,17.70109558105463,16.905120849609403
29.58823529411765,0.008403361344537815,207.73426818847656,196.91219329833984,17.65618896484372,16.99250793457034
29.596638655462186,0.008403361344537815,207.76331329345703,196.89672088623047,17.662338256835966,16.96632385253909
29.605042016806724,0.008403361344537815,207.7362823486328,196.89975738525393,17.679962158203097,16.88920593261713
29.613445378151262,0.008403361344537815,207.76081085205078,196.9010772705078,17.719863891601534,17.02478027343747
29.6218487394958,0.008403361344537815,207.7499237060547,196.88362884521484,17.67980957031253,16.90165710449216
29.630252100840337,0.008403361344537815,207.70891571044922,196.88844299316406,17.65568542480463,17.03948974609375
29.638655462184875,0.008403361344537815,207.73402404785156,196.89675903320312,17.67651367187503,16.872344970703125
29.647058823529413,0.008403361344537815,207.76360321044922,196.9095001220703,17.674819946289034,17.05316162109378
29.65546218487395,0.008403361344537815,207.7538833618164,196.88372802734375,17.68821716308591,16.88946533203122
29.66386554621849,0.008403361344537815,207.75796508789062,196.88558197021484,17.665924072265682,16.881942749023466
29.672268907563026,0.008403361344537815,207.74732971191406,196.93429565429688,17.645782470703097,16.927581787109347
29.680672268907564,0.008403361344537815,207.75511169433594,196.95159912109375,17.634307861328097,16.987091064453125
29.689075630252102,0.008403361344537815,207.74342346191406,196.93099975585938,17.623870849609403,16.935577392578182
29.69747899159664,0.008403361344537815,207.7746353149414,196.89592742919922,17.670059204101562,17.044754028320312
29.705882352941178,0.008403361344537815,207.7772445678711,196.91060638427734,17.66407775878912,16.914962768554716
29.714285714285715,0.008403361344537815,207.80125427246094,196.92722320556643,17.653472900390625,16.925064086914006
29.722689075630253,0.008403361344537815,207.76262664794922,196.99998474121094,17.584426879882784,16.96502685546872
29.73109243697479,0.008403361344537815,207.75711822509766,196.87715911865234,17.783218383789006,16.95738220214841
29.73949579831933,0.008403361344537815,207.7841033935547,196.88623809814453,17.669891357421875,17.04560852050784
29.747899159663866,0.008403361344537815,207.76788330078125,196.98394775390625,17.523040771484375,17.006927490234318
29.756302521008404,0.008403361344537815,207.74335479736328,196.95221710205078,17.600082397460966,16.98799133300784
29.764705882352942,0.008403361344537815,207.79122161865234,196.93827056884766,17.635299682617244,17.060714721679688
29.77310924369748,0.008403361344537815,207.781494140625,196.8914566040039,17.67126464843747,17.054397583007812
29.781512605042018,0.008403361344537815,207.7780990600586,196.88382720947266,17.634017944335938,17.032577514648466
29.789915966386555,0.008403361344537815,207.75948333740234,196.8801040649414,17.63542175292966,17.04179382324216
29.798319327731093,0.008403361344537815,207.85282135009766,196.9215850830078,17.644241333007784,16.890289306640653
29.80672268907563,0.008403361344537815,207.87347412109375,196.912841796875,17.616516113281193,16.89770507812497
29.81512605042017,0.008403361344537815,207.78614044189453,196.87184143066406,17.645126342773466,17.03717041015625
29.823529411764707,0.008403361344537815,207.7736053466797,196.88774871826172,17.624786376953097,16.90245056152341
29.831932773109244,0.008403361344537815,207.80199432373047,196.8993377685547,17.556747436523466,16.97930908203125
29.840336134453782,0.008403361344537815,207.79550170898438,196.89947509765625,17.702362060546875,17.056915283203125
29.84873949579832,0.008403361344537815,207.78782653808594,196.8888397216797,17.67236328125,17.048736572265653
29.857142857142858,0.008403361344537815,207.76985931396484,196.86949157714844,17.62870788574216,17.03320312499997
29.865546218487395,0.008403361344537815,207.7601089477539,196.88040924072266,17.599014282226534,17.018020629882784
29.873949579831933,0.008403361344537815,207.7209701538086,196.94754028320312,17.586013793945284,16.955108642578153
29.88235294117647,0.008403361344537815,207.80560302734375,196.8858413696289,17.687408447265682,17.025009155273438
29.89075630252101,0.008403361344537815,207.80164337158203,196.89214324951172,17.643325805664034,17.061172485351562
29.899159663865547,0.008403361344537815,207.80538177490234,196.8888168334961,17.671157836914062,17.074478149414062
29.907563025210084,0.008403361344537815,207.8487091064453,196.91419982910156,17.623931884765653,16.900360107421875
29.915966386554622,0.008403361344537815,207.82837677001953,196.94405364990234,17.58134460449216,16.91651916503909
29.92436974789916,0.008403361344537815,207.77449798583984,196.95572662353516,17.543502807617216,16.992111206054688
29.932773109243698,0.008403361344537815,207.8184356689453,196.87645721435547,17.631744384765625,16.988418579101562
29.941176470588236,0.008403361344537815,207.82331848144534,196.97371673583984,17.613006591796875,16.992660522460966
29.949579831932773,0.008403361344537815,207.8580093383789,196.9347915649414,17.58790588378909,16.961502075195284
29.95798319327731,0.008403361344537815,207.81919860839844,196.97947692871094,17.510589599609403,16.987518310546875
29.96638655462185,0.008403361344537815,207.7837371826172,196.9699935913086,17.54449462890622,16.972518920898438
29.974789915966387,0.008403361344537815,207.74860382080078,196.9613265991211,17.578323364257812,16.95774841308591
29.983193277310924,0.008403361344537815,207.77008056640625,197.0060272216797,17.52770996093747,17.030853271484403
29.991596638655462,0.008403361344537815,207.75826263427734,196.99745178222656,17.559158325195312,16.99853515625
30.0,0.008403361344537815,207.81180572509766,196.94671630859375,17.613998413085938,16.978729248046847
30.008403361344538,0.008403361344537815,207.82735443115237,196.89276885986328,17.686019897460938,16.96922302246091
30.016806722689076,0.008403361344537815,207.78185272216797,196.98657989501953,17.531692504882756,17.088394165039034
30.025210084033613,0.008403361344537815,207.80686950683594,196.9504623413086,17.61291503906247,16.94218444824216
30.04201680672269,0.008403361344537815,207.72996520996094,196.93262481689453,17.498870849609403,17.101974487304716
30.067226890756302,0.008403361344537815,207.7886962890625,196.9495849609375,17.629028320312443,16.91705322265625
30.084033613445378,0.008403361344537815,207.77969360351562,196.97904205322266,17.5858154296875,17.03666687011716
30.092436974789916,0.008403361344537815,207.7662353515625,197.0744476318359,17.556121826171932,17.0611572265625
30.100840336134453,0.008403361344537815,207.7810287475586,196.8995132446289,17.600265502929688,17.00486755371088
30.10924369747899,0.008403361344537815,207.82171630859375,196.92151641845703,17.602783203124943,17.05488586425784
30.11764705882353,0.008403361344537815,207.77184295654297,196.98958587646484,17.57200622558591,17.051376342773438
30.126050420168067,0.008403361344537815,207.74804687499997,197.0215072631836,17.58038330078125,17.099502563476506
30.134453781512605,0.008403361344537815,207.7293472290039,196.98502349853516,17.61097717285162,17.14100646972659
30.142857142857142,0.008403361344537815,207.73277282714844,196.98104858398438,17.62265014648429,17.036285400390625
30.15126050420168,0.008403361344537815,207.75006866455078,196.97715759277344,17.55717468261713,17.049835205078125
30.159663865546218,0.008403361344537815,207.72830963134766,196.98037719726562,17.593826293945284,17.01782226562503
30.168067226890756,0.008403361344537815,207.7305450439453,196.9583740234375,17.59515380859375,16.995880126953068
30.176470588235293,0.008403361344537815,207.7757568359375,196.9361801147461,17.619659423828125,16.98048400878909
30.18487394957983,0.008403361344537815,207.73848724365234,196.9452362060547,17.575637817382812,17.026672363281193
30.19327731092437,0.008403361344537815,207.75906372070312,196.96331024169922,17.582244873046875,16.961990356445312
30.201680672268907,0.008403361344537815,207.7412643432617,197.00108337402344,17.608535766601562,17.064422607421875
30.210084033613445,0.008403361344537815,207.79188537597656,196.94303894042966,17.644317626953125,16.9658203125
30.218487394957982,0.008403361344537815,207.7960968017578,196.94495391845703,17.584564208984347,16.969802856445227
30.22689075630252,0.008403361344537815,207.76424407958984,196.8923797607422,17.68275451660162,17.02899169921872
30.235294117647058,0.008403361344537815,207.76185607910153,196.88079833984375,17.68817138671875,16.969848632812557
30.243697478991596,0.008403361344537815,207.77130126953125,196.91207122802734,17.603790283203153,16.95057678222659
30.252100840336134,0.008403361344537815,207.78526306152344,196.94386291503906,17.673919677734375,16.976837158203068
30.26050420168067,0.008403361344537815,207.7905502319336,196.89996337890625,17.702713012695227,16.91973876953125
30.26890756302521,0.008403361344537815,207.78234863281253,196.9547348022461,17.57025146484375,17.03160095214841
30.277310924369747,0.008403361344537815,207.78155517578125,196.90255737304688,17.596466064453182,16.943206787109347
30.285714285714285,0.008403361344537815,207.74378967285156,196.93596649169922,17.56683349609375,17.01719665527338
30.294117647058822,0.008403361344537815,207.75165557861328,196.90038299560547,17.665054321289062,17.092941284179688
30.30252100840336,0.008403361344537815,207.7567138671875,196.9080963134766,17.586517333984375,16.973999023437443
30.310924369747898,0.008403361344537815,207.73181915283203,196.94347381591797,17.55891418457034,16.99635314941412
30.319327731092436,0.008403361344537815,207.7474365234375,196.95359802246097,17.62817382812497,17.033111572265625
30.327731092436974,0.008403361344537815,207.6720962524414,196.92079162597656,17.640579223632812,16.985748291015597
30.33613445378151,0.008403361344537815,207.70204162597656,196.96981811523438,17.616485595703182,17.073852539062415
30.34453781512605,0.008403361344537815,207.69799041748047,196.9579315185547,17.60072326660162,17.0770263671875
30.352941176470587,0.008403361344537815,207.70340728759766,196.99597930908203,17.58345031738284,17.101303100585994
30.361344537815125,0.008403361344537815,207.7136993408203,196.98175811767578,17.608032226562557,17.099227905273494
30.369747899159663,0.008403361344537815,207.6953887939453,196.9743118286133,17.603759765625057,17.05632019042963
30.3781512605042,0.008403361344537815,207.68274688720703,196.9600601196289,17.57713317871091,17.12965393066409
30.394957983193276,0.008403361344537815,207.71875,196.8840103149414,17.67218017578125,17.065719604492216
30.403361344537814,0.008403361344537815,207.6792984008789,196.96776580810547,17.602890014648438,17.04948425292966
30.41176470588235,0.008403361344537815,207.66410064697266,196.93714141845703,17.682083129882784,17.00947570800784
30.42016806722689,0.008403361344537815,207.67727661132812,196.92672729492188,17.67474365234375,16.98065185546875
30.428571428571427,0.008403361344537815,207.68701171875,196.97183990478516,17.618682861328068,17.059402465820284
30.436974789915965,0.008403361344537815,207.70079040527344,196.99370574951172,17.546600341796875,17.129501342773438
30.445378151260503,0.008403361344537815,207.67804718017578,196.9827880859375,17.55192565917963,17.119903564453097
30.462184873949578,0.008403361344537815,207.6417465209961,196.9393081665039,17.688217163085966,17.01374816894534
30.470588235294116,0.008403361344537815,207.69103240966797,196.98336029052734,17.54576110839841,17.110336303710966
30.478991596638654,0.008403361344537815,207.6731185913086,197.01058959960938,17.53315734863284,17.136627197265625
30.48739495798319,0.008403361344537815,207.71307373046875,196.92162322998047,17.671539306640625,17.03480529785159
30.49579831932773,0.008403361344537815,207.70601654052734,196.9699478149414,17.595565795898466,17.07148742675784
30.50420168067227,0.008403361344537815,207.72969818115234,197.0124053955078,17.509567260742188,17.14886474609375
30.51260504201681,0.008403361344537815,207.70165252685547,196.9605712890625,17.59217834472659,17.104461669921847
30.521008403361346,0.008403361344537815,207.71111297607422,196.98719024658203,17.552963256835938,17.036117553710966
30.529411764705884,0.008403361344537815,207.71562957763672,196.9454345703125,17.624313354492216,17.07373046875
30.537815126050422,0.008403361344537815,207.70709228515625,196.9770736694336,17.574462890625,17.073074340820284
30.54621848739496,0.008403361344537815,207.72776794433594,196.9720687866211,17.622344970703182,17.027755737304716
30.554621848739497,0.008403361344537815,207.72208404541016,196.96939086914062,17.60829162597659,17.045867919921903
30.563025210084035,0.008403361344537815,207.75382232666016,196.9618148803711,17.54090881347659,16.969406127929716
30.571428571428573,0.008403361344537815,207.77171325683594,196.92908477783203,17.625213623046903,16.998947143554688
30.57983193277311,0.008403361344537815,207.69984436035156,196.94781494140625,17.59283447265622,17.015899658203182
30.58823529411765,0.008403361344537815,207.704833984375,197.03946685791016,17.57891845703122,17.08345031738284
30.596638655462186,0.008403361344537815,207.70740509033203,196.91620635986328,17.685775756835938,17.005752563476534
30.613445378151262,0.008403361344537815,207.7142105102539,196.91397857666016,17.692489624023438,16.987136840820312
30.630252100840337,0.008403361344537815,207.7449188232422,196.91800689697266,17.61389160156247,17.067886352539034
30.638655462184875,0.008403361344537815,207.71646118164062,196.91783142089844,17.56787109374997,17.06250000000003
30.647058823529413,0.008403361344537815,207.68538665771484,196.99295043945312,17.59211730957037,17.057861328125
30.65546218487395,0.008403361344537815,207.72877502441403,196.91803741455078,17.634155273437557,17.09071350097659
30.66386554621849,0.008403361344537815,207.72415161132812,196.98715209960938,17.579681396484403,17.071441650390597
30.680672268907564,0.008403361344537815,207.7234344482422,196.94305419921875,17.673126220703068,17.026702880859403
30.689075630252102,0.008403361344537815,207.6892395019531,196.91387939453122,17.671142578125,17.087951660156307
30.69747899159664,0.008403361344537815,207.70071411132812,196.981201171875,17.62854003906247,17.05712890625003
30.705882352941178,0.008403361344537815,207.69602966308594,196.9487533569336,17.69989013671875,17.02128601074216
30.714285714285715,0.008403361344537815,207.69937133789062,196.8983612060547,17.656158447265682,17.100067138671903
30.722689075630253,0.008403361344537815,207.69825744628903,196.97420501708984,17.64532470703125,17.003860473632812
30.73109243697479,0.008403361344537815,207.73477172851562,196.98684692382812,17.5928955078125,17.089294433593693
30.73949579831933,0.008403361344537815,207.72476196289062,196.89939880371094,17.67126464843747,16.988464355468807
30.747899159663866,0.008403361344537815,207.69210815429688,196.93804931640628,17.69317626953125,17.008422851562443
30.756302521008404,0.008403361344537815,207.7055892944336,196.89502716064453,17.71165466308591,17.022354125976562
30.764705882352942,0.008403361344537815,207.7209014892578,196.8915023803711,17.613922119140597,17.01673889160162
30.77310924369748,0.008403361344537815,207.7158660888672,196.97299194335938,17.653839111328125,16.9827880859375
30.781512605042018,0.008403361344537815,207.72894287109375,196.89927673339844,17.665313720703125,16.95275878906253
30.789915966386555,0.008403361344537815,207.73587036132812,196.90928649902344,17.662933349609403,16.93615722656253
30.798319327731093,0.008403361344537815,207.7507781982422,196.91271209716797,17.62561035156247,16.99916076660162
30.80672268907563,0.008403361344537815,207.71869659423828,196.9801788330078,17.573104858398466,17.07897949218747
30.81512605042017,0.008403361344537815,207.76863098144528,196.885498046875,17.59844970703125,17.123992919921847
30.823529411764707,0.008403361344537815,207.74561309814453,196.94243621826172,17.60801696777338,16.94541931152341
30.831932773109244,0.008403361344537815,207.72687530517578,196.9421615600586,17.635848999023438,16.999221801757812
30.840336134453782,0.008403361344537815,207.74237060546875,196.8792266845703,17.652313232421875,16.938720703125
30.84873949579832,0.008403361344537815,207.7554702758789,196.92992401123047,17.599105834960938,17.049087524414062
30.857142857142858,0.008403361344537815,207.73799133300778,196.9161605834961,17.632720947265625,17.046066284179744
30.865546218487395,0.008403361344537815,207.69983673095706,196.9334259033203,17.624282836914062,17.02264404296872
30.873949579831933,0.008403361344537815,207.74044799804688,196.88297271728516,17.649688720703097,16.951492309570312
30.88235294117647,0.008403361344537815,207.76305389404297,196.85269927978513,17.688461303710994,16.945663452148438
30.89075630252101,0.008403361344537815,207.71741485595703,196.87738037109375,17.609664916992188,16.99432373046875
30.899159663865547,0.008403361344537815,207.75564575195312,196.92650604248047,17.68414306640625,17.05641174316409
30.907563025210084,0.008403361344537815,207.71265411376953,196.98340606689453,17.53010559082034,16.93550109863284
30.915966386554622,0.008403361344537815,207.76312255859375,196.97197723388672,17.57421875000003,16.995925903320312
30.92436974789916,0.008403361344537815,207.7177963256836,197.0071029663086,17.61647033691412,17.051925659179688
30.932773109243698,0.008403361344537815,207.7730941772461,196.9474105834961,17.570693969726506,16.974380493164062
30.941176470588236,0.008403361344537815,207.71376800537107,196.91696166992188,17.690414428710994,16.90338134765625
30.949579831932773,0.008403361344537815,207.72441864013672,196.9771499633789,17.583847045898466,17.00636291503909
30.95798319327731,0.008403361344537815,207.73224639892578,196.97927856445312,17.615646362304688,17.051086425781165
30.96638655462185,0.008403361344537815,207.73137664794922,196.9755096435547,17.608139038085938,17.054473876953097
30.983193277310924,0.008403361344537815,207.72962188720703,196.9915313720703,17.63874816894534,17.069091796874943
30.991596638655462,0.008403361344537815,207.75241088867188,196.9203643798828,17.66336059570304,17.04614257812497
31.0,0.008403361344537815,207.7589340209961,196.86724090576172,17.63847351074216,17.023361206054716
31.008403361344538,0.008403361344537815,207.73347473144528,196.90262603759766,17.6707763671875,16.952194213867216
31.016806722689076,0.008403361344537815,207.7645492553711,196.85848236083984,17.630935668945284,16.96653747558591
31.025210084033613,0.008403361344537815,207.75180053710938,196.89603424072266,17.600463867187443,16.995651245117216
31.03361344537815,0.008403361344537815,207.6936264038086,196.9534683227539,17.587936401367188,17.149978637695284
31.04201680672269,0.008403361344537815,207.77134704589844,196.9163360595703,17.56677246093747,17.003387451171847
31.050420168067227,0.008403361344537815,207.7108612060547,196.97615814208984,17.552276611328068,17.10316467285159
31.058823529411764,0.008403361344537815,207.7093048095703,196.98009490966797,17.57556152343753,17.125106811523438
31.067226890756302,0.008403361344537815,207.69996643066406,197.00457763671875,17.596282958984375,17.150329589843693
31.07563025210084,0.008403361344537815,207.75807189941406,196.90723419189453,17.61114501953122,16.971115112304744
31.084033613445378,0.008403361344537815,207.69037628173828,196.97335815429688,17.62406921386716,17.097076416015653
31.092436974789916,0.008403361344537815,207.75389099121094,196.9348907470703,17.62420654296872,17.080688476562557
31.100840336134453,0.008403361344537815,207.76455688476562,196.9515151977539,17.622100830078153,17.068099975585966
31.10924369747899,0.008403361344537815,207.75725555419922,196.95144653320312,17.580642700195312,17.047821044921875
31.11764705882353,0.008403361344537815,207.7168731689453,196.91375732421875,17.643646240234347,17.01043701171875
31.126050420168067,0.008403361344537815,207.76583862304688,196.90948486328125,17.610137939453097,17.015472412109375
31.134453781512605,0.008403361344537815,207.77635192871094,196.91503143310547,17.58718872070321,16.98829650878912
31.142857142857142,0.008403361344537815,207.81112670898438,196.90469360351562,17.636016845703153,17.008239746093693
31.159663865546218,0.008403361344537815,207.76677703857422,196.92412567138672,17.616683959960966,16.94416809082037
31.168067226890756,0.008403361344537815,207.76590728759766,196.9036636352539,17.612228393554688,16.977462768554688
31.176470588235293,0.008403361344537815,207.84835815429688,196.90438842773438,17.618804931640682,16.983428955078153
31.19327731092437,0.008403361344537815,207.8037567138672,196.92178344726562,17.662261962890625,16.98962402343747
31.201680672268907,0.008403361344537815,207.7658233642578,196.89971923828125,17.610015869140625,16.98321533203125
31.210084033613445,0.008403361344537815,207.75055694580078,196.90189361572266,17.630813598632756,16.934097290039062
31.218487394957982,0.008403361344537815,207.75214385986328,196.91268920898438,17.689834594726534,16.97113037109375
31.22689075630252,0.008403361344537815,207.77838897705078,196.88675689697266,17.623397827148466,16.968734741210938
31.235294117647058,0.008403361344537815,207.7663879394531,196.89271545410156,17.618377685546875,16.95654296875
31.243697478991596,0.008403361344537815,207.71868896484375,197.0042724609375,17.50048828125003,17.17608642578128
31.252100840336134,0.008403361344537815,207.762565612793,196.8991928100586,17.626235961914062,17.01329040527341
31.26050420168067,0.008403361344537815,207.77590942382812,196.9129638671875,17.630157470703153,16.97503662109372
31.26890756302521,0.008403361344537815,207.7489242553711,196.94556427001953,17.606857299804688,17.036361694335938
31.277310924369747,0.008403361344537815,207.81187438964844,196.93581390380857,17.58801269531253,16.944259643554688
31.285714285714285,0.008403361344537815,207.75797271728516,196.9532470703125,17.57609558105466,16.99993896484375
31.294117647058822,0.008403361344537815,207.76219940185547,196.9652862548828,17.54173278808591,17.00006103515622
31.319327731092436,0.008403361344537815,207.77723693847656,196.97765350341797,17.602752685546875,17.034317016601506
31.327731092436974,0.008403361344537815,207.7838897705078,196.89351654052732,17.579315185546932,17.022109985351562
31.33613445378151,0.008403361344537815,207.75952911376953,196.8987045288086,17.540420532226562,17.071884155273438
31.34453781512605,0.008403361344537815,207.76715087890625,196.99490356445312,17.514312744140597,17.135467529296875
31.352941176470587,0.008403361344537815,207.77959442138672,196.9617462158203,17.573501586914034,17.024566650390653
31.369747899159663,0.008403361344537815,207.72616577148438,196.9361801147461,17.622833251953068,17.061752319335938
31.3781512605042,0.008403361344537815,207.69586944580078,196.92828369140625,17.62492370605466,17.080169677734375
31.386554621848738,0.008403361344537815,207.71734619140625,196.9091339111328,17.641510009765653,17.074279785156193
31.394957983193276,0.008403361344537815,207.67327117919922,196.98723602294922,17.584457397460966,17.088333129882812
31.403361344537814,0.008403361344537815,207.73334503173828,196.92388153076172,17.616683959961023,17.074142456054688
31.41176470588235,0.008403361344537815,207.70697784423828,197.0095977783203,17.57655334472659,17.11120605468753
31.42016806722689,0.008403361344537815,207.7139663696289,196.99898529052734,17.57954406738284,17.098861694335938
31.428571428571427,0.008403361344537815,207.7248764038086,196.97811126708984,17.583328247070312,17.037857055664062
31.436974789915965,0.008403361344537815,207.7429428100586,197.02709960937497,17.551193237304688,17.13720703125
31.445378151260503,0.008403361344537815,207.7140884399414,197.01848602294922,17.60237121582034,17.141433715820256
31.45378151260504,0.008403361344537815,207.70922088623047,197.00143432617188,17.551895141601534,17.14575195312503
31.462184873949578,0.008403361344537815,207.7204132080078,197.01365661621094,17.580413818359375,17.15557861328128
31.470588235294116,0.008403361344537815,207.72284698486328,197.02208709716794,17.486709594726562,17.126571655273438
31.478991596638654,0.008403361344537815,207.71944427490234,196.99805450439453,17.558303833007812,17.17674255371091
31.48739495798319,0.008403361344537815,207.72049713134766,197.0074462890625,17.534591674804688,17.147949218750057
31.49579831932773,0.008403361344537815,207.75556182861328,197.0320053100586,17.558944702148438,17.17741394042966
31.50420168067227,0.008403361344537815,207.78145599365234,196.9418487548828,17.57850646972659,17.074401855468693
31.51260504201681,0.008403361344537815,207.7543487548828,197.03638458251953,17.50115966796872,17.159103393554716
31.521008403361346,0.008403361344537815,207.73521423339844,197.01544189453125,17.52297973632821,17.11602783203125
31.529411764705884,0.008403361344537815,207.71092224121094,197.03231048583984,17.513641357421847,17.12550354003912
31.537815126050422,0.008403361344537815,207.7317123413086,197.03318786621094,17.495864868164034,17.129821777343835
31.54621848739496,0.008403361344537815,207.73540496826175,197.01792907714844,17.506576538085994,17.126678466796903
31.554621848739497,0.008403361344537815,207.73975372314453,196.97433471679688,17.446823120117188,17.107940673828097
31.563025210084035,0.008403361344537815,207.71417999267575,196.96725463867188,17.55326843261713,17.113494873046875
31.571428571428573,0.008403361344537815,207.73727416992188,197.0225372314453,17.511260986328125,17.143676757812557
31.57983193277311,0.008403361344537815,207.73645782470703,196.98192596435547,17.56504821777341,17.142898559570312
31.58823529411765,0.008403361344537815,207.74346923828125,196.9359893798828,17.62811279296878,16.99371337890628
31.596638655462186,0.008403361344537815,207.70885467529297,196.96514892578125,17.560348510742273,17.10968017578125
31.605042016806724,0.008403361344537815,207.73958587646484,196.97394561767578,17.580245971679744,17.112899780273494
31.613445378151262,0.008403361344537815,207.80437469482422,196.9649429321289,17.612625122070312,16.945114135742244
31.6218487394958,0.008403361344537815,207.76659393310547,197.01325225830078,17.51271057128909,17.15879821777341
31.630252100840337,0.008403361344537815,207.74244689941406,196.97454833984375,17.602020263671903,16.981048583984403
31.638655462184875,0.008403361344537815,207.78761291503906,197.03782653808594,17.53735351562503,17.04217529296872
31.647058823529413,0.008403361344537815,207.74571228027344,197.03849029541016,17.529571533203068,17.065963745117244
31.65546218487395,0.008403361344537815,207.76334381103516,196.97377014160156,17.55744934082037,17.03491210937503
31.66386554621849,0.008403361344537815,207.83140563964844,197.00910186767578,17.5037841796875,17.025741577148438
31.672268907563026,0.008403361344537815,207.7581329345703,197.02169799804688,17.510162353515682,16.994415283203097
31.680672268907564,0.008403361344537815,207.74896240234375,197.02841186523438,17.577728271484347,17.024200439453068
31.689075630252102,0.008403361344537815,207.78916931152344,196.93862915039062,17.54583740234375,16.962005615234318
31.69747899159664,0.008403361344537815,207.8536834716797,196.9339447021484,17.65313720703128,16.928131103515682
31.722689075630253,0.008403361344537815,207.85041046142578,196.91311645507812,17.62294006347659,16.95385742187503
31.73109243697479,0.008403361344537815,207.7856903076172,196.93899536132812,17.549407958984347,17.004547119140682
31.73949579831933,0.008403361344537815,207.7886199951172,196.98706054687503,17.53631591796875,17.11669921875
31.747899159663866,0.008403361344537815,207.75313568115234,196.9317398071289,17.662277221679744,17.041305541992188
31.756302521008404,0.008403361344537815,207.794921875,197.03670501708984,17.50134277343747,17.087265014648438
31.764705882352942,0.008403361344537815,207.77471923828125,196.96238708496094,17.55352783203128,16.99737548828125
31.80672268907563,0.008403361344537815,207.7586441040039,196.97988891601562,17.581863403320312,17.066253662109347
31.823529411764707,0.008403361344537815,207.79933166503906,196.95953369140625,17.5283203125,17.037445068359403
31.831932773109244,0.008403361344537815,207.774658203125,196.98702239990234,17.538299560546903,16.99342346191409
31.840336134453782,0.008403361344537815,207.82180786132812,196.93942260742188,17.54113769531253,16.9415283203125
31.857142857142858,0.008403361344537815,207.8217315673828,196.91858673095703,17.64129638671878,16.921493530273438
31.865546218487395,0.008403361344537815,207.8017578125,196.93282318115232,17.564117431640625,17.044082641601562
31.873949579831933,0.008403361344537815,207.80908203125,196.94976043701172,17.51269531250003,17.078536987304688
31.88235294117647,0.008403361344537815,207.84222412109375,196.97798919677734,17.62506103515628,16.945083618164034
31.89075630252101,0.008403361344537815,207.8739776611328,196.92394256591797,17.454254150390653,16.995986938476562
31.907563025210084,0.008403361344537815,207.80464935302734,196.91776275634766,17.60282897949216,16.917617797851562
31.915966386554622,0.008403361344537815,207.80770874023438,196.90516662597656,17.56921386718747,17.010345458984403
31.92436974789916,0.008403361344537815,207.7524642944336,196.9404525756836,17.563400268554688,16.92997741699216
31.932773109243698,0.008403361344537815,207.77023315429688,196.97744750976562,17.55560302734375,17.031982421875
31.941176470588236,0.008403361344537815,207.78559112548828,196.98863983154297,17.549636840820284,17.07716369628909
31.949579831932773,0.008403361344537815,207.74512481689453,197.0101318359375,17.529861450195284,17.146148681640568
31.95798319327731,0.008403361344537815,207.73575592041013,196.96910095214844,17.54887390136713,17.087799072265568
31.96638655462185,0.008403361344537815,207.81855010986328,196.93771362304688,17.551223754882812,16.994445800781307
31.974789915966387,0.008403361344537815,207.81141662597656,196.96134185791016,17.516876220703125,17.064834594726562
31.983193277310924,0.008403361344537815,207.78475189208984,196.97962188720703,17.586624145507756,16.98143005371091
31.991596638655462,0.008403361344537815,207.72821044921875,197.0282745361328,17.554351806640682,17.028076171875
32.0,0.008403361344537815,207.73084259033203,197.04200744628906,17.543533325195284,17.093017578125
32.00840336134454,0.008403361344537815,207.82323455810544,197.00096893310547,17.578964233398494,17.04234313964838
32.03361344537815,0.008403361344537815,207.7729721069336,196.98978424072266,17.574478149414006,17.01313781738284
32.05882352941177,0.008403361344537815,207.79564666748047,196.96489715576172,17.537643432617188,17.00456237792963
32.0672268907563,0.008403361344537815,207.77224731445312,196.9866485595703,17.56536865234372,17.010589599609403
32.075630252100844,0.008403361344537815,207.76170349121094,196.99303436279297,17.550994873046903,16.98582458496091
32.08403361344538,0.008403361344537815,207.7657470703125,196.9893341064453,17.539520263671847,17.04089355468753
32.09243697478992,0.008403361344537815,207.70745086669922,197.05113220214844,17.539535522460966,17.09490966796878
32.10084033613445,0.008403361344537815,207.7457046508789,197.06493377685544,17.555892944335938,17.043869018554688
32.109243697478995,0.008403361344537815,207.82614135742188,196.97925567626953,17.551971435546932,16.980972290039062
32.11764705882353,0.008403361344537815,207.73559570312503,197.03658294677734,17.56805419921875,17.061386108398466
32.12605042016807,0.008403361344537815,207.72213745117185,197.01949310302734,17.544403076171875,17.069137573242188
32.134453781512605,0.008403361344537815,207.8333969116211,197.00465393066406,17.570632934570227,16.991546630859375
32.142857142857146,0.008403361344537815,207.79537200927734,196.99655151367188,17.533340454101534,17.009002685546903
32.15126050420168,0.008403361344537815,207.75112915039062,197.07218170166016,17.565399169921875,17.025985717773438
32.15966386554622,0.008403361344537815,207.80399322509766,196.98919677734375,17.507156372070312,17.04425048828125
32.168067226890756,0.008403361344537815,207.7752914428711,197.01025390625,17.540695190429716,17.069549560546818
32.18487394957983,0.008403361344537815,207.80677032470703,196.9784164428711,17.54429626464841,17.014755249023352
32.19327731092437,0.008403361344537815,207.77384185791016,196.9800567626953,17.550704956054688,16.99249267578128
32.20168067226891,0.008403361344537815,207.7254180908203,197.0449447631836,17.58319091796875,17.029403686523466
32.21008403361345,0.008403361344537815,207.7342300415039,197.05612182617188,17.54444885253909,17.083007812500057
32.21848739495798,0.008403361344537815,207.74974060058597,197.07408905029297,17.5557861328125,17.004470825195284
32.226890756302524,0.008403361344537815,207.7214584350586,197.04177856445312,17.546768188476534,17.1014404296875
32.23529411764706,0.008403361344537815,207.77992248535156,196.99427032470703,17.514007568359347,17.03584289550784
32.2436974789916,0.008403361344537815,207.75443267822266,197.0383071899414,17.51066589355466,17.088729858398438
32.252100840336134,0.008403361344537815,207.7489471435547,196.97865295410156,17.55487060546878,17.0081787109375
32.260504201680675,0.008403361344537815,207.73611450195312,196.9053955078125,17.62493896484375,16.945098876953125
32.26890756302521,0.008403361344537815,207.74262237548828,197.02951049804688,17.489151000976534,17.08001708984372
32.27731092436975,0.008403361344537815,207.81243133544922,197.01062774658203,17.662246704101534,16.91038513183591
32.285714285714285,0.008403361344537815,207.8390350341797,197.00172424316406,17.62512207031247,16.961639404296903
32.294117647058826,0.008403361344537815,207.76387786865237,196.98548889160156,17.598831176757812,16.973602294921847
32.30252100840336,0.008403361344537815,207.76168823242188,196.9751968383789,17.59197998046875,17.015670776367188
32.3109243697479,0.008403361344537815,207.77545928955078,196.97359466552734,17.635543823242244,16.995986938476534
32.33613445378151,0.008403361344537815,207.75362396240234,196.9885482788086,17.56858825683591,17.01780700683591
32.34453781512605,0.008403361344537815,207.80445098876953,196.99270629882812,17.52455139160162,17.02282714843747
32.35294117647059,0.008403361344537815,207.78174591064453,197.0182113647461,17.555282592773494,17.048049926757784
32.36134453781513,0.008403361344537815,207.7747573852539,197.00790405273438,17.579574584961023,17.00579833984375
32.36974789915966,0.008403361344537815,207.80463409423828,196.97592926025393,17.583053588867216,16.958511352539006
32.378151260504204,0.008403361344537815,207.76870727539062,196.98843383789062,17.540496826171903,17.02661132812503
32.38655462184874,0.008403361344537815,207.84226989746094,196.98748779296875,17.6446533203125,16.96466064453125
32.39495798319328,0.008403361344537815,207.76641845703125,197.0469741821289,17.495391845703097,17.11170959472659
32.403361344537814,0.008403361344537815,207.73950958251953,197.0491180419922,17.526138305664062,17.0938720703125
32.411764705882355,0.008403361344537815,207.71827697753906,197.06509399414062,17.5682373046875,17.06665039062497
32.42016806722689,0.008403361344537815,207.6934356689453,196.99285888671875,17.60705566406253,16.996856689453125
32.42857142857143,0.008403361344537815,207.71875762939453,197.02780151367188,17.54145812988287,17.04339599609372
32.436974789915965,0.008403361344537815,207.75385284423828,196.98300170898438,17.562210083007756,17.02380371093753
32.445378151260506,0.008403361344537815,207.72631072998047,197.04644775390625,17.562698364257812,17.062957763671875
32.45378151260504,0.008403361344537815,207.74092864990234,197.04486846923828,17.539566040039034,17.087173461914034
32.46218487394958,0.008403361344537815,207.75238800048828,197.05916595458984,17.545547485351562,17.098953247070284
32.470588235294116,0.008403361344537815,207.740966796875,197.0434112548828,17.529327392578153,17.092834472656335
32.47899159663866,0.008403361344537815,207.71812438964844,197.01449584960938,17.57086181640628,17.071014404296847
32.48739495798319,0.008403361344537815,207.74430084228516,197.03941345214844,17.53718566894534,17.01983642578125
32.49579831932773,0.008403361344537815,207.76551818847656,196.9838638305664,17.5396728515625,17.033248901367244
32.50420168067227,0.008403361344537815,207.75303649902344,197.04574584960938,17.549163818359432,17.100311279296875
32.51260504201681,0.008403361344537815,207.66893768310544,197.0228271484375,17.567245483398438,17.03204345703128
32.52100840336134,0.008403361344537815,207.7635040283203,196.95487213134766,17.584014892578125,16.972854614257784
32.529411764705884,0.008403361344537815,207.73802947998047,196.97976684570312,17.603439331054688,17.064178466796875
32.53781512605042,0.008403361344537815,207.81320190429688,196.99485778808594,17.59783935546875,17.020904541015653
32.54621848739496,0.008403361344537815,207.7206573486328,196.98351287841797,17.5777587890625,17.093154907226562
32.554621848739494,0.008403361344537815,207.73543548583984,197.04759216308597,17.581924438476562,17.060150146484318
32.563025210084035,0.008403361344537815,207.7384490966797,197.03389739990234,17.545562744140625,17.136703491210938
32.57142857142857,0.008403361344537815,207.76333618164062,197.0276870727539,17.53631591796875,17.10517883300784
32.57983193277311,0.008403361344537815,207.74831390380862,196.96766662597656,17.57267761230463,17.011749267578153
32.60504201680672,0.008403361344537815,207.77247619628906,197.0319595336914,17.548431396484403,17.085128784179688
32.61344537815126,0.008403361344537815,207.80612182617185,196.94467163085938,17.560577392578125,16.92883300781253
32.621848739495796,0.008403361344537815,207.77821350097656,196.99132537841797,17.548126220703182,17.013168334960938
32.63025210084034,0.008403361344537815,207.7802734375,197.01502990722656,17.562744140624943,17.016693115234347
32.63865546218487,0.008403361344537815,207.79425048828125,196.91358184814453,17.6473388671875,16.901504516601534
32.64705882352941,0.008403361344537815,207.82464599609375,196.96616363525393,17.5701904296875,16.97837829589838
32.65546218487395,0.008403361344537815,207.80197143554688,196.9943389892578,17.544830322265682,17.009613037109375
32.66386554621849,0.008403361344537815,207.76482391357422,196.98522186279297,17.577438354492216,16.983230590820284
32.67226890756302,0.008403361344537815,207.86394500732422,197.0199966430664,17.623489379882784,17.01887512207034
32.680672268907564,0.008403361344537815,207.8414764404297,197.0115966796875,17.57177734375,17.02203369140625
32.6890756302521,0.008403361344537815,207.8016815185547,196.94496154785156,17.61547851562497,16.911224365234347
32.69747899159664,0.008403361344537815,207.81063079833984,196.94375610351562,17.636367797851562,16.866485595703125
32.705882352941174,0.008403361344537815,207.82321166992188,196.98220825195312,17.628509521484403,16.928466796874943
32.714285714285715,0.008403361344537815,207.76122283935547,196.96783447265625,17.564224243164062,16.9388427734375
32.72268907563025,0.008403361344537815,207.8094177246094,196.9662094116211,17.59014892578125,16.918167114257812
32.73109243697479,0.008403361344537815,207.8040771484375,196.96424865722656,17.593902587890568,16.905120849609347
32.739495798319325,0.008403361344537815,207.73072052001953,196.9753875732422,17.57817077636716,17.01000976562497
32.747899159663866,0.008403361344537815,207.81502532958987,196.9488067626953,17.592147827148438,16.90850830078128
32.7563025210084,0.008403361344537815,207.810791015625,196.9522933959961,17.62341308593747,16.949234008789006
32.76470588235294,0.008403361344537815,207.82095336914062,196.9786834716797,17.588043212890597,16.9737548828125
32.773109243697476,0.008403361344537815,207.76661682128906,196.9848861694336,17.583343505859347,17.00514221191409
32.78151260504202,0.008403361344537815,207.83204650878906,196.9859619140625,17.513946533203125,17.055267333984432
32.78991596638655,0.008403361344537815,207.8630828857422,196.96124267578125,17.556304931640653,16.915069580078153
32.79831932773109,0.008403361344537815,207.8468017578125,196.95172119140625,17.597229003906193,16.964324951171903
32.80672268907563,0.008403361344537815,207.81983947753906,196.96991729736328,17.58380126953125,16.91236877441409
32.81512605042017,0.008403361344537815,207.8704833984375,196.9691390991211,17.562194824218693,16.99494934082037
32.8235294117647,0.008403361344537815,207.82998657226562,197.0017318725586,17.55712890625003,17.020553588867188
32.831932773109244,0.008403361344537815,207.81731414794922,196.9786376953125,17.60453796386716,16.9530029296875
32.84033613445378,0.008403361344537815,207.8125457763672,196.96006774902347,17.654327392578125,16.941436767578125
32.84873949579832,0.008403361344537815,207.86582946777344,196.9313507080078,17.599609375,16.958343505859432
32.857142857142854,0.008403361344537815,207.8486328125,196.95874786376953,17.52813720703125,16.91520690917966
32.865546218487395,0.008403361344537815,207.86810302734375,196.9416732788086,17.527130126953182,16.976242065429688
32.87394957983193,0.008403361344537815,207.86785125732422,196.93656158447266,17.644821166992188,16.911666870117188
32.88235294117647,0.008403361344537815,207.85807037353516,196.9628143310547,17.613845825195284,16.924652099609403
32.890756302521005,0.008403361344537815,207.86649322509766,196.9680938720703,17.63667297363284,16.90722656249997
32.89915966386555,0.008403361344537815,207.86748504638672,196.94818878173828,17.637374877929716,16.93135070800784
32.90756302521008,0.008403361344537815,207.820068359375,196.9577407836914,17.61877441406253,16.964675903320312
32.91596638655462,0.008403361344537815,207.81890869140625,196.97193908691406,17.52465820312497,17.0135498046875
32.924369747899156,0.008403361344537815,207.785400390625,196.96916961669925,17.58624267578128,16.975784301757756
32.9327731092437,0.008403361344537815,207.83251190185547,196.94818878173828,17.614089965820284,16.920272827148466
32.94117647058823,0.008403361344537815,207.8233413696289,196.95740509033203,17.619979858398352,17.001327514648466
32.94957983193277,0.008403361344537815,207.84323120117188,196.9572982788086,17.63092041015622,16.930404663085966
32.95798319327731,0.008403361344537815,207.83621978759766,196.97032165527344,17.602767944335938,16.99768066406247
32.96638655462185,0.008403361344537815,207.78191375732422,196.95469665527344,17.587203979492216,16.963378906249915
32.97478991596638,0.008403361344537815,207.82047271728516,196.95338439941406,17.61787414550784,16.981536865234375
32.983193277310924,0.008403361344537815,207.83101654052734,196.9901885986328,17.620101928710938,16.971710205078153
33.03361344537815,0.008403361344537815,207.81803131103516,196.91441345214844,17.640487670898438,17.103851318359403
33.04201680672269,0.008403361344537815,207.84955596923828,196.90582275390625,17.623764038085966,17.005828857421903
33.05042016806723,0.008403361344537815,207.8069076538086,196.93761444091797,17.52873229980466,17.018630981445312
33.05882352941177,0.008403361344537815,207.7890853881836,196.95868682861328,17.650863647460966,16.911880493164062
33.0672268907563,0.008403361344537815,207.8365020751953,196.88551330566406,17.640625,16.92553710937503
33.075630252100844,0.008403361344537815,207.81640625,196.90277099609375,17.67523193359378,17.093292236328125
33.08403361344538,0.008403361344537815,207.85291290283203,196.90867614746094,17.62773132324216,16.889190673828097
33.09243697478992,0.008403361344537815,207.8696746826172,196.91830444335938,17.617523193359375,16.88818359375003
33.10084033613445,0.008403361344537815,207.85348510742188,196.92342376708984,17.65325927734375,16.900131225585994
33.109243697478995,0.008403361344537815,207.90525817871094,196.93262481689453,17.602630615234403,16.90080261230466
33.11764705882353,0.008403361344537815,207.79420471191406,196.89085388183594,17.704833984375,17.085723876953068
33.12605042016807,0.008403361344537815,207.87010192871094,196.92897033691406,17.70178222656247,16.923797607421875
33.134453781512605,0.008403361344537815,207.82969665527344,196.88955688476562,17.66827392578128,16.874267578125085
33.142857142857146,0.008403361344537815,207.82865905761716,196.89630889892578,17.621490478515625,17.050765991210938
33.15126050420168,0.008403361344537815,207.7587127685547,196.88009643554688,17.645477294921903,17.07366943359378
33.15966386554622,0.008403361344537815,207.78880310058594,196.9030990600586,17.63031005859372,17.134719848632784
33.168067226890756,0.008403361344537815,207.71295928955078,196.8746109008789,17.591354370117216,16.959152221679688
33.1764705882353,0.008403361344537815,207.8175506591797,196.886848449707,17.673553466796875,16.90065002441412
33.18487394957983,0.008403361344537815,207.86343383789062,196.93931579589844,17.70135498046875,16.896026611328097
33.19327731092437,0.008403361344537815,207.84520721435547,196.92794036865234,17.648880004882812,16.915664672851562
33.20168067226891,0.008403361344537815,207.86481475830078,196.88603973388675,17.719833374023466,16.84922790527338
33.21008403361345,0.008403361344537815,207.8734130859375,196.89241790771484,17.700439453124943,16.875198364257756
33.21848739495798,0.008403361344537815,207.79937744140625,196.89847564697266,17.643463134765597,17.05995178222662
33.226890756302524,0.008403361344537815,207.8144302368164,196.90064239501953,17.58061218261716,17.079147338867188
33.23529411764706,0.008403361344537815,207.8194351196289,196.87303161621094,17.66340637207037,16.895172119140597
33.2436974789916,0.008403361344537815,207.8478775024414,196.91320037841797,17.73973083496091,16.987991333007812
33.252100840336134,0.008403361344537815,207.7979736328125,196.89476776123047,17.723480224609347,17.080001831054716
33.260504201680675,0.008403361344537815,207.8353042602539,196.89976501464844,17.640914916992188,16.929168701171875
33.26890756302521,0.008403361344537815,207.7328643798828,196.86643981933594,17.53100585937503,16.99035644531253
33.27731092436975,0.008403361344537815,207.748291015625,196.9094467163086,17.671661376953153,17.07850646972659
33.285714285714285,0.008403361344537815,207.85008239746094,196.91185760498047,17.675628662109375,16.886734008789062
33.294117647058826,0.008403361344537815,207.81397247314453,196.89381408691406,17.713333129882756,17.02929687500003
33.30252100840336,0.008403361344537815,207.80806732177734,196.8624038696289,17.70924377441409,16.981704711914062
33.3109243697479,0.008403361344537815,207.75226593017578,196.8941192626953,17.633407592773466,17.0721435546875
33.319327731092436,0.008403361344537815,207.82664489746094,196.9126205444336,17.630920410156307,16.926437377929716
33.32773109243698,0.008403361344537815,207.8270721435547,196.90946197509766,17.590850830078153,16.89741516113284
33.33613445378151,0.008403361344537815,207.78050994873047,196.91455841064453,17.597640991210966,16.962478637695312
33.34453781512605,0.008403361344537815,207.79820251464844,196.9098358154297,17.683197021484403,16.890045166015625
33.35294117647059,0.008403361344537815,207.80321502685547,196.9450225830078,17.617935180664148,16.900299072265625
33.36134453781513,0.008403361344537815,207.74429321289062,196.9089126586914,17.691436767578125,17.05067443847662
33.36974789915966,0.008403361344537815,207.77307891845703,196.91153717041016,17.61439514160159,16.948165893554716
33.378151260504204,0.008403361344537815,207.79100036621097,196.92103576660156,17.624816894531193,16.925292968750057
33.38655462184874,0.008403361344537815,207.71910095214844,196.85607147216797,17.59838867187503,17.146011352539062
33.39495798319328,0.008403361344537815,207.7687530517578,196.89031982421872,17.64923095703125,16.977325439453125
33.403361344537814,0.008403361344537815,207.7472686767578,196.921630859375,17.63690185546878,17.015228271484403
33.411764705882355,0.008403361344537815,207.7752227783203,196.8635025024414,17.683380126953068,16.94139099121091
33.42016806722689,0.008403361344537815,207.79626464843753,196.88746643066406,17.68341064453125,16.948211669921932
33.42857142857143,0.008403361344537815,207.7517852783203,196.95160675048828,17.63281249999997,17.046859741210966
33.436974789915965,0.008403361344537815,207.7132110595703,196.95304107666016,17.61126708984372,17.053237915039034
33.445378151260506,0.008403361344537815,207.70435333251956,196.9621353149414,17.630783081054688,17.057266235351534
33.45378151260504,0.008403361344537815,207.7494354248047,196.99623107910156,17.578796386718835,17.11779785156253
33.46218487394958,0.008403361344537815,207.78874969482422,196.9151611328125,17.65626525878909,16.934600830078097
33.470588235294116,0.008403361344537815,207.8068389892578,196.9482879638672,17.51660156249997,17.033843994140625
33.47899159663866,0.008403361344537815,207.78388214111325,196.94994354248047,17.610610961914062,16.96748352050787
33.48739495798319,0.008403361344537815,207.7876205444336,196.88111877441406,17.69035339355463,16.971710205078153
33.49579831932773,0.008403361344537815,207.7221908569336,196.82852935791016,17.65861511230466,17.006423950195284
33.50420168067227,0.008403361344537815,207.74889373779297,196.87874603271484,17.63578796386716,17.02818298339841
33.51260504201681,0.008403361344537815,207.77191925048828,196.88931274414062,17.663223266601534,16.95120239257804
33.52100840336134,0.008403361344537815,207.7452850341797,196.89633178710938,17.687347412109375,16.95404052734372
33.529411764705884,0.008403361344537815,207.7950668334961,196.92603302001953,17.626876831054716,17.015304565429716
33.53781512605042,0.008403361344537815,207.75630950927734,196.8869857788086,17.666275024414062,16.930618286132784
33.54621848739496,0.008403361344537815,207.74586486816406,196.97045135498047,17.611175537109347,17.042831420898438
33.554621848739494,0.008403361344537815,207.7856674194336,196.90813446044922,17.642227172851534,16.941146850585938
33.563025210084035,0.008403361344537815,207.75354766845703,196.91502380371094,17.64140319824213,16.921752929687557
33.57142857142857,0.008403361344537815,207.74826049804688,196.92969512939453,17.659454345703153,16.94834899902341
33.57983193277311,0.008403361344537815,207.68949127197266,196.99361419677734,17.606491088867273,17.056076049804688
33.588235294117645,0.008403361344537815,207.72163391113284,196.9552459716797,17.6505126953125,17.07711791992179
33.596638655462186,0.008403361344537815,207.7243423461914,197.00284576416016,17.565353393554716,17.07533264160159
33.60504201680672,0.008403361344537815,207.7055130004883,197.0200424194336,17.635879516601562,17.039993286132812
33.61344537815126,0.008403361344537815,207.71632385253906,197.0048599243164,17.625518798828153,17.096023559570312
33.621848739495796,0.008403361344537815,207.68580627441406,196.9595489501953,17.63006591796878,17.034027099609347
33.63025210084034,0.008403361344537815,207.70648193359375,196.90917205810547,17.6861572265625,16.987686157226506
33.63865546218487,0.008403361344537815,207.69774627685547,196.97571563720703,17.648025512695284,17.032333374023438
33.64705882352941,0.008403361344537815,207.7169647216797,196.98250579833984,17.614044189453097,17.069320678710938
33.65546218487395,0.008403361344537815,207.68215179443357,196.93724060058594,17.659439086914006,16.974456787109375
33.66386554621849,0.008403361344537815,207.68600463867188,197.01566314697266,17.64978027343747,17.07417297363287
33.67226890756302,0.008403361344537815,207.69089508056643,196.97555541992188,17.611679077148438,17.120391845703097
33.680672268907564,0.008403361344537815,207.70980072021484,197.01190948486328,17.601516723632812,17.085861206054688
33.6890756302521,0.008403361344537815,207.69422912597656,196.99356842041016,17.61053466796878,17.07661437988284
33.705882352941174,0.008403361344537815,207.6717529296875,196.9752197265625,17.655853271484403,17.03924560546875
33.714285714285715,0.008403361344537815,207.6735610961914,196.94782257080078,17.659133911132784,17.042892456054688
33.72268907563025,0.008403361344537815,207.7166976928711,196.931884765625,17.62358093261713,16.996551513671847
33.73109243697479,0.008403361344537815,207.68324279785156,196.91541290283203,17.73712158203125,17.021469116210966
33.739495798319325,0.008403361344537815,207.69024658203125,196.9679412841797,17.6231689453125,17.09777832031253
33.747899159663866,0.008403361344537815,207.68255615234372,196.9930191040039,17.613677978515625,17.10014343261716
33.7563025210084,0.008403361344537815,207.6565704345703,196.9021224975586,17.716400146484375,16.987045288085938
33.76470588235294,0.008403361344537815,207.67681121826172,196.9334945678711,17.738021850585938,16.96669006347659
33.773109243697476,0.008403361344537815,207.6602020263672,196.97278594970703,17.616546630859347,17.122604370117188
33.78151260504202,0.008403361344537815,207.67928314208984,196.97440338134766,17.640762329101562,17.110580444335966
33.78991596638655,0.008403361344537815,207.65921020507812,196.93264770507812,17.662322998046903,17.076202392578125
33.79831932773109,0.008403361344537815,207.66699981689453,196.90313720703125,17.658920288085938,17.06536865234372
33.80672268907563,0.008403361344537815,207.70616912841797,196.99625396728516,17.637161254882727,17.05528259277341
33.81512605042017,0.008403361344537815,207.67595672607422,196.89337158203125,17.675796508789062,17.03668212890622
33.8235294117647,0.008403361344537815,207.69539642333984,197.00041961669922,17.577774047851506,17.137710571289006
33.831932773109244,0.008403361344537815,207.7170867919922,197.04479217529297,17.535064697265597,17.151657104492216
33.84033613445378,0.008403361344537815,207.7082977294922,196.9435272216797,17.66180419921878,17.014190673828153
33.84873949579832,0.008403361344537815,207.68596649169922,196.9909439086914,17.586807250976534,17.090591430664062
33.857142857142854,0.008403361344537815,207.69646453857422,196.9759063720703,17.588211059570256,17.069793701171875
33.865546218487395,0.008403361344537815,207.70199584960938,196.99153137207034,17.581634521484347,17.068359375
33.87394957983193,0.008403361344537815,207.72179412841797,197.00980377197266,17.597488403320312,17.153579711913977
33.88235294117647,0.008403361344537815,207.69358062744143,196.9375,17.50602722167963,17.09832763671875
33.890756302521005,0.008403361344537815,207.6893539428711,196.96054077148438,17.584671020507812,17.12927246093753
33.89915966386555,0.008403361344537815,207.73246002197266,196.99203491210938,17.521743774414034,17.16143798828128
33.90756302521008,0.008403361344537815,207.70830535888672,197.00566864013672,17.56547546386716,17.089675903320256
33.91596638655462,0.008403361344537815,207.69952392578125,196.9858627319336,17.57531738281247,17.130294799804688
33.924369747899156,0.008403361344537815,207.69203186035156,196.96240997314453,17.61590576171878,17.12556457519534
33.9327731092437,0.008403361344537815,207.67994689941406,196.97596740722656,17.548492431640597,17.161987304687557
33.94117647058823,0.008403361344537815,207.6928253173828,196.96707153320312,17.608489990234403,17.114959716796818
33.94957983193277,0.008403361344537815,207.6790771484375,196.97168731689453,17.606201171875,17.125930786132812
33.95798319327731,0.008403361344537815,207.67181396484375,196.98260498046875,17.602142333984318,17.084442138671903
33.96638655462185,0.008403361344537815,207.68843841552734,197.00151824951172,17.577072143554744,17.089126586914034
33.97478991596638,0.008403361344537815,207.6833724975586,196.97447967529297,17.583969116210994,17.13752746582037
33.983193277310924,0.008403361344537815,207.7592315673828,196.9341278076172,17.630828857421875,17.006195068359403
33.99159663865546,0.008403361344537815,207.6715087890625,196.97918701171875,17.622100830078068,17.08016967773446
34.0,0.008403361344537815,207.6548767089844,196.9449234008789,17.61614990234375,17.02790832519537
34.00840336134454,0.008403361344537815,207.7118225097656,196.93498992919922,17.6397705078125,17.085739135742216
34.016806722689076,0.008403361344537815,207.73590087890625,197.00458526611328,17.533386230468693,17.086410522460966
34.02521008403362,0.008403361344537815,207.71693420410156,196.98367309570312,17.553314208984347,17.039031982421875
34.03361344537815,0.008403361344537815,207.68030548095706,196.9150390625,17.654800415039062,17.062103271484375
34.05042016806723,0.008403361344537815,207.70291900634766,196.9422378540039,17.627243041992216,17.02482604980463
34.05882352941177,0.008403361344537815,207.71182250976562,196.91360473632812,17.61950683593753,17.076507568359347
34.0672268907563,0.008403361344537815,207.70642852783203,196.94448852539062,17.655990600585966,17.05358886718747
34.075630252100844,0.008403361344537815,207.72889709472656,196.99373626708984,17.583984375,17.182449340820312
34.08403361344538,0.008403361344537815,207.68666076660156,196.93992614746094,17.59490966796878,17.07147216796872
34.09243697478992,0.008403361344537815,207.7586669921875,196.9240493774414,17.624603271484347,17.08454895019534
34.10084033613445,0.008403361344537815,207.71675872802734,196.92891693115234,17.678756713867188,17.03684997558591
34.109243697478995,0.008403361344537815,207.77179718017578,196.97046661376953,17.492507934570312,17.030319213867188
34.11764705882353,0.008403361344537815,207.77045440673828,196.95233917236328,17.590835571289034,17.01216125488284
34.12605042016807,0.008403361344537815,207.7331771850586,196.92168426513672,17.687301635742216,17.043655395507812
34.134453781512605,0.008403361344537815,207.7662811279297,196.96234893798828,17.600738525390568,16.985336303710938
34.142857142857146,0.008403361344537815,207.78880310058594,196.95144653320312,17.58038330078128,16.956695556640625
34.15126050420168,0.008403361344537815,207.7674331665039,196.9662628173828,17.585159301757756,16.995391845703125
34.15966386554622,0.008403361344537815,207.76422882080078,197.02464294433594,17.54377746582034,17.011810302734403
34.168067226890756,0.008403361344537815,207.83824157714844,196.96002960205078,17.628875732421875,16.95018005371091
34.1764705882353,0.008403361344537815,207.85826110839844,196.95450592041016,17.651397705078097,16.915298461914034
34.18487394957983,0.008403361344537815,207.80332946777344,196.94872283935547,17.646636962890597,16.89772033691409
34.19327731092437,0.008403361344537815,207.7998504638672,196.96270751953125,17.586456298828153,16.9921875
34.21008403361345,0.008403361344537815,207.80209350585938,196.97003173828125,17.65435791015628,16.96441650390628
34.23529411764706,0.008403361344537815,207.81421661376953,196.96060943603516,17.58476257324213,16.91371154785159
34.2436974789916,0.008403361344537815,207.8234329223633,196.9117431640625,17.561965942382756,16.93112182617196
34.252100840336134,0.008403361344537815,207.81688690185547,196.97527313232422,17.572616577148438,17.006484985351562
34.260504201680675,0.008403361344537815,207.79129791259766,196.9935760498047,17.582504272460966,16.995208740234375
34.26890756302521,0.008403361344537815,207.80978393554688,196.96599578857422,17.547637939453153,17.061599731445284
34.27731092436975,0.008403361344537815,207.83264923095703,196.92144012451172,17.54710388183588,16.97523498535159
34.285714285714285,0.008403361344537815,207.8595962524414,196.96511840820312,17.583145141601534,17.010162353515682
34.294117647058826,0.008403361344537815,207.8709487915039,196.9313735961914,17.65571594238284,16.933822631835994
34.30252100840336,0.008403361344537815,207.82772064208984,196.96601104736328,17.598464965820284,17.047134399414034
34.3109243697479,0.008403361344537815,207.8138885498047,196.96118927001953,17.514801025390625,17.067001342773466
34.319327731092436,0.008403361344537815,207.81956481933594,196.98145294189453,17.542724609375,17.053848266601562
34.32773109243698,0.008403361344537815,207.84890747070312,196.93762969970703,17.647857666015625,16.949844360351562
34.33613445378151,0.008403361344537815,207.8017807006836,196.9745864868164,17.57698059082034,16.993576049804716
34.34453781512605,0.008403361344537815,207.88303375244138,196.9562225341797,17.629928588867244,16.92626953124997
34.35294117647059,0.008403361344537815,207.85506439208984,196.94241333007812,17.62745666503909,16.977020263671903
34.36134453781513,0.008403361344537815,207.86251068115234,196.9885711669922,17.591384887695398,16.968841552734347
34.36974789915966,0.008403361344537815,207.87869262695312,196.93596649169922,17.64245605468747,16.92158508300784
34.378151260504204,0.008403361344537815,207.8810577392578,196.97863006591797,17.619537353515625,16.934280395507812
34.38655462184874,0.008403361344537815,207.8531723022461,196.97610473632812,17.657546997070312,16.89715576171875
34.39495798319328,0.008403361344537815,207.85400390625,196.95879364013672,17.63482666015622,16.873184204101562
34.403361344537814,0.008403361344537815,207.75994110107422,196.96949768066406,17.54310607910159,17.0751953125
34.411764705882355,0.008403361344537815,207.80091857910156,196.95211791992188,17.54602050781247,16.95532226562503
34.42016806722689,0.008403361344537815,207.81600189208984,196.93966674804688,17.68388366699216,17.08557128906247
34.42857142857143,0.008403361344537815,207.853759765625,196.92863464355466,17.665771484374943,16.9228515625
34.436974789915965,0.008403361344537815,207.8054428100586,196.9131088256836,17.61488342285162,16.92814636230466
34.445378151260506,0.008403361344537815,207.86676788330078,196.955810546875,17.65370178222659,16.99853515624997
34.45378151260504,0.008403361344537815,207.83707427978516,196.97262573242188,17.610610961914034,16.97900390625003
34.46218487394958,0.008403361344537815,207.75293731689453,196.97586822509766,17.548507690429716,17.01106262207037
34.470588235294116,0.008403361344537815,207.84861755371094,196.95630645751953,17.626922607421875,16.939163208007812
34.47899159663866,0.008403361344537815,207.8457260131836,196.97028350830078,17.654434204101506,16.907150268554688
34.48739495798319,0.008403361344537815,207.8863525390625,196.9325942993164,17.502960205078153,17.025497436523438
34.49579831932773,0.008403361344537815,207.8547821044922,196.95486450195312,17.53930664062503,16.999908447265625
34.50420168067227,0.008403361344537815,207.8455505371094,196.9501953125,17.616363525390625,16.971038818359347
34.51260504201681,0.008403361344537815,207.7992172241211,196.9920654296875,17.536270141601562,17.057525634765682
34.52100840336134,0.008403361344537815,207.90741729736328,196.9298324584961,17.657180786132784,16.962997436523466
34.529411764705884,0.008403361344537815,207.8970718383789,196.92110443115234,17.64527893066409,16.978775024414034
34.53781512605042,0.008403361344537815,207.83722686767578,196.9477081298828,17.62971496582034,16.986114501953097
34.54621848739496,0.008403361344537815,207.88560485839844,196.94705963134766,17.6375732421875,16.914291381835966
34.554621848739494,0.008403361344537815,207.8538818359375,196.99514770507812,17.655853271484403,16.922576904296875
34.563025210084035,0.008403361344537815,207.84981536865234,196.95305633544922,17.63639831542966,16.894149780273438
34.57142857142857,0.008403361344537815,207.8872528076172,196.95196533203125,17.674896240234403,16.928955078125
34.57983193277311,0.008403361344537815,207.8821563720703,196.94359588623047,17.66082763671878,16.874588012695312
34.588235294117645,0.008403361344537815,207.85189819335938,196.93993377685547,17.57318115234372,16.982772827148438
34.596638655462186,0.008403361344537815,207.8738250732422,196.9332275390625,17.613861083984403,16.985504150390625
34.60504201680672,0.008403361344537815,207.9201889038086,196.9634552001953,17.70109558105466,16.910888671874943
34.61344537815126,0.008403361344537815,207.84024810791016,196.91439056396484,17.606277465820312,16.915054321289148
34.621848739495796,0.008403361344537815,207.87863159179688,196.9415283203125,17.624176025390625,16.94665527343753
34.63025210084034,0.008403361344537815,207.81915283203125,196.89686584472656,17.67938232421872,16.91748046875
34.63865546218487,0.008403361344537815,207.79883575439453,196.9059143066406,17.624954223632784,17.055969238281307
34.64705882352941,0.008403361344537815,207.88084411621094,196.9029769897461,17.6583251953125,16.931411743163977
34.65546218487395,0.008403361344537815,207.88407135009766,196.93094635009766,17.720779418945284,16.90284729003909
34.66386554621849,0.008403361344537815,207.78975677490234,196.86392974853516,17.680191040039062,16.995315551757898
34.67226890756302,0.008403361344537815,207.80066680908203,196.90151977539062,17.622879028320256,17.06451416015625
34.680672268907564,0.008403361344537815,207.83917999267578,196.9117279052734,17.66304016113284,17.11773681640625
34.6890756302521,0.008403361344537815,207.815299987793,196.88247680664062,17.656875610351562,17.076385498046847
34.69747899159664,0.008403361344537815,207.87257385253906,196.8753204345703,17.716156005859403,16.88262939453125
34.705882352941174,0.008403361344537815,207.83200073242188,196.92182159423828,17.671173095703097,17.08570861816409
34.714285714285715,0.008403361344537815,207.8625717163086,196.92430877685547,17.70079040527338,17.03590393066409
34.72268907563025,0.008403361344537815,207.82717895507812,196.87472534179688,17.717742919921847,17.00347900390625
34.73109243697479,0.008403361344537815,207.85616302490234,196.9024658203125,17.713516235351562,16.96429443359372
34.739495798319325,0.008403361344537815,207.81587982177734,196.92276763916016,17.64353942871088,17.07603454589841
34.747899159663866,0.008403361344537815,207.8248062133789,196.8591766357422,17.736862182617244,17.00714111328128
34.7563025210084,0.008403361344537815,207.80361938476562,196.89116668701172,17.644500732421875,17.062210083007756
34.76470588235294,0.008403361344537815,207.88054656982422,196.8572769165039,17.69831848144534,16.95402526855466
34.773109243697476,0.008403361344537815,207.8014373779297,196.87364959716797,17.66998291015628,17.11323547363287
34.78151260504202,0.008403361344537815,207.81946563720703,196.90237426757812,17.671218872070284,17.055267333984318
34.78991596638655,0.008403361344537815,207.83626556396487,196.89459991455078,17.700241088867188,16.931106567382784
34.79831932773109,0.008403361344537815,207.83729553222656,196.86941528320312,17.74566650390625,16.963500976562557
34.80672268907563,0.008403361344537815,207.80464935302734,196.91753387451172,17.65541076660162,17.068984985351534
34.81512605042017,0.008403361344537815,207.77587127685547,196.88510894775393,17.639755249023466,17.092727661132756
34.8235294117647,0.008403361344537815,207.80597686767578,196.91775512695312,17.656570434570284,17.071258544921875
34.831932773109244,0.008403361344537815,207.8045196533203,196.87067413330078,17.687469482421903,16.980880737304716
34.84033613445378,0.008403361344537815,207.84882354736328,196.90894317626953,17.66365051269534,17.038131713867216
34.84873949579832,0.008403361344537815,207.82763671875,196.90686798095703,17.635345458984375,17.056655883789034
34.857142857142854,0.008403361344537815,207.87374114990234,196.8998031616211,17.66215515136716,16.97651672363287
34.87394957983193,0.008403361344537815,207.89047241210938,196.99590301513672,17.610687255859347,16.917861938476562
34.88235294117647,0.008403361344537815,207.86512756347656,196.93242645263672,17.658508300781193,16.897293090820312
34.890756302521005,0.008403361344537815,207.8437957763672,196.9294891357422,17.630523681640597,17.122833251953125
34.89915966386555,0.008403361344537815,207.87859344482422,196.88739776611328,17.673812866210938,16.923385620117188
34.90756302521008,0.008403361344537815,207.89019775390625,196.89221954345703,17.66949462890628,16.972702026367216
34.91596638655462,0.008403361344537815,207.9527587890625,196.96014404296875,17.653961181640653,16.9271240234375
34.924369747899156,0.008403361344537815,207.91551971435547,196.9381103515625,17.61412048339841,16.99658203125003
34.9327731092437,0.008403361344537815,207.8844223022461,196.9508514404297,17.59431457519534,17.011871337890597
34.94117647058823,0.008403361344537815,207.8351593017578,196.95110321044922,17.617065429687585,16.929885864257812
34.94957983193277,0.008403361344537815,207.81369018554688,196.8996353149414,17.676879882812443,17.05982971191409
34.95798319327731,0.008403361344537815,207.85812377929688,196.91986083984375,17.638763427734403,16.94854736328128
34.96638655462185,0.008403361344537815,207.80223846435547,196.8983154296875,17.660751342773438,17.07116699218747
34.97478991596638,0.008403361344537815,207.90647888183594,196.95818328857422,17.59442138671878,16.97035217285159
34.983193277310924,0.008403361344537815,207.83128356933597,196.950439453125,17.609771728515625,16.979980468749943
34.99159663865546,0.008403361344537815,207.82999420166016,196.97003173828125,17.606857299804716,17.007232666015625
35.0,0.008403361344537815,207.7832946777344,196.98285675048828,17.56549072265625,16.999710083007784
35.00840336134454,0.008403361344537815,207.8083267211914,196.91314697265625,17.632705688476562,16.96893310546875
35.016806722689076,0.008403361344537815,207.76306915283203,196.94766998291016,17.646377563476562,17.046646118164062
35.02521008403362,0.008403361344537815,207.75686645507815,196.91341400146484,17.62469482421875,17.066238403320284
35.03361344537815,0.008403361344537815,207.7521286010742,196.90979766845703,17.540603637695312,17.154098510742216
35.04201680672269,0.008403361344537815,207.83895111083984,196.9649429321289,17.60987854003909,16.90815734863287
35.05042016806723,0.008403361344537815,207.76644897460938,196.92811584472656,17.6827392578125,17.07458496093753
35.05882352941177,0.008403361344537815,207.79821014404294,196.9459457397461,17.619613647460938,17.063522338867216
35.0672268907563,0.008403361344537815,207.87520599365234,196.95337677001953,17.614395141601534,16.920700073242216
35.075630252100844,0.008403361344537815,207.84825897216797,196.9418716430664,17.61079406738284,17.060440063476534
35.08403361344538,0.008403361344537815,207.82720947265625,196.92677307128906,17.67425537109378,16.87609863281247
35.09243697478992,0.008403361344537815,207.84445190429688,196.94371795654297,17.60302734375003,17.00593566894534
35.10084033613445,0.008403361344537815,207.86036682128906,196.9552993774414,17.656768798828125,16.87443542480466
35.109243697478995,0.008403361344537815,207.827880859375,196.93988800048828,17.67517089843753,16.858993530273438
35.11764705882353,0.008403361344537815,207.8262710571289,196.9223861694336,17.650161743164062,17.10340881347659
35.12605042016807,0.008403361344537815,207.803466796875,196.92991638183594,17.670684814453097,17.064483642578097
35.134453781512605,0.008403361344537815,207.88191986083984,196.95669555664062,17.64997863769534,16.897979736328153
35.142857142857146,0.008403361344537815,207.86968231201172,196.95914459228516,17.65348815917966,16.901718139648466
35.15126050420168,0.008403361344537815,207.84545135498047,196.9209442138672,17.652664184570284,16.8804931640625
35.15966386554622,0.008403361344537815,207.90615844726562,196.97340393066406,17.61779785156247,16.88580322265628
35.168067226890756,0.008403361344537815,207.8191375732422,196.92697143554688,17.662322998046903,16.89190673828125
35.1764705882353,0.008403361344537815,207.8141098022461,196.9068603515625,17.66477966308591,17.07696533203125
35.18487394957983,0.008403361344537815,207.81527709960938,196.9158706665039,17.645690917968807,17.098770141601534
35.19327731092437,0.008403361344537815,207.84064483642578,196.91252899169922,17.631240844726562,17.09983825683588
35.20168067226891,0.008403361344537815,207.8306121826172,196.93984985351562,17.67559814453122,16.985748291015568
35.21008403361345,0.008403361344537815,207.87220001220703,196.92339324951172,17.725479125976534,16.991134643554688
35.21848739495798,0.008403361344537815,207.79686737060547,196.8849792480469,17.68040466308591,17.10565185546875
35.226890756302524,0.008403361344537815,207.84809112548828,196.88431549072266,17.608749389648438,17.017105102539034
35.23529411764706,0.008403361344537815,207.86255645751953,196.8886947631836,17.712783813476534,16.913864135742216
35.2436974789916,0.008403361344537815,207.82819366455078,196.91712188720703,17.640609741210994,17.106582641601562
35.252100840336134,0.008403361344537815,207.8293685913086,196.88578033447266,17.72850036621091,17.039230346679716
35.260504201680675,0.008403361344537815,207.84766387939453,196.94454956054688,17.698165893554688,16.99645996093753
35.26890756302521,0.008403361344537815,207.7423553466797,196.9026870727539,17.607269287109403,17.10551452636716
35.27731092436975,0.008403361344537815,207.82449340820315,196.9346466064453,17.66571044921875,16.871002197265568
35.285714285714285,0.008403361344537815,207.83843231201172,196.90727996826172,17.699264526367188,16.858261108398466
35.294117647058826,0.008403361344537815,207.76790618896482,196.9140853881836,17.68281555175787,17.075057983398466
35.30252100840336,0.008403361344537815,207.77255249023438,196.95869445800778,17.667236328125,17.045257568359432
35.3109243697479,0.008403361344537815,207.8606948852539,196.89704132080075,17.65876770019537,17.02467346191412
35.319327731092436,0.008403361344537815,207.75889587402344,196.99201202392578,17.61767578125,16.96601867675787
35.32773109243698,0.008403361344537815,207.79498291015625,196.92461395263672,17.554229736328153,17.03111267089841
35.33613445378151,0.008403361344537815,207.78909301757812,196.92791748046875,17.62103271484372,17.004547119140625
35.34453781512605,0.008403361344537815,207.7775421142578,197.02073669433594,17.591766357421818,16.99591064453128
35.35294117647059,0.008403361344537815,207.79849243164062,196.95838928222656,17.5513916015625,16.954803466796847
35.36134453781513,0.008403361344537815,207.75042724609378,197.0138397216797,17.565582275390625,16.982116699218835
35.36974789915966,0.008403361344537815,207.7439422607422,196.8576202392578,17.588714599609318,17.01544189453125
35.378151260504204,0.008403361344537815,207.72098541259766,196.90907287597656,17.64982604980463,17.010345458984403
35.38655462184874,0.008403361344537815,207.75955200195312,196.91751098632812,17.6177978515625,16.965545654296875
35.39495798319328,0.008403361344537815,207.7400894165039,196.8984375,17.61811828613284,16.972076416015625
35.403361344537814,0.008403361344537815,207.66175079345703,196.90187072753906,17.566268920898438,17.01086425781247
35.411764705882355,0.008403361344537815,207.66860961914062,196.8866424560547,17.664764404296875,16.96777343750003
35.42016806722689,0.008403361344537815,207.64932250976562,196.8936309814453,17.530548095703125,17.122222900390568
35.42857142857143,0.008403361344537815,207.62042236328125,196.9073028564453,17.608306884765653,17.02905273437503
35.436974789915965,0.008403361344537815,207.68267822265625,196.91240692138672,17.58984375,17.013839721679716
35.445378151260506,0.008403361344537815,207.65363311767578,196.90882873535153,17.57777404785159,17.111724853515625
35.45378151260504,0.008403361344537815,207.57117462158203,196.92926788330078,17.521377563476534,17.039474487304688
35.46218487394958,0.008403361344537815,207.5816879272461,196.92060089111328,17.57423400878909,17.00563049316412
35.470588235294116,0.008403361344537815,207.58960723876953,196.9234848022461,17.54664611816412,17.055496215820312
35.47899159663866,0.008403361344537815,207.52288818359375,196.8812561035156,17.474761962890625,17.175140380859432
35.48739495798319,0.008403361344537815,207.59689331054688,196.95529174804688,17.542633056640568,17.07891845703122
35.49579831932773,0.008403361344537815,207.5337982177734,196.8810577392578,17.532623291015625,16.999481201171875
35.50420168067227,0.008403361344537815,207.5248031616211,196.83623504638672,17.484939575195256,17.07252502441412
35.51260504201681,0.008403361344537815,207.54737091064453,196.88634490966797,17.539291381835966,17.030776977539062
35.529411764705884,0.008403361344537815,207.51506805419922,196.87429809570312,17.40190124511716,17.026458740234375
35.53781512605042,0.008403361344537815,207.4979248046875,196.83202362060547,17.39172363281247,17.055648803710938
35.54621848739496,0.008403361344537815,207.53668975830078,196.82579040527344,17.414169311523494,17.000396728515625
35.554621848739494,0.008403361344537815,207.51712799072266,196.86186218261722,17.37608337402341,17.067535400390568
35.563025210084035,0.008403361344537815,207.50948333740234,196.8515396118164,17.361648559570284,17.095596313476534
35.57142857142857,0.008403361344537815,207.45757293701172,196.84681701660156,17.401809692382784,17.131256103515625
35.57983193277311,0.008403361344537815,207.46143341064453,196.91948699951172,17.422256469726534,17.155349731445284
35.588235294117645,0.008403361344537815,207.51818084716797,196.8640594482422,17.367996215820284,17.08880615234375
35.596638655462186,0.008403361344537815,207.52435302734375,196.91171264648438,17.3963623046875,17.015228271484347
35.60504201680672,0.008403361344537815,207.52467346191406,196.90454864501953,17.40460205078125,17.05815124511716
35.61344537815126,0.008403361344537815,207.4958038330078,196.8771743774414,17.387420654296875,17.093673706054688
35.621848739495796,0.008403361344537815,207.41940307617188,196.90886688232422,17.454711914062443,17.084121704101534
35.63025210084034,0.008403361344537815,207.4084014892578,196.88438415527344,17.54840087890628,17.124908447265625
35.63865546218487,0.008403361344537815,207.40813446044922,196.92841339111328,17.65278625488284,17.042312622070284
35.64705882352941,0.008403361344537815,207.2485122680664,196.89862823486328,17.665603637695284,16.973800659179688
